province,make,model,model_year,condition,vehicles,price_p10,price_p25,price_median,price_p75,price_p90,price_mean,mileage_median,days_on_market_median
AB,Acura,ADX,2025,New,16,49000,50516,51990,52630,52930,51431,20,58
AB,Acura,ADX,2025,Used,23,41599,42448,43995,46448,49931,44612,10129,40
AB,Acura,ADX,2026,New,213,48525,52990,54575,57990,58230,54913,14,55
AB,Acura,Integra,2026,New,36,44670,46490,50285,51149,61945,50894,12,59
AB,Acura,MDX,2016,Used,11,15998,17448,18988,21450,21999,19237,168145,18
AB,Acura,MDX,2017,Used,12,18136,18791,21494,25891,26789,22678,155547,30
AB,Acura,MDX,2019,Used,10,21966,23100,28492,30748,32990,27547,142126,24
AB,Acura,MDX,2020,Used,11,27995,28948,34998,36494,41708,33920,113642,37
AB,Acura,MDX,2022,Used,13,37596,43598,45907,46995,47998,44782,84658,24
AB,Acura,MDX,2023,Used,18,46855,48999,50245,54371,59926,51768,72980,58
AB,Acura,MDX,2024,Used,22,47388,49995,51995,53990,58858,53061,52713,55
AB,Acura,MDX,2025,Used,31,57782,58642,59495,60692,64499,59972,30839,59
AB,Acura,MDX,2026,New,190,73005,76490,77538,82688,83538,79461,12,24
AB,Acura,RDX,2019,Used,15,26683,28438,31760,32800,34952,30778,106781,24
AB,Acura,RDX,2021,Used,11,32985,33244,35689,36342,40499,35702,92160,36
AB,Acura,RDX,2023,Used,14,40500,41990,43496,44998,45866,43115,61078,36
AB,Acura,RDX,2024,Used,39,42868,45700,47500,49752,52098,47215,39259,40
AB,Acura,RDX,2025,Used,24,51154,51990,52997,53620,54866,52989,26402,33
AB,Acura,RDX,2026,New,24,62213,63478,67075,68790,68790,66070,16,59
AB,Alfa Romeo,Stelvio,2026,New,23,69790,72290,73290,73290,74040,72599,18,55
AB,Alfa Romeo,Tonale,2026,New,13,61130,61930,62840,63030,63430,62541,14,55
AB,Audi,A3,2026,New,10,53261,55282,61653,62746,63360,59645,27,58
AB,Audi,A3,2026,Used,11,35988,36344,36909,40354,49990,40454,14527,43
AB,Audi,A5,2025,Used,17,48660,51400,54988,57250,63175,55761,8146,58
AB,Audi,A5,2026,New,21,69079,73329,75919,77645,77945,74723,90,58
AB,Audi,A6,2026,New,20,87646,93522,103454,105254,105644,99257,90,58
AB,Audi,Q3,2022,Used,15,26383,26908,28500,30984,34044,29587,83888,31
AB,Audi,Q3,2025,Used,26,36055,37648,38786,41528,43996,39800,29560,24
AB,Audi,Q3,2026,New,138,59057,62149,65800,86265,86265,70380,90,39
AB,Audi,Q5,2018,Used,13,17300,18995,19999,21907,23620,20692,133895,24
AB,Audi,Q5,2022,Used,11,27907,29605,32800,33492,34707,31745,93941,40
AB,Audi,Q5,2023,Used,24,29621,34882,38248,41827,43959,38288,60846,18
AB,Audi,Q5,2024,Used,13,34098,36980,47997,49999,54388,44438,52166,24
AB,Audi,Q5,2025,Used,86,51894,53987,56945,61787,64925,57866,8932,55
AB,Audi,Q5,2026,New,207,69830,74664,78546,80846,86265,77942,90,58
AB,Audi,Q5 Sportback,2026,New,48,76538,79396,80549,81533,86265,80575,90,58
AB,Audi,Q6 e-tron,2027,New,10,93312,95382,104256,104384,104841,100196,90,58
AB,Audi,Q7,2018,Used,10,20409,22540,24950,29346,36854,29521,127988,20
AB,Audi,Q7,2022,Used,12,31967,36623,40951,47641,52681,41783,69414,38
AB,Audi,Q7,2026,New,84,95779,97391,102718,107962,112890,103125,33,58
AB,Audi,Q7,2026,Used,19,60786,63494,82495,84948,86925,76118,13600,24
AB,Audi,Q8,2026,New,13,105381,113707,118739,126539,128171,118636,90,58
AB,Audi,RS,2026,New,10,191302,193166,195185,199863,210595,198275,26,48
AB,Audi,RS3,2026,New,16,86265,87732,90906,93107,93990,90418,90,58
AB,Audi,S5,2025,Used,10,63089,66612,70850,74241,78556,70508,6972,52
AB,Audi,S5,2026,New,25,81458,85877,86265,90251,91861,86857,30,58
AB,Audi,SQ5,2025,Used,13,73001,73591,74799,79400,84609,76719,6490,40
AB,Audi,SQ5,2026,New,89,83779,86265,91196,93746,94648,90063,90,39
AB,Audi,SQ7,2026,New,45,133363,135314,140054,143114,145162,140041,90,58
AB,BMW,2 Series,2026,New,15,53909,54485,54485,57059,71191,58903,90,42
AB,BMW,3 Series,2018,Used,12,14198,17122,19996,22466,23879,20058,147722,38
AB,BMW,3 Series,2020,Used,10,27696,28474,32204,45715,48188,36495,101406,12
AB,BMW,3 Series,2026,New,38,72341,74648,78928,93434,97644,82863,44,55
AB,BMW,3 Series,2026,Used,18,68097,72282,73120,75208,79910,73284,4026,58
AB,BMW,4 Series,2026,New,22,75555,76533,81778,96758,100188,86130,90,32
AB,BMW,4 Series,2027,New,24,74325,80280,98609,101733,108447,93364,90,16
AB,BMW,M5,2027,New,11,157395,164876,172053,173055,174057,170283,90,55
AB,BMW,X1,2023,Used,13,35759,35999,36910,38510,38996,37385,37084,25
AB,BMW,X1,2025,Used,19,36105,37948,41995,46888,51675,43410,30533,38
AB,BMW,X1,2026,New,150,61785,63595,66672,71574,75695,67821,90,55
AB,BMW,X1,2026,Used,32,57368,59170,62245,64558,69305,62350,2443,58
AB,BMW,X1,2027,New,31,64909,67398,69695,74309,78249,70895,90,11
AB,BMW,X2,2025,Used,15,38567,40325,41889,45702,55199,44725,45224,42
AB,BMW,X2,2026,New,47,63255,68695,70295,76970,79148,71557,90,55
AB,BMW,X2,2027,New,13,66679,71798,71798,76795,79778,73167,90,41
AB,BMW,X3,2018,Used,13,17187,20999,21999,24588,26696,22270,128146,32
AB,BMW,X3,2019,Used,17,21955,22995,23988,27980,32961,26039,108900,35
AB,BMW,X3,2024,Used,11,36999,38542,40980,45998,51910,43166,78068,18
AB,BMW,X3,2026,New,138,71989,73946,78602,81549,86598,79321,90,42
AB,BMW,X3,2026,Used,17,65926,68695,74245,76045,76715,72272,4176,58
AB,BMW,X5,2021,Used,12,40999,45749,51995,57916,66899,52754,83554,37
AB,BMW,X5,2022,Used,12,38099,42746,45970,48976,56850,48041,96069,54
AB,BMW,X5,2024,Used,18,64336,68181,73910,78998,118164,80024,43498,59
AB,BMW,X5,2026,New,53,113783,124911,147512,158613,176615,145406,33,55
AB,BMW,X5,2026,Used,20,98895,100620,108934,112829,134399,111192,5984,55
AB,BMW,X6,2026,New,10,128949,132432,146220,174849,181577,153409,48,58
AB,BMW,X6,2027,New,19,121695,124370,128253,181345,201304,151074,90,40
AB,BMW,X7,2027,New,16,147789,148882,162429,169330,178152,162142,90,10
AB,BMW,i4,2026,New,17,76875,79800,89635,91135,95685,86690,90,55
AB,BMW,iX,2026,New,12,109726,119112,122476,124046,128922,123657,82,61
AB,Buick,Enclave,2023,Used,10,33270,38158,40946,44382,49636,40772,81614,52
AB,Buick,Enclave,2026,New,188,62884,66518,69846,73545,79561,70248,9,58
AB,Buick,Enclave,2026,Used,17,64531,65743,67904,71708,76668,69230,5674,53
AB,Buick,Enclave,2027,New,20,71421,71898,75300,80838,81603,76240,9,16
AB,Buick,Encore GX,2023,Used,11,20395,22392,24391,25495,27608,24481,65140,37
AB,Buick,Encore GX,2024,Used,14,25149,26221,27946,32303,33416,29296,27368,55
AB,Buick,Encore GX,2025,Used,11,28988,29900,31991,33569,35999,31895,23449,36
AB,Buick,Encore GX,2026,New,215,36018,37965,39999,42988,44738,40395,9,55
AB,Buick,Encore GX,2026,Used,19,35758,35920,37792,40956,41789,38415,6,42
AB,Buick,Envision,2022,Used,17,26343,29431,29999,31950,33538,29989,76936,52
AB,Buick,Envision,2023,Used,24,30257,33244,34350,36165,37214,34348,45421,31
AB,Buick,Envision,2024,Used,19,34383,36946,39580,39988,40600,38193,29344,14
AB,Buick,Envision,2025,Used,12,41448,42590,44249,46029,47593,44350,15722,46
AB,Buick,Envision,2026,New,957,48523,50288,51634,54487,55348,52265,10,55
AB,Buick,Envision,2026,Used,49,46887,49679,51623,53185,53801,51129,12,43
AB,Buick,Envista,2024,Used,15,24679,26224,27698,28536,28818,27152,34568,46
AB,Buick,Envista,2025,Used,11,25980,26738,28999,30414,30900,28516,26374,42
AB,Buick,Envista,2026,New,218,31999,32801,34005,35771,36516,34208,10,52
AB,Buick,is-new,2026,New,41,31541,33210,47780,53626,55160,45489,12,62
AB,Cadillac,CT5,2026,New,29,67018,68490,69676,70598,72821,69677,6,50
AB,Cadillac,Escalade,2023,Used,12,88099,92932,98840,113384,138409,105861,75730,26
AB,Cadillac,Escalade,2026,New,64,145326,148672,163858,169762,172432,160368,8,47
AB,Cadillac,LYRIQ,2027,New,23,76914,77488,78809,82256,100229,82822,,10
AB,Cadillac,OPTIQ,2027,New,33,60918,64643,67624,69369,70324,67333,9,16
AB,Cadillac,VISTIQ,2027,New,20,88866,91056,93552,94022,96128,94288,4,14
AB,Cadillac,XT5,2026,New,62,54927,64718,68651,71832,73348,67157,8,25
AB,Cadillac,XT5,2026,Used,11,54469,55657,64886,71562,72102,63775,2837,60
AB,Chevrolet,Blazer,2023,Used,10,28789,31122,32447,35572,40171,32765,75902,27
AB,Chevrolet,Blazer,2024,Used,12,30239,34895,40990,43945,44989,38844,51668,45
AB,Chevrolet,Blazer,2026,New,101,48054,50233,56477,59995,61187,55084,10,18
AB,Chevrolet,Blazer EV,2024,Used,10,42428,42991,44633,46490,49999,45039,37708,48
AB,Chevrolet,Bolt,2027,New,132,34654,37226,40606,43843,47219,41031,7,55
AB,Chevrolet,Bolt EV,2027,New,43,36104,36409,38188,41558,44482,39322,6,33
AB,Chevrolet,Colorado,2018,Used,12,18379,21974,27990,30948,34887,27151,132810,17
AB,Chevrolet,Colorado,2021,Used,10,30673,33843,40494,44795,47114,38714,98590,20
AB,Chevrolet,Colorado,2022,Used,14,28540,31743,36505,44738,46963,38246,94868,27
AB,Chevrolet,Colorado,2024,Used,19,45710,46192,47990,50939,54672,49490,37098,28
AB,Chevrolet,Colorado,2026,New,151,51999,55344,58319,66338,69976,60210,10,46
AB,Chevrolet,Colorado,2026,Used,11,52000,52868,55593,60862,62791,57053,2922,43
AB,Chevrolet,Corvette,2019,Used,10,62028,63249,67988,89880,108182,77119,29913,46
AB,Chevrolet,Corvette,2024,Used,10,85735,109895,169900,185221,189199,150455,6978,41
AB,Chevrolet,Corvette,2026,New,76,96098,108597,157138,174984,184930,143850,10,55
AB,Chevrolet,Corvette,2027,New,48,101628,123727,147784,166474,186042,144885,7,26
AB,Chevrolet,Cruze,2014,Used,11,6999,7200,7500,8690,9900,8084,147364,11
AB,Chevrolet,Cruze,2015,Used,17,6797,7909,7999,8900,10991,8421,139733,24
AB,Chevrolet,Cruze,2017,Used,25,7997,9999,11600,13558,14600,11670,137854,36
AB,Chevrolet,Cruze,2018,Used,17,11538,12497,13699,13995,15984,13377,138000,38
AB,Chevrolet,Cruze,2019,Used,17,11966,13995,14995,17059,19931,15879,126100,37
AB,Chevrolet,Equinox,2015,Used,10,8090,8999,11029,14411,15331,11615,161612,25
AB,Chevrolet,Equinox,2016,Used,12,7836,9897,9997,13934,15193,11131,197460,36
AB,Chevrolet,Equinox,2017,Used,20,8500,9788,12900,14170,14982,12199,147252,22
AB,Chevrolet,Equinox,2018,Used,28,10999,13842,16753,18757,19831,16287,141904,31
AB,Chevrolet,Equinox,2019,Used,27,12130,14748,17488,19944,21996,17090,134286,37
AB,Chevrolet,Equinox,2020,Used,29,12649,14993,17487,20495,21900,17311,138131,24
AB,Chevrolet,Equinox,2021,Used,20,17226,18412,19988,22368,25918,20611,117716,34
AB,Chevrolet,Equinox,2022,Used,30,19166,19995,21554,23374,24910,21794,100324,24
AB,Chevrolet,Equinox,2023,Used,19,21198,22092,23999,28790,30924,25044,82431,23
AB,Chevrolet,Equinox,2024,Used,29,24704,25900,27890,29995,31996,27916,60659,26
AB,Chevrolet,Equinox,2025,Used,21,32888,32997,35999,37900,39995,36004,18077,32
AB,Chevrolet,Equinox,2026,New,100,39787,40999,45291,47002,48485,44445,8,55
AB,Chevrolet,Equinox,2026,Used,62,33039,33991,37546,39810,40908,37159,27231,52
AB,Chevrolet,Equinox,2027,New,261,41294,43766,45889,49973,51238,46436,9,26
AB,Chevrolet,Equinox EV,2026,New,32,45559,47895,51412,55994,60058,52052,10,24
AB,Chevrolet,Express,2025,New,45,50809,51934,55114,60887,64203,56861,15,54
AB,Chevrolet,Express,2026,New,26,56010,62999,65094,65935,68686,63940,9,60
AB,Chevrolet,Malibu,2019,Used,10,14660,14999,16470,21248,25924,19058,118327,10
AB,Chevrolet,Malibu,2022,Used,16,18325,19159,19968,21996,23944,20757,103266,24
AB,Chevrolet,Malibu,2023,Used,22,19099,20122,22442,23150,23995,21896,76681,30
AB,Chevrolet,Malibu,2024,Used,37,21183,23350,24980,25900,27311,24745,45932,38
AB,Chevrolet,Malibu,2025,Used,18,22653,23670,25342,25980,27916,24865,58638,40
AB,Chevrolet,Silverado,2024,Used,16,41741,43976,55492,59737,65991,54055,80704,62
AB,Chevrolet,Silverado,2026,New,57,65613,67909,74478,86964,86964,77312,15,17
AB,Chevrolet,Silverado 1500,2015,Used,11,15999,17554,19077,21355,22709,19760,195108,37
AB,Chevrolet,Silverado 1500,2017,Used,32,18889,20881,25250,29976,34447,26309,165331,24
AB,Chevrolet,Silverado 1500,2018,Used,55,17997,21002,26899,29496,33595,26241,156329,24
AB,Chevrolet,Silverado 1500,2019,Used,32,22833,24997,30350,35248,38688,31084,156828,37
AB,Chevrolet,Silverado 1500,2020,Used,17,26808,29999,34856,37888,40749,34394,139458,17
AB,Chevrolet,Silverado 1500,2021,Used,39,29726,34493,39978,41988,45991,39499,136650,38
AB,Chevrolet,Silverado 1500,2022,Used,57,29666,34995,43447,47995,53059,41976,105115,37
AB,Chevrolet,Silverado 1500,2023,Used,91,37888,41000,44999,51994,57995,46281,85070,28
AB,Chevrolet,Silverado 1500,2024,Used,187,41994,46999,53499,57952,62390,52502,62589,36
AB,Chevrolet,Silverado 1500,2025,Used,108,46834,48991,52261,61891,66989,55315,37725,33
AB,Chevrolet,Silverado 1500,2026,New,1201,61670,63898,71792,78688,85787,72367,10,36
AB,Chevrolet,Silverado 1500,2026,Used,69,52980,63426,69661,73694,81196,68593,8600,52
AB,Chevrolet,Silverado 1500 LTD,2022,Used,21,30059,32777,38990,48999,49906,39791,141184,38
AB,Chevrolet,Silverado 2500,2024,Used,21,59980,65995,73980,79280,81980,73171,49623,22
AB,Chevrolet,Silverado 2500,2026,New,35,84249,85578,87718,107330,109264,93348,15,9
AB,Chevrolet,Silverado 2500HD,2022,Used,17,42955,48622,54195,59995,69929,54442,139237,38
AB,Chevrolet,Silverado 2500HD,2024,Used,32,52565,56366,74760,83210,85987,70883,69321,40
AB,Chevrolet,Silverado 2500HD,2025,Used,11,64708,68722,72999,76986,88980,74322,44858,51
AB,Chevrolet,Silverado 2500HD,2026,New,155,75157,81976,85989,102960,110600,90768,10,24
AB,Chevrolet,Silverado 3500,2026,New,40,82795,92957,102364,108363,111094,99454,15,9
AB,Chevrolet,Silverado 3500HD,2022,Used,14,46586,49593,65028,69404,71125,60911,107216,38
AB,Chevrolet,Silverado 3500HD,2023,Used,12,55108,59016,64327,74182,76596,65706,153520,38
AB,Chevrolet,Silverado 3500HD,2024,Used,25,58598,59998,70900,82980,89980,73073,72086,52
AB,Chevrolet,Silverado 3500HD,2025,Used,10,68522,70471,74341,87324,91886,78212,48415,36
AB,Chevrolet,Silverado 3500HD,2026,New,269,85065,95854,102319,107857,113130,100931,10,52
AB,Chevrolet,Spark,2021,Used,12,13097,13994,15708,17224,17979,15614,90059,32
AB,Chevrolet,Spark,2022,Used,10,14749,15125,15894,16192,17831,16140,80822,21
AB,Chevrolet,Suburban,2023,Used,10,57200,58893,61497,69984,77078,64669,90188,52
AB,Chevrolet,Suburban,2024,Used,10,60435,65499,71998,78241,80676,71664,76401,38
AB,Chevrolet,Suburban,2026,New,119,91159,100578,111073,115763,120943,108616,10,51
AB,Chevrolet,Tahoe,2019,Used,10,22699,25998,29854,38942,40989,31328,200584,28
AB,Chevrolet,Tahoe,2023,Used,18,58839,65515,70249,74167,78593,69745,82122,39
AB,Chevrolet,Tahoe,2024,Used,11,69995,72700,79900,83744,85995,78374,59119,56
AB,Chevrolet,Tahoe,2026,New,246,94395,99651,106914,112052,117428,105885,10,42
AB,Chevrolet,Tahoe,2026,Used,14,94008,99234,105356,114968,115997,106432,2364,48
AB,Chevrolet,TrailBlazer,2024,Used,14,28100,28732,29480,29994,30814,29445,35411,13
AB,Chevrolet,TrailBlazer,2025,Used,22,27403,28822,30522,33523,34920,31004,31931,44
AB,Chevrolet,TrailBlazer,2026,New,233,33977,35199,37999,40482,42358,38130,9,23
AB,Chevrolet,TrailBlazer,2026,Used,19,31974,33352,36980,40450,41454,36778,10213,31
AB,Chevrolet,Traverse,2023,Used,21,31995,37697,39997,41888,43488,39417,78945,34
AB,Chevrolet,Traverse,2024,Used,14,43838,45078,46454,48874,50487,47403,48454,14
AB,Chevrolet,Traverse,2026,New,139,58438,61918,67040,70606,72027,66491,10,53
AB,Chevrolet,Traverse,2026,Used,38,48863,50992,53820,59488,66228,55667,28358,43
AB,Chevrolet,Traverse,2027,New,128,58999,62441,66170,69782,73287,66288,6,10
AB,Chevrolet,Trax,2024,Used,22,22601,22999,24850,25968,26988,24754,39890,24
AB,Chevrolet,Trax,2025,Used,28,25433,25998,27142,28241,29990,27511,19238,21
AB,Chevrolet,Trax,2026,New,601,29408,30314,31436,32804,33892,31589,10,52
AB,Chevrolet,Trax,2026,Used,44,27368,27804,29613,31112,32333,29630,6,50
AB,Chrysler,Grand Caravan,2024,Used,19,33698,36209,37888,39996,45735,39052,32759,31
AB,Chrysler,Grand Caravan,2025,Used,30,38936,39995,43338,46365,48460,43477,11577,34
AB,Chrysler,Grand Caravan,2026,New,114,45733,47046,49307,50490,50790,48789,15,58
AB,Chrysler,Grand Caravan,2027,New,52,49995,50590,50790,51891,52595,51176,16,55
AB,Chrysler,Pacifica,2017,Used,10,15306,16050,17394,21247,22999,18540,170123,37
AB,Chrysler,Pacifica,2021,Used,10,24536,25889,27488,31870,33687,29100,139016,29
AB,Chrysler,Pacifica,2022,Used,14,29298,30499,33944,36831,37798,33386,89462,38
AB,Chrysler,Pacifica,2023,Used,32,30020,33370,35248,37221,40771,36362,87006,34
AB,Chrysler,Pacifica,2024,Used,22,34908,37710,44982,48640,54942,45031,33331,54
AB,Chrysler,Pacifica,2025,Used,45,41999,42906,44907,49795,57011,47998,45817,28
AB,Chrysler,Pacifica,2026,New,100,53908,56569,60637,63366,69073,61112,16,56
AB,Chrysler,Pacifica,2027,New,191,55519,58144,60320,62494,64470,60656,15,55
AB,Dodge,Challenger,2023,Used,23,38538,42867,51997,67942,98189,63930,26262,38
AB,Dodge,Charger,2023,Used,18,31639,35218,38950,65418,74286,49130,49196,31
AB,Dodge,Charger,2026,New,148,63985,68426,75990,84561,87168,76405,21,58
AB,Dodge,Durango,2019,Used,11,18900,18954,23995,26642,29510,23554,140888,16
AB,Dodge,Durango,2021,Used,35,23702,27128,31995,37444,37999,32228,123128,30
AB,Dodge,Durango,2022,Used,34,31928,34361,35993,38992,42616,36883,90736,34
AB,Dodge,Durango,2023,Used,28,34398,36786,42497,48221,56496,44994,57316,38
AB,Dodge,Durango,2024,Used,48,38963,41809,44992,49220,57184,47243,51895,42
AB,Dodge,Durango,2025,New,12,119066,119915,124988,126694,134397,123079,69,56
AB,Dodge,Durango,2025,Used,71,44878,47089,51127,59998,101915,59925,40000,55
AB,Dodge,Durango,2026,New,612,55443,59089,65106,70278,77545,66314,15,53
AB,Dodge,Durango,2026,Used,39,50798,54168,57988,65061,74633,62068,5068,53
AB,Dodge,Durango,2027,New,26,62885,66209,74875,76155,77928,74625,0,8
AB,Dodge,Grand Caravan,2014,Used,13,7700,8900,8999,12950,13796,10245,148902,24
AB,Dodge,Grand Caravan,2015,Used,17,7100,8900,9995,10986,14692,10371,193115,29
AB,Dodge,Grand Caravan,2016,Used,22,8995,9962,11943,12584,13980,11643,161516,27
AB,Dodge,Grand Caravan,2017,Used,39,9940,11234,13995,14996,17198,13676,147260,37
AB,Dodge,Grand Caravan,2018,Used,21,10980,13975,15900,18995,19044,16001,144589,30
AB,Dodge,Grand Caravan,2019,Used,55,12083,14992,17995,19998,23999,17897,135704,37
AB,Dodge,Grand Caravan,2020,Used,22,16890,17841,20860,23925,25895,20915,123691,22
AB,Dodge,Hornet,2024,Used,76,28105,29999,34939,39929,47522,36969,13351,59
AB,Dodge,Hornet,2025,New,10,39756,41238,45927,49647,54848,46503,0,52
AB,Dodge,Journey,2014,Used,14,5295,7010,9252,11425,12389,9018,164956,22
AB,Dodge,Journey,2015,Used,20,7000,7974,9250,10978,13078,9707,149394,30
AB,Dodge,Journey,2016,Used,14,9065,9774,11986,14674,15029,12281,133714,14
AB,Dodge,Journey,2017,Used,24,9296,11875,13319,15995,16658,13525,121040,22
AB,Dodge,Journey,2018,Used,12,9644,10987,12749,15981,16995,13292,122459,30
AB,Dodge,Ram,2012,Used,19,8396,11352,14900,29950,32235,19555,223215,25
AB,Ford,Bronco,2022,Used,24,37293,40899,43982,47440,49666,43988,65533,33
AB,Ford,Bronco,2023,Used,23,41017,47363,52717,56676,56995,50880,51616,39
AB,Ford,Bronco,2024,Used,29,46995,49249,54995,64990,71359,58841,32664,24
AB,Ford,Bronco,2025,New,30,55928,59858,69358,75735,93929,72636,39,59
AB,Ford,Bronco,2025,Used,19,54770,57352,67977,73004,79147,69506,17757,54
AB,Ford,Bronco,2026,New,656,56762,61332,67004,76400,86506,70485,20,54
AB,Ford,Bronco Sport,2021,Used,20,17989,21625,24950,26925,27971,23874,99711,31
AB,Ford,Bronco Sport,2022,Used,26,22924,24322,27500,29997,33445,27942,64511,36
AB,Ford,Bronco Sport,2023,Used,42,26408,27891,29928,32348,34989,30548,54295,31
AB,Ford,Bronco Sport,2024,Used,70,27975,29999,31794,33305,34995,31787,44112,32
AB,Ford,Bronco Sport,2025,New,62,39099,42282,46416,57410,59858,48847,22,54
AB,Ford,Bronco Sport,2025,Used,72,31985,33998,36838,40990,44911,37441,18979,38
AB,Ford,Bronco Sport,2026,New,1450,36829,38991,42919,46792,50415,43331,15,54
AB,Ford,Bronco Sport,2026,Used,15,35832,38127,39988,42903,46240,40923,5747,60
AB,Ford,EcoSport,2018,Used,10,9760,13147,14512,14995,17178,14017,103363,38
AB,Ford,EcoSport,2019,Used,14,12799,13960,15299,17505,20104,15944,110404,44
AB,Ford,EcoSport,2020,Used,11,13999,14500,14988,18978,19888,16402,112398,37
AB,Ford,Edge,2013,Used,21,7999,8900,9995,13885,14950,12051,181266,29
AB,Ford,Edge,2014,Used,11,8900,9012,9900,11404,13950,10497,197956,11
AB,Ford,Edge,2016,Used,15,10194,10725,12988,15898,16459,13170,168000,37
AB,Ford,Edge,2017,Used,15,10133,12400,14995,16997,18364,14630,137699,37
AB,Ford,Edge,2018,Used,15,14353,15708,16997,19000,22115,17548,143735,37
AB,Ford,Edge,2019,Used,30,15268,16605,19658,20941,23986,19032,109441,22
AB,Ford,Edge,2020,Used,36,18425,19620,21200,23996,25494,21606,109671,36
AB,Ford,Edge,2021,Used,17,22885,22995,24850,25999,27994,25598,99051,26
AB,Ford,Edge,2022,Used,40,22537,25246,27639,29996,31990,27390,91121,34
AB,Ford,Edge,2023,Used,25,24888,26500,27000,28995,34361,28205,80828,38
AB,Ford,Edge,2024,Used,42,27898,30216,33709,35714,36975,32800,58525,31
AB,Ford,Escape,2013,Used,20,6999,8171,9992,11138,12910,10450,167642,20
AB,Ford,Escape,2014,Used,17,7997,8495,9999,12388,13791,10571,153101,24
AB,Ford,Escape,2015,Used,13,8098,8888,9995,13342,14400,10885,184704,24
AB,Ford,Escape,2016,Used,19,8340,8999,10999,12750,14969,11290,158448,24
AB,Ford,Escape,2017,Used,56,8946,11373,13250,14995,17250,13278,138072,30
AB,Ford,Escape,2018,Used,57,10994,11995,14787,16995,19842,14854,129770,24
AB,Ford,Escape,2019,Used,38,10996,13102,14988,16998,20265,15356,133604,38
AB,Ford,Escape,2020,Used,31,14999,16544,18696,21995,22500,19251,118335,33
AB,Ford,Escape,2021,Used,52,18356,19497,20997,23221,25492,21544,104646,31
AB,Ford,Escape,2022,Used,52,18306,20999,24475,26436,27958,23623,74315,24
AB,Ford,Escape,2023,Used,38,24209,25961,26998,29000,33160,27987,59794,44
AB,Ford,Escape,2024,Used,57,26162,28800,29555,31990,34823,30611,59432,37
AB,Ford,Escape,2025,New,26,37591,39244,41983,45386,51632,43467,34,55
AB,Ford,Escape,2025,Used,91,29680,30319,32999,34995,36986,32896,36257,25
AB,Ford,Expedition,2019,Used,14,28389,30232,32986,36091,38599,33174,162511,22
AB,Ford,Expedition,2020,Used,13,29000,37900,42697,46887,47991,40375,127534,21
AB,Ford,Expedition,2021,Used,24,38215,41674,46722,48240,55469,45754,118890,24
AB,Ford,Expedition,2022,Used,23,42155,50488,56995,59998,66510,55541,107349,29
AB,Ford,Expedition,2023,Used,13,47998,54299,59898,61845,67430,58663,97452,32
AB,Ford,Expedition,2024,Used,22,59899,62347,66254,75472,77162,69190,70356,24
AB,Ford,Expedition,2025,Used,29,83412,86722,89999,91603,94980,89588,31559,55
AB,Ford,Expedition,2026,New,45,102575,107640,110253,114515,119856,110370,21,43
AB,Ford,Expedition,2027,New,84,105028,111302,114445,116460,119911,112507,10,31
AB,Ford,Explorer,2015,Used,15,8321,11244,12900,15975,16546,13255,197799,24
AB,Ford,Explorer,2016,Used,14,11248,14474,16948,17946,22084,16676,169577,37
AB,Ford,Explorer,2017,Used,38,12795,15221,17986,18968,22839,17652,167424,36
AB,Ford,Explorer,2018,Used,26,13594,16436,19989,21827,23668,19028,155166,38
AB,Ford,Explorer,2019,Used,22,15910,19210,23154,26120,27868,21934,129480,34
AB,Ford,Explorer,2020,Used,30,23137,24527,27995,30589,35110,28262,129129,38
AB,Ford,Explorer,2021,Used,34,24500,26902,31534,35393,38512,31168,128810,22
AB,Ford,Explorer,2022,Used,69,29000,31999,34995,39990,43094,35608,94647,38
AB,Ford,Explorer,2023,Used,26,32238,33764,37995,40972,50994,38955,77120,31
AB,Ford,Explorer,2025,Used,36,43248,46916,49938,58996,62376,52499,42416,41
AB,Ford,Explorer,2026,New,580,54556,58205,61978,67845,70339,62711,15,53
AB,Ford,Explorer,2026,Used,19,52715,59218,63449,66398,68709,62390,9100,56
AB,Ford,Explorer,2027,New,116,59995,61307,66945,72659,78414,67744,0,24
AB,Ford,F 150,2026,New,80,59281,59407,76034,80970,83443,72841,9,57
AB,Ford,F 150 Xlt,2026,New,91,68277,69700,71407,73356,75424,71931,16,55
AB,Ford,F 350,2026,New,46,67916,70225,107164,118317,119022,100235,9,60
AB,Ford,F 350 Lariat,2026,New,23,103625,105987,109243,111376,114313,109406,21,55
AB,Ford,F-150,2010,Used,14,6020,6599,9144,11678,13579,10430,236616,2
AB,Ford,F-150,2011,Used,10,8850,10066,10900,12724,14395,11648,229524,6
AB,Ford,F-150,2012,Used,12,6690,9516,11072,15214,16800,14675,218149,10
AB,Ford,F-150,2013,Used,25,9760,11980,15878,19995,20988,16461,204182,10
AB,Ford,F-150,2014,Used,24,8650,9999,14294,20124,23335,15316,209815,22
AB,Ford,F-150,2015,Used,19,13320,15497,19900,22945,25756,19621,213366,24
AB,Ford,F-150,2016,Used,22,15095,19249,21998,24480,27895,21629,198096,25
AB,Ford,F-150,2017,Used,36,17448,19609,25448,33377,35944,26932,172388,16
AB,Ford,F-150,2018,Used,69,20483,24000,26988,31828,37712,28263,143425,18
AB,Ford,F-150,2019,Used,90,21994,25992,30848,36990,42225,32336,147936,25
AB,Ford,F-150,2020,Used,58,21373,27888,32943,39985,47536,34557,157558,24
AB,Ford,F-150,2021,Used,90,28599,32496,38303,44448,47099,38387,121939,24
AB,Ford,F-150,2022,Used,160,31000,35886,41842,48996,52889,42354,106248,26
AB,Ford,F-150,2023,Used,238,37966,44423,50402,58239,63942,51691,85658,32
AB,Ford,F-150,2024,Used,259,45986,48990,53990,61604,69100,56412,59488,32
AB,Ford,F-150,2025,New,17,63651,68098,77285,88965,93371,77888,30,54
AB,Ford,F-150,2025,Used,132,51900,54927,60898,71800,82027,66777,32022,42
AB,Ford,F-150,2026,New,3992,66615,71821,79452,87517,97937,81648,15,38
AB,Ford,F-150,2026,Used,24,67363,70463,76900,82268,85584,75891,7429,54
AB,Ford,F-250,2026,New,73,68417,71525,82464,93949,112740,85804,16,35
AB,Ford,F-350,2022,Used,20,53599,59988,70248,81864,86772,69747,124585,40
AB,Ford,F-350,2023,Used,12,57036,63393,71349,81489,89666,72037,91234,34
AB,Ford,F-350,2024,Used,17,73638,86900,91385,106995,108876,92109,53265,52
AB,Ford,F-350,2025,Used,10,76295,83192,94248,96420,101210,90507,49430,22
AB,Ford,F-350,2026,New,566,87014,96629,107694,118903,126426,107549,16,54
AB,Ford,F-350,2026,Used,14,84291,97888,99130,108832,111084,100180,24016,57
AB,Ford,F-350,2027,New,13,92264,116556,122603,128473,135565,118985,10,24
AB,Ford,F-450,2026,New,54,99015,104464,117209,129526,138913,115001,10,32
AB,Ford,Focus,2012,Used,13,6000,6900,7500,8900,10671,8924,133491,37
AB,Ford,Focus,2014,Used,10,6630,6996,7492,7999,8950,7557,146088,20
AB,Ford,Focus,2017,Used,14,8996,9912,10725,12062,16099,12802,132614,27
AB,Ford,Focus,2018,Used,11,9388,9724,10500,13448,19977,13669,136010,31
AB,Ford,Fusion,2017,Used,16,8296,9996,12440,15165,16248,12601,131580,32
AB,Ford,Maverick,2022,Used,16,25409,28348,30988,35652,36995,31922,71714,32
AB,Ford,Maverick,2024,Used,16,29994,32732,34704,36312,39396,34673,36928,38
AB,Ford,Maverick,2025,Used,20,37995,38970,43794,47110,48315,43653,14840,32
AB,Ford,Maverick,2026,New,427,40639,43164,46244,49561,51981,46316,18,52
AB,Ford,Mustang,2015,Used,15,16391,18444,21888,28985,32398,23900,102745,30
AB,Ford,Mustang,2016,Used,10,16810,17550,22592,28878,65310,30222,87300,30
AB,Ford,Mustang,2017,Used,17,20595,21995,25995,35000,72337,34175,59355,38
AB,Ford,Mustang,2019,Used,10,26095,36623,43498,50110,53034,42663,66240,20
AB,Ford,Mustang,2021,Used,11,40888,43444,47269,55452,67249,55908,38982,34
AB,Ford,Mustang,2022,Used,19,33580,42344,45988,54942,68447,53869,28119,37
AB,Ford,Mustang,2024,Used,16,39384,47502,54193,69771,77494,56752,8500,36
AB,Ford,Mustang,2025,Used,25,35640,36498,39908,39990,50160,41093,35715,55
AB,Ford,Mustang,2026,New,172,47526,54065,64329,74553,95179,73889,12,54
AB,Ford,Mustang Mach-E,2026,New,102,50862,53541,56983,59316,62594,56724,5,20
AB,Ford,Ranger,2024,Used,16,42248,44372,48690,51420,62444,49923,41117,32
AB,Ford,Ranger,2025,New,21,48899,51999,57600,59999,81124,59080,48,60
AB,Ford,Ranger,2025,Used,12,44916,47062,53246,56377,72235,55629,11814,32
AB,Ford,Ranger,2026,New,490,49434,52536,57407,61284,83502,59409,19,53
AB,Ford,Super Duty,2026,New,16,87204,90843,101944,109870,114914,101292,16,60
AB,Ford,Super Duty F-250 SRW,2026,New,39,71812,75597,78489,84432,96088,81657,30,25
AB,Ford,Super Duty F-350 DRW,2026,New,30,89004,93055,105990,112561,120112,103623,23,40
AB,Ford,Super Duty F-350 SRW,2021,Used,10,49448,59575,62942,68740,73580,62555,162830,18
AB,Ford,Super Duty F-350 SRW,2022,Used,30,49210,60490,70448,75342,80092,67268,131957,31
AB,Ford,Super Duty F-350 SRW,2023,Used,15,51187,56954,67995,78597,84758,68487,106500,24
AB,Ford,Super Duty F-350 SRW,2024,Used,16,61306,69468,83942,89998,100388,80765,57817,54
AB,Ford,Super Duty F-350 SRW,2026,New,284,85052,97270,106682,112804,118360,104337,18,53
AB,Ford,Super Duty F-350 SRW,2027,New,14,85982,121174,129319,133994,139060,121967,5,4
AB,Ford,Super Duty F-450 DRW,2026,New,47,114019,119313,126994,129690,132363,124135,30,18
AB,Ford,Transit,2019,Used,12,16386,21466,28398,39231,46295,30336,171254,29
AB,Ford,Transit,2020,Used,11,22977,28995,35995,37694,49478,34519,136219,31
AB,Ford,Transit,2021,Used,18,29530,33864,36498,39863,46148,37176,99866,38
AB,Ford,Transit,2022,Used,13,31629,41988,45988,46900,57932,44445,71555,38
AB,Ford,Transit,2023,Used,11,47997,48860,57500,63854,74551,58001,65481,24
AB,Ford,Transit,2024,Used,12,44096,44990,57288,69834,72691,58734,55582,36
AB,Ford,Transit,2025,New,19,58952,64496,67580,81588,87442,70907,25,55
AB,Ford,Transit,2025,Used,35,49390,51386,53990,57939,62795,56051,31304,39
AB,Ford,Transit,2026,New,145,64490,68999,75689,81034,88080,75604,20,51
AB,Ford,Transit,2027,New,39,71523,74292,77095,87052,91340,78719,1,29
AB,Ford,lincoln,2026,New,34,37027,38750,74639,97236,110609,71260,10,62
AB,GMC,Acadia,2018,Used,11,15988,17948,18995,21090,22995,19441,154805,37
AB,GMC,Acadia,2020,Used,11,24977,25496,29998,31492,36680,29246,110744,13
AB,GMC,Acadia,2023,Used,23,33087,35678,39995,42738,45347,39246,77494,24
AB,GMC,Acadia,2026,New,206,59624,63887,66882,72928,77698,68174,10,58
AB,GMC,Acadia,2026,Used,13,60137,60869,63092,65074,76469,65374,3605,52
AB,GMC,Acadia,2027,New,48,68793,70003,77334,80967,81703,75372,15,20
AB,GMC,Canyon,2024,Used,21,42026,46994,50480,54397,55987,49755,42325,24
AB,GMC,Canyon,2026,New,253,57001,59454,61718,66108,69973,63069,10,53
AB,GMC,Canyon,2026,Used,16,53476,57039,60847,63610,70077,61434,253,43
AB,GMC,HUMMER EV,2026,New,19,130305,131722,135248,146218,149899,138066,15,60
AB,GMC,Savana,2026,New,48,58999,60859,61433,62054,64298,61864,5,60
AB,GMC,Sierra,2024,Used,10,53999,55990,56999,72990,80198,62996,97180,24
AB,GMC,Sierra,2026,New,67,69774,72412,84098,97540,111864,87445,15,39
AB,GMC,Sierra 1500,2017,Used,24,19634,21871,26390,29230,30684,25562,168196,34
AB,GMC,Sierra 1500,2018,Used,26,19990,23705,29334,33597,38995,28807,154382,36
AB,GMC,Sierra 1500,2019,Used,25,23931,32290,36888,39900,44167,35458,163391,37
AB,GMC,Sierra 1500,2020,Used,20,27177,30918,35998,40971,49026,36841,137251,22
AB,GMC,Sierra 1500,2021,Used,54,33992,36245,39662,44492,47969,40345,122112,28
AB,GMC,Sierra 1500,2022,Used,36,35984,39275,46502,55885,59732,47917,115984,42
AB,GMC,Sierra 1500,2023,Used,97,39009,43990,49999,57934,62275,51112,87500,30
AB,GMC,Sierra 1500,2024,Used,205,45892,49680,55995,60999,66696,56080,58205,29
AB,GMC,Sierra 1500,2025,Used,104,57073,62510,67352,71996,77695,67657,35394,35
AB,GMC,Sierra 1500,2026,New,2031,65292,70968,79872,89409,98387,80798,10,52
AB,GMC,Sierra 1500,2026,Used,219,67106,73736,80462,93138,98474,82896,827,39
AB,GMC,Sierra 1500 Limited,2022,Used,26,30247,36852,42300,45937,49949,41367,135847,34
AB,GMC,Sierra 2500HD,2024,Used,21,60480,70048,78885,87974,90500,79695,95474,29
AB,GMC,Sierra 2500HD,2026,New,239,86418,104616,110812,118842,126283,109948,12,46
AB,GMC,Sierra 2500HD,2026,Used,16,94986,104870,111598,114599,120523,109584,15026,47
AB,GMC,Sierra 3500,2026,New,29,94611,109613,113814,122456,124959,114090,10,58
AB,GMC,Sierra 3500HD,2023,Used,20,58447,67144,72746,77306,81147,71597,99974,32
AB,GMC,Sierra 3500HD,2024,Used,43,65127,70912,79999,89384,94869,80310,71839,52
AB,GMC,Sierra 3500HD,2025,Used,18,67724,76763,92593,96893,100119,88448,41531,30
AB,GMC,Sierra 3500HD,2026,New,849,95674,107733,111964,122274,124216,112907,10,52
AB,GMC,Sierra 3500HD,2026,Used,38,102707,108375,110373,119878,124440,113083,5014,39
AB,GMC,Terrain,2017,Used,11,10900,12000,14498,18955,19997,14937,132725,37
AB,GMC,Terrain,2018,Used,14,11950,13999,14994,17202,22053,15854,158958,27
AB,GMC,Terrain,2019,Used,20,15989,17975,19489,24691,25479,20880,116766,32
AB,GMC,Terrain,2020,Used,11,17999,19892,20704,23150,24988,21636,119169,15
AB,GMC,Terrain,2022,Used,49,22991,23999,27547,29890,31562,26946,76150,29
AB,GMC,Terrain,2023,Used,16,23745,26651,29248,31244,32752,28683,67088,36
AB,GMC,Terrain,2024,Used,88,25975,27999,30752,32989,34999,30697,52842,28
AB,GMC,Terrain,2026,New,98,40170,43692,47242,49672,51275,46624,15,55
AB,GMC,Terrain,2026,Used,62,35900,37695,38998,42016,46708,40221,27348,41
AB,GMC,Terrain,2027,New,279,43943,47555,50527,53605,54723,49993,10,17
AB,GMC,Terrain,2027,Used,19,42869,43666,46563,48234,54783,46970,6,37
AB,GMC,Yukon,2017,Used,10,20604,24208,26429,29369,31499,26663,212651,22
AB,GMC,Yukon,2019,Used,14,25938,30403,39048,42347,44173,37053,170112,36
AB,GMC,Yukon,2021,Used,20,42779,48006,53352,56416,61019,52394,139216,40
AB,GMC,Yukon,2022,Used,12,47954,55965,58343,60276,61896,57096,136134,54
AB,GMC,Yukon,2023,Used,29,57660,62999,70696,76186,84990,70681,97308,42
AB,GMC,Yukon,2024,Used,34,54749,72485,78990,86530,89841,77003,68744,44
AB,GMC,Yukon,2025,Used,18,91336,93474,96078,105838,109263,98768,23714,50
AB,GMC,Yukon,2026,New,553,105300,109995,118004,124995,135989,118929,10,51
AB,GMC,Yukon,2026,Used,33,109370,120112,125753,136063,141517,126061,3881,32
AB,GMC,is-new,2026,New,43,66992,79254,91995,97988,119164,91458,12,62
AB,Genesis,GV70,2026,Used,14,52988,53762,59746,66669,74282,61156,26242,24
AB,Honda,Accord,2026,New,84,44334,47714,49465,50372,51018,48483,10,54
AB,Honda,CR-V,2014,Used,11,11995,12700,15500,15974,15999,14466,184000,23
AB,Honda,CR-V,2015,Used,11,12910,13745,16555,18758,19888,16019,220059,35
AB,Honda,CR-V,2017,Used,19,18912,20371,22993,24554,25167,22156,130656,20
AB,Honda,CR-V,2018,Used,23,17598,21449,22993,26002,26930,23012,159583,37
AB,Honda,CR-V,2019,Used,24,21760,25962,26940,28918,29972,26727,118410,19
AB,Honda,CR-V,2020,Used,18,24147,27124,28997,30381,31354,28238,102436,24
AB,Honda,CR-V,2021,Used,23,25194,26996,29478,31722,32783,29363,105740,28
AB,Honda,CR-V,2022,Used,30,28445,29413,31116,33803,35059,31645,95578,50
AB,Honda,CR-V,2023,Used,45,31862,33987,35888,38228,41995,36322,75563,28
AB,Honda,CR-V,2024,Used,27,34299,37579,39488,41900,42638,39037,48211,33
AB,Honda,CR-V,2025,Used,58,37843,39989,42448,44999,47996,42616,35407,28
AB,Honda,CR-V,2026,New,1319,43375,46381,47926,51845,54345,48749,10,42
AB,Honda,CR-V,2026,Used,87,44556,46492,48988,51052,53390,48825,10747,52
AB,Honda,Civic,2016,Used,17,11765,14388,15900,17850,18935,15566,127462,22
AB,Honda,Civic,2017,Used,28,13797,15971,17500,19404,21292,17701,123277,22
AB,Honda,Civic,2018,Used,18,15635,17141,18974,21726,22960,19152,138433,38
AB,Honda,Civic,2019,Used,39,17546,18494,19995,22949,26035,21102,106047,22
AB,Honda,Civic,2020,Used,30,18978,20983,23995,25908,28089,23780,97079,24
AB,Honda,Civic,2021,Used,16,21098,21837,22996,25934,27242,23888,83911,38
AB,Honda,Civic,2022,Used,33,22097,23999,25900,27900,28831,25918,75347,24
AB,Honda,Civic,2023,Used,18,22037,22991,24999,28364,29998,25720,53754,24
AB,Honda,Civic,2024,Used,17,26900,27888,28390,33091,35170,30508,40945,37
AB,Honda,Civic,2025,Used,24,27996,29963,34102,35826,37394,33018,23280,33
AB,Honda,Civic,2026,New,416,33059,35817,38146,40188,42355,37755,10,39
AB,Honda,Civic,2026,Used,11,34158,36493,37774,40662,42474,38190,154,56
AB,Honda,Cr,2026,New,24,48278,48278,51866,53391,53391,51075,13,51
AB,Honda,HR-V,2026,New,19,38383,39211,41954,44533,44533,41714,25,61
AB,Honda,HR-V,2027,New,208,36373,39611,40730,42587,44384,40733,10,39
AB,Honda,Odyssey,2019,Used,10,22894,24244,28984,32995,34099,28783,151713,40
AB,Honda,Odyssey,2026,New,93,57599,60783,64304,65855,66344,63275,10,58
AB,Honda,Passport,2019,Used,12,26086,27724,29448,30676,32890,29343,92590,39
AB,Honda,Passport,2026,New,44,60570,62368,65605,66802,67157,64514,16,26
AB,Honda,Pilot,2016,Used,14,14469,18471,21948,25416,27630,21661,176849,30
AB,Honda,Pilot,2017,Used,14,21268,21977,23794,27868,29423,24448,144494,18
AB,Honda,Pilot,2019,Used,13,25178,27086,29977,33481,36509,29887,121215,22
AB,Honda,Pilot,2021,Used,10,28809,31002,37944,41218,41949,36157,91778,26
AB,Honda,Pilot,2022,Used,22,34890,37444,40417,41962,44444,39791,76006,34
AB,Honda,Pilot,2025,Used,18,55096,57150,58497,59900,62439,58701,31022,30
AB,Honda,Pilot,2026,New,162,65306,68107,69168,70054,70668,68391,10,51
AB,Honda,Ridgeline,2019,Used,15,25392,26276,29928,33448,36691,30091,149690,24
AB,Honda,Ridgeline,2026,New,87,57686,60424,63135,63464,65005,62023,10,47
AB,Hyundai,Elantra,2013,Used,11,4000,6000,6999,9734,11000,7608,134714,25
AB,Hyundai,Elantra,2015,Used,13,8069,8678,9998,11988,11997,10276,140035,23
AB,Hyundai,Elantra,2017,Used,12,9039,9676,12948,13624,13995,11783,132232,28
AB,Hyundai,Elantra,2018,Used,21,10500,11497,11999,15900,16900,13885,123442,24
AB,Hyundai,Elantra,2019,Used,11,7999,10750,11998,13422,13950,11865,165200,30
AB,Hyundai,Elantra,2020,Used,16,9650,12666,14442,15574,16938,13777,123522,38
AB,Hyundai,Elantra,2021,Used,21,15950,16900,17995,19995,20977,18499,113685,37
AB,Hyundai,Elantra,2022,Used,29,17708,17999,19249,21900,24190,20131,83461,37
AB,Hyundai,Elantra,2023,Used,41,16996,19605,20878,22145,23995,20937,78137,32
AB,Hyundai,Elantra,2024,Used,32,20805,21998,23997,25911,25999,23903,50069,32
AB,Hyundai,Elantra,2025,New,22,26439,29086,30988,36245,37493,31868,32,50
AB,Hyundai,Elantra,2025,Used,75,22991,23997,24999,27006,28948,25789,37317,38
AB,Hyundai,Elantra,2026,New,541,25398,27527,29866,33298,36028,30885,16,52
AB,Hyundai,IONIQ 5,2026,New,11,53275,54675,55293,63751,66249,57694,19,59
AB,Hyundai,IONIQ 9,2026,New,25,73393,75474,78877,83899,86420,78528,20,58
AB,Hyundai,Kona,2019,Used,14,15903,16223,17452,18748,20901,18107,117243,10
AB,Hyundai,Kona,2020,Used,13,15665,16500,19499,19977,21366,18779,109000,25
AB,Hyundai,Kona,2021,Used,14,17501,18913,19630,21666,23395,19862,103726,34
AB,Hyundai,Kona,2022,Used,21,16836,18111,19997,22988,24995,20795,113232,37
AB,Hyundai,Kona,2023,Used,12,19847,24416,24992,25493,26486,24335,69854,31
AB,Hyundai,Kona,2024,Used,19,24998,26996,28908,29995,31756,28925,53166,28
AB,Hyundai,Kona,2025,New,13,33007,33105,33327,35478,37063,34190,30,50
AB,Hyundai,Kona,2025,Used,62,27040,28980,30896,32994,34982,31224,34821,38
AB,Hyundai,Kona,2026,New,307,31994,34372,37974,39988,42079,37363,16,58
AB,Hyundai,Kona,2026,Used,24,30424,30986,31753,33916,35768,32508,11163,34
AB,Hyundai,Kona,2027,New,126,31689,32974,36599,40026,42646,36769,10,18
AB,Hyundai,Kona Electric,2026,New,32,41463,45363,47110,49064,50557,46743,15,23
AB,Hyundai,Palisade,2020,Used,20,19877,23746,26954,29242,30088,25964,134554,26
AB,Hyundai,Palisade,2021,Used,18,21422,25052,27953,31963,33122,27895,139914,38
AB,Hyundai,Palisade,2022,Used,19,29229,30448,33977,36746,39989,33981,95739,28
AB,Hyundai,Palisade,2023,Used,24,37297,38907,40204,41389,43025,39678,72148,60
AB,Hyundai,Palisade,2024,Used,19,38950,39648,41900,44082,45790,41966,61687,54
AB,Hyundai,Palisade,2025,Used,21,43179,44988,46059,48988,52999,47500,44562,37
AB,Hyundai,Palisade,2026,New,307,61933,64999,65349,67086,68933,65523,15,39
AB,Hyundai,Palisade,2026,Used,18,53262,54248,55992,63887,66585,58633,16658,36
AB,Hyundai,Palisade,2027,New,39,58608,67732,69374,70933,74156,67944,7,16
AB,Hyundai,Santa Cruz,2024,Used,16,32244,34908,36894,38221,39994,36670,44646,38
AB,Hyundai,Santa Cruz,2025,Used,13,37397,39900,39998,41558,42966,40163,45340,15
AB,Hyundai,Santa Fe,2013,Used,11,8500,9494,9999,10944,10999,9996,162916,21
AB,Hyundai,Santa Fe,2014,Used,14,6818,9038,10224,11641,13699,10290,168068,38
AB,Hyundai,Santa Fe,2015,Used,10,11460,11925,12339,14985,15049,13165,160092,25
AB,Hyundai,Santa Fe,2017,Used,24,14371,14958,15997,16920,17416,15815,128459,37
AB,Hyundai,Santa Fe,2018,Used,22,11066,13062,15994,18374,21799,16297,142061,27
AB,Hyundai,Santa Fe,2019,Used,28,12320,14412,18792,20371,21999,17757,142458,32
AB,Hyundai,Santa Fe,2020,Used,23,15180,16999,21698,22948,25052,20665,139793,32
AB,Hyundai,Santa Fe,2021,Used,15,21837,22494,26888,29241,31193,25535,97651,51
AB,Hyundai,Santa Fe,2022,Used,15,22976,25444,26888,28724,32232,27471,91329,38
AB,Hyundai,Santa Fe,2023,Used,28,28787,29916,31938,33927,35266,31914,66760,23
AB,Hyundai,Santa Fe,2024,Used,23,37562,39948,41907,42993,45972,41754,38800,50
AB,Hyundai,Santa Fe,2025,Used,28,37653,41385,44948,50176,52899,45519,30605,50
AB,Hyundai,Santa Fe,2026,New,285,46944,49975,55989,59576,60574,54498,15,50
AB,Hyundai,Santa Fe,2026,Used,10,42899,43265,46846,49977,52600,47510,16280,34
AB,Hyundai,Santa Fe XL,2017,Used,13,11430,12987,14999,17605,18451,14983,141000,21
AB,Hyundai,Sonata,2018,Used,10,11899,12490,14200,16346,16806,14256,134072,24
AB,Hyundai,Sonata,2021,Used,10,17356,19123,20296,21741,23978,20659,103114,40
AB,Hyundai,Sonata,2026,New,94,35444,37042,38372,39974,41501,38539,16,58
AB,Hyundai,Tucson,2016,Used,20,10834,12004,13749,14996,16099,13519,138176,36
AB,Hyundai,Tucson,2017,Used,57,11995,13900,14500,15999,17984,14906,143392,24
AB,Hyundai,Tucson,2018,Used,23,13590,14989,15995,16998,19098,16123,126245,31
AB,Hyundai,Tucson,2019,Used,28,14993,16870,19349,20124,21996,18723,123712,22
AB,Hyundai,Tucson,2021,Used,23,16920,18302,19996,22894,23995,20591,119195,31
AB,Hyundai,Tucson,2022,Used,28,20528,21996,23995,25221,28494,23849,102776,32
AB,Hyundai,Tucson,2023,Used,18,21206,24925,28740,29986,31087,27261,81424,38
AB,Hyundai,Tucson,2024,Used,34,27894,30116,31992,34935,38161,32495,53259,30
AB,Hyundai,Tucson,2025,New,12,38234,40811,41976,46012,48857,43093,52,50
AB,Hyundai,Tucson,2025,Used,71,30723,32696,34999,39496,45644,36652,32677,32
AB,Hyundai,Tucson,2026,New,1110,37275,40487,44998,48803,50349,44197,16,50
AB,Hyundai,Tucson,2026,Used,51,32989,35888,37085,41035,49825,39117,7351,58
AB,Hyundai,Venue,2023,Used,17,17780,18910,19759,20680,23379,20036,58862,43
AB,Hyundai,Venue,2024,Used,16,17684,18704,18999,20246,21997,19726,58478,54
AB,Hyundai,Venue,2025,New,11,24995,25347,25949,26280,26577,25670,34,50
AB,Hyundai,Venue,2025,Used,37,21556,22995,23999,24888,25980,23841,43000,24
AB,Hyundai,Venue,2026,New,167,24379,25321,26999,28966,29974,27230,17,50
AB,Infiniti,QX50,2025,New,16,45161,45161,46136,46361,46361,46342,10,62
AB,Infiniti,QX50,2025,Used,12,42361,42472,42955,43520,45119,43662,9512,62
AB,Infiniti,QX60,2024,Used,24,42088,43446,51094,54849,55691,49186,39046,62
AB,Infiniti,QX60,2025,Used,14,40242,41213,44468,52165,57319,47232,54098,59
AB,Infiniti,QX60,2026,New,44,64636,68020,70898,76132,77561,71641,11,62
AB,Infiniti,QX60,2027,New,49,73186,75446,76646,83561,84986,79653,12,54
AB,Infiniti,QX65,2027,New,77,73361,74446,75196,81496,81946,77545,15,36
AB,Infiniti,QX80,2026,New,19,96900,96900,109848,115376,126228,108030,10,62
AB,Infiniti,QX80,2027,New,22,114900,114900,130900,135900,141395,128329,10,43
AB,Jaguar,F-PACE,2026,Used,11,62495,63245,63995,64995,66995,64598,12531,53
AB,Jeep,Cherokee,2014,Used,12,7816,8675,9494,11968,12898,10010,175626,37
AB,Jeep,Cherokee,2015,Used,17,8500,10997,11798,14995,15323,12461,149524,15
AB,Jeep,Cherokee,2016,Used,27,9793,10993,13500,14996,17081,13305,164282,25
AB,Jeep,Cherokee,2017,Used,24,11858,13368,15278,15996,17999,14894,156294,35
AB,Jeep,Cherokee,2018,Used,17,9949,11950,12995,17888,21928,15051,157908,36
AB,Jeep,Cherokee,2019,Used,52,11960,15745,18515,22918,24801,18713,125124,34
AB,Jeep,Cherokee,2020,Used,28,16630,18375,21182,22996,24996,20742,132932,38
AB,Jeep,Cherokee,2021,Used,22,17089,18916,21468,23996,24999,21328,113872,32
AB,Jeep,Cherokee,2022,Used,22,22015,24584,26762,27976,29999,26463,101148,40
AB,Jeep,Cherokee,2026,New,918,45468,47630,51128,56185,58680,51760,15,55
AB,Jeep,Cherokee,2026,Used,30,43262,45388,48742,49998,54351,48326,3638,57
AB,Jeep,Compass,2017,Used,15,10397,12842,12999,17495,19481,14564,134108,22
AB,Jeep,Compass,2018,Used,36,12969,15680,16996,18808,20942,16790,126842,30
AB,Jeep,Compass,2019,Used,21,15708,17509,18509,19999,22887,18956,112644,23
AB,Jeep,Compass,2020,Used,13,15190,18500,19400,20995,21799,19478,114858,17
AB,Jeep,Compass,2021,Used,26,15994,17681,22086,25445,26448,21250,94248,38
AB,Jeep,Compass,2022,Used,35,19940,21984,24692,25441,28595,24229,86809,38
AB,Jeep,Compass,2023,Used,19,19796,25884,27900,29726,31590,27113,53607,39
AB,Jeep,Compass,2024,Used,86,24899,26826,28782,30993,33967,29282,35904,38
AB,Jeep,Compass,2025,New,24,31995,32141,32900,35988,37679,34207,21,63
AB,Jeep,Compass,2025,Used,82,27500,28812,30940,33586,37588,31858,12752,54
AB,Jeep,Compass,2026,New,646,34418,37990,42261,45056,48490,41742,16,55
AB,Jeep,Compass,2026,Used,32,33458,37345,40150,45288,48238,40956,6684,53
AB,Jeep,Gladiator,2020,Used,13,30030,30990,34888,36909,39510,33944,114982,37
AB,Jeep,Gladiator,2021,Used,17,33690,37499,39925,42488,43963,39453,103776,37
AB,Jeep,Gladiator,2023,Used,19,37628,39940,46143,49943,51316,45385,41302,53
AB,Jeep,Gladiator,2026,New,279,52951,56488,60580,65506,77262,62553,15,55
AB,Jeep,Grand Cherokee,2014,Used,12,12988,12997,15398,19425,24591,17463,171413,32
AB,Jeep,Grand Cherokee,2015,Used,20,9994,11375,15175,19915,21145,15525,181361,37
AB,Jeep,Grand Cherokee,2017,Used,36,14493,16201,17788,23224,26992,19479,157808,38
AB,Jeep,Grand Cherokee,2018,Used,36,15494,19358,21750,23549,24948,23027,120714,40
AB,Jeep,Grand Cherokee,2019,Used,41,17999,18995,23878,27587,29900,25077,128949,32
AB,Jeep,Grand Cherokee,2020,Used,44,19984,23999,26453,32116,41405,29404,120766,34
AB,Jeep,Grand Cherokee,2021,Used,74,23688,25812,28986,32323,36995,32151,111690,38
AB,Jeep,Grand Cherokee,2022,Used,38,28787,31704,33992,43095,45693,37491,84255,38
AB,Jeep,Grand Cherokee,2023,Used,75,32999,35802,42622,47993,52116,42261,50641,53
AB,Jeep,Grand Cherokee,2024,Used,75,37155,39242,41975,46798,52865,43494,63324,55
AB,Jeep,Grand Cherokee,2025,New,76,50154,51354,55254,65016,72236,58708,24,52
AB,Jeep,Grand Cherokee,2025,Used,63,50166,53300,59776,67515,78535,62299,9641,55
AB,Jeep,Grand Cherokee,2026,New,588,62962,65868,70180,75587,85489,71469,17,55
AB,Jeep,Grand Cherokee,2026,Used,14,69182,70411,73312,80629,87196,75617,1425,55
AB,Jeep,Grand Cherokee,2027,New,18,70914,71576,74478,79275,88462,76766,0,18
AB,Jeep,Grand Cherokee L,2021,Used,15,27493,30394,35999,38353,41132,34450,95790,43
AB,Jeep,Grand Cherokee L,2022,Used,16,30908,31786,36495,38966,46250,37431,99543,41
AB,Jeep,Grand Cherokee L,2023,Used,11,35774,39400,42995,49954,52702,44731,54651,38
AB,Jeep,Grand Cherokee L,2024,Used,53,38013,39900,41680,43930,51824,43057,79963,54
AB,Jeep,Grand Cherokee L,2025,New,67,53778,55844,59365,66998,73971,62364,26,56
AB,Jeep,Grand Cherokee L,2025,Used,44,50263,54493,60792,67406,78859,62249,9928,53
AB,Jeep,Grand Cherokee L,2026,New,322,66907,70643,74228,80380,89512,75908,16,55
AB,Jeep,Grand Cherokee L,2027,New,19,73716,74594,79880,86230,91595,81250,0,20
AB,Jeep,Grand Wagoneer,2022,Used,10,57605,58165,59406,66716,68388,62106,93088,36
AB,Jeep,Grand Wagoneer,2023,Used,13,64288,66748,74975,79000,85508,74027,58254,46
AB,Jeep,Grand Wagoneer,2026,New,151,91680,95186,98815,104454,120335,101841,17,53
AB,Jeep,Grand Wagoneer L,2026,New,51,93366,97601,101504,107556,111668,103926,18,53
AB,Jeep,Patriot,2016,Used,13,7095,7499,10950,10995,12798,9744,133852,20
AB,Jeep,Wagoneer,2022,Used,14,38230,43388,49899,52787,54048,47814,91908,44
AB,Jeep,Wagoneer,2023,Used,19,49760,52874,57509,63821,64920,58098,62987,53
AB,Jeep,Wagoneer,2024,Used,16,48311,52856,58304,65240,67393,59166,77125,42
AB,Jeep,Wrangler,2015,Used,13,16298,17999,19497,19995,20514,19208,175182,24
AB,Jeep,Wrangler,2016,Used,17,15598,17500,19900,22995,25395,20461,162478,24
AB,Jeep,Wrangler,2017,Used,14,18559,19990,23497,27366,30385,24076,119549,38
AB,Jeep,Wrangler,2018,Used,34,18619,19219,23689,26815,31348,24136,125418,31
AB,Jeep,Wrangler,2019,Used,24,24828,26964,28506,32388,34998,29652,110715,24
AB,Jeep,Wrangler,2020,Used,25,25798,28997,32888,36907,37540,31787,107260,29
AB,Jeep,Wrangler,2021,Used,50,28447,31915,34950,38955,40232,35260,94132,37
AB,Jeep,Wrangler,2022,Used,31,32995,34187,37077,39318,42988,37582,75632,35
AB,Jeep,Wrangler,2023,Used,57,34742,37980,42888,46600,47996,42989,52877,42
AB,Jeep,Wrangler,2024,Used,63,38621,42598,45999,55256,64794,51544,22652,53
AB,Jeep,Wrangler,2025,New,19,55353,58422,68123,75948,79295,67288,120,55
AB,Jeep,Wrangler,2025,Used,104,45149,48998,53542,59211,68649,55627,5530,55
AB,Jeep,Wrangler,2026,New,628,48262,57712,62478,72484,80665,65303,14,55
AB,Jeep,Wrangler,2026,Used,12,50841,58871,59350,62584,64709,59120,5037,48
AB,Kia,Carnival,2024,Used,10,37690,38314,40987,43935,45099,41129,57102,28
AB,Kia,Carnival,2026,New,65,49483,53995,56995,62428,65995,57834,34,53
AB,Kia,Carnival,2026,Used,12,43387,48872,52940,55123,57748,52317,7998,59
AB,Kia,Carnival,2027,New,75,48650,53962,57459,61995,66328,57601,27,22
AB,Kia,EV4,2026,New,25,44570,51030,52987,54595,55560,52085,25,58
AB,Kia,EV5,2027,New,20,52500,54430,55594,61644,66128,57867,28,42
AB,Kia,EV9,2026,New,17,73669,76645,79987,83095,84673,79798,40,52
AB,Kia,Forte,2017,Used,12,9809,9955,11175,12238,12998,11214,138521,32
AB,Kia,Forte,2018,Used,13,9919,9995,10888,13353,17108,12012,100001,11
AB,Kia,Forte,2019,Used,13,10960,12500,13995,14999,17795,14230,121889,23
AB,Kia,Forte,2020,Used,13,11357,13799,16498,17995,19696,15602,86915,37
AB,Kia,Forte,2021,Used,21,15500,16400,17995,18999,20888,17934,85684,32
AB,Kia,Forte,2022,Used,10,15385,16602,17986,20675,21179,18076,77318,34
AB,Kia,Forte,2023,Used,22,17650,19124,22194,23888,24886,21593,68656,34
AB,Kia,Forte,2024,Used,16,18395,20284,22342,24911,24980,22295,73282,37
AB,Kia,K4,2025,New,37,26995,28995,28995,30995,32544,29602,29,43
AB,Kia,K4,2025,Used,33,23844,24980,26888,27997,29888,26628,51945,21
AB,Kia,K4,2026,New,176,27995,29445,30945,34995,37423,31996,40,43
AB,Kia,Niro,2026,New,109,32500,33295,35295,37930,42002,36671,40,58
AB,Kia,Niro EV,2026,New,81,42987,48045,50795,50980,55795,49940,56,62
AB,Kia,Seltos,2021,Used,19,15770,17578,19900,20839,22099,19266,117683,37
AB,Kia,Seltos,2022,Used,12,19898,20742,22382,22982,26499,21766,95346,36
AB,Kia,Seltos,2023,Used,18,20765,22498,25096,25805,28289,24416,57329,38
AB,Kia,Seltos,2024,Used,33,22868,23795,25395,29995,32791,26588,57873,24
AB,Kia,Seltos,2025,Used,40,25445,25995,27906,29891,31014,28107,48078,38
AB,Kia,Seltos,2026,New,115,31995,34995,37995,38995,41703,37409,25,43
AB,Kia,Seltos,2026,Used,24,27295,28968,32298,34499,35525,32071,19041,42
AB,Kia,Seltos,2027,New,227,31180,32995,35980,38995,42909,36603,27,27
AB,Kia,Sorento,2016,Used,19,9873,10750,12888,14099,17101,13248,163574,31
AB,Kia,Sorento,2017,Used,12,10096,11365,12194,15121,17749,13361,149860,32
AB,Kia,Sorento,2018,Used,10,13448,13888,15492,16996,20007,16014,147067,29
AB,Kia,Sorento,2019,Used,32,12999,15518,18346,19878,20366,17649,130204,17
AB,Kia,Sorento,2020,Used,24,14754,16902,17938,19914,20969,18391,134310,38
AB,Kia,Sorento,2022,Used,16,21818,23747,28810,31138,33436,28053,87050,24
AB,Kia,Sorento,2024,Used,11,33999,35994,37995,41098,42997,38738,52081,42
AB,Kia,Sorento,2025,New,31,50995,51995,54995,59495,60995,55640,,42
AB,Kia,Sorento,2025,Used,36,37267,39980,42982,47928,54248,43379,31150,42
AB,Kia,Sorento,2026,New,177,45995,48880,51180,58480,62109,53219,27,43
AB,Kia,Sorento,2026,Used,10,50548,54909,59487,63536,63979,58205,7818,58
AB,Kia,Soul,2016,Used,10,7836,10998,11746,12290,12618,10958,85240,26
AB,Kia,Soul,2019,Used,11,12995,13751,14999,16876,16995,14963,84216,11
AB,Kia,Sportage,2017,Used,11,10900,11598,12999,16297,17395,14122,127968,38
AB,Kia,Sportage,2019,Used,10,13581,14686,18396,19718,23820,17761,103250,20
AB,Kia,Sportage,2020,Used,17,14529,16682,17897,18988,20792,17833,130595,31
AB,Kia,Sportage,2021,Used,16,17998,18994,19440,20888,21448,19435,111043,36
AB,Kia,Sportage,2023,Used,38,23889,25888,28938,31866,33823,28681,68624,38
AB,Kia,Sportage,2024,Used,27,26266,27944,29912,30980,31936,29438,59965,38
AB,Kia,Sportage,2025,New,22,35995,39495,43995,50995,50995,44268,514,43
AB,Kia,Sportage,2025,Used,11,30405,31238,32490,34998,35995,32975,26857,32
AB,Kia,Sportage,2026,New,670,37655,40830,43620,47328,49694,43818,27,53
AB,Kia,Sportage,2026,Used,40,34474,37804,39902,42542,44953,39958,12548,43
AB,Kia,Sportage,2027,New,180,44380,44995,48382,50972,54001,48877,40,20
AB,Land Rover,Range Rover Evoque,2026,Used,11,54995,58948,65900,68900,69900,63926,7712,9
AB,Land Rover,Range Rover Sport,2016,Used,10,17999,20886,24990,25999,29192,24778,103992,38
AB,Land Rover,Range Rover Sport,2018,Used,10,26899,29924,31944,39808,42217,34188,108118,28
AB,Land Rover,Range Rover Sport,2022,Used,11,43995,46898,47910,53978,55909,52305,83206,54
AB,Land Rover,Range Rover Velar,2026,Used,16,68448,71400,77900,78924,84900,76480,8730,9
AB,Lexus,IS,2026,New,30,60777,60862,67021,71352,72760,66938,5,26
AB,Lexus,LX,2026,New,10,141471,143336,143352,148044,149039,144162,90,15
AB,Lexus,NX,2024,Used,15,48313,49494,50900,54997,56340,52062,36070,16
AB,Lexus,NX,2025,Used,14,50894,53524,55796,61668,65516,57904,15902,24
AB,Lexus,NX,2026,New,221,58018,58668,63199,68580,74466,64712,7,24
AB,Lexus,NX,2026,Used,14,53561,54898,57252,66112,75166,61471,9848,55
AB,Lexus,RX,2020,Used,10,36894,39587,40050,43745,47089,41675,85430,42
AB,Lexus,RX,2022,Used,10,46349,48224,49242,49872,51844,49197,77173,20
AB,Lexus,RX,2023,Used,22,48899,51890,53492,58422,64509,55500,47926,52
AB,Lexus,RX,2024,Used,25,55196,56868,58386,62898,74363,61283,33285,51
AB,Lexus,RX,2025,Used,19,64195,67738,69900,73398,78795,71796,17894,46
AB,Lexus,RX,2026,New,240,64870,68660,74387,79957,82480,74605,5,22
AB,Lexus,RX,2026,Used,24,64598,69304,74260,76885,85244,74137,8582,55
AB,Lexus,TX,2026,New,61,73212,74598,77351,84449,86920,79178,5,21
AB,Lexus,UX,2025,Used,18,44568,44900,45446,47454,53791,47385,15575,23
AB,Lexus,UX,2026,New,89,48402,49052,52065,54516,56595,52337,9,32
AB,Lincoln,Aviator,2022,Used,19,41627,42494,44290,46938,46999,44310,92502,22
AB,Lincoln,Aviator,2023,Used,13,46997,48400,51997,53649,61507,52591,71885,43
AB,Lincoln,Aviator,2025,Used,11,69888,72498,73990,76718,80557,74186,24807,52
AB,Lincoln,Aviator,2026,New,157,78154,85265,89898,94500,98814,89572,15,53
AB,Lincoln,Nautilus,2019,Used,12,20064,20852,26598,28868,29896,25657,110514,38
AB,Lincoln,Nautilus,2022,Used,18,31854,35223,38152,39805,40592,37074,69434,38
AB,Lincoln,Nautilus,2024,Used,15,52415,54028,54990,57500,62218,55990,35324,25
AB,Lincoln,Nautilus,2025,Used,18,56690,58996,60761,62805,63989,60298,24362,20
AB,Lincoln,Nautilus,2026,New,373,62386,68636,74386,79094,83795,73883,16,42
AB,Lincoln,Navigator,2026,New,37,123794,127747,138731,143840,154625,136972,12,55
AB,Lincoln,Navigator,2027,New,40,125775,136420,141194,144670,148420,140925,10,35
AB,Lincoln,lincoln,2026,New,14,71713,71713,74789,77572,77777,74372,16,58
AB,MINI,3 Door,2026,New,12,51659,54314,59414,59939,60389,57044,55,58
AB,MINI,Cooper,2026,New,14,49185,49285,54135,59035,59035,54146,90,58
AB,MINI,Cooper,2027,New,28,56735,57485,57635,61235,61735,58948,90,31
AB,MINI,Countryman,2026,Used,11,39683,41624,42988,45197,52910,44709,20240,24
AB,MINI,Countryman,2027,New,17,58339,60039,60039,60339,60359,59986,46,51
AB,Maserati,Grecale,2026,New,26,111239,114060,116596,117985,138552,119879,46,51
AB,Mazda,3 Sport,2026,New,10,28525,28850,35658,38716,40070,34383,16,31
AB,Mazda,CX-30,2021,Used,14,27206,27906,29499,29997,30350,29034,63382,33
AB,Mazda,CX-30,2024,Used,11,28980,29428,29997,31470,33088,30877,57985,17
AB,Mazda,CX-30,2025,Used,15,29888,30195,31495,35258,42458,33734,43900,33
AB,Mazda,CX-30,2026,New,236,32090,33823,36992,43525,44742,38045,15,53
AB,Mazda,CX-30,2026,Used,36,34086,36636,41290,43876,45536,40100,50,43
AB,Mazda,CX-5,2018,Used,10,19696,23248,24704,26764,27165,24140,104168,13
AB,Mazda,CX-5,2020,Used,10,22694,24124,25894,27741,30095,25944,121312,16
AB,Mazda,CX-5,2021,Used,20,24446,25740,27494,29996,31129,27776,106708,60
AB,Mazda,CX-5,2023,Used,10,29411,29846,32118,37973,39550,33521,67105,12
AB,Mazda,CX-5,2024,Used,14,29262,30747,33844,37814,40798,34628,50991,18
AB,Mazda,CX-5,2025,Used,53,29991,31995,33304,34995,37378,33725,53537,12
AB,Mazda,CX-5,2026,New,880,39040,41875,44938,48973,49859,45039,13,53
AB,Mazda,CX-5,2026,Used,139,41032,43014,44032,48782,51032,45352,50,43
AB,Mazda,CX-50,2024,Used,13,36395,39698,40586,41698,43298,40372,47240,24
AB,Mazda,CX-50,2025,Used,18,38185,41699,43926,45666,48413,43511,28018,32
AB,Mazda,CX-70,2025,Used,33,34864,36990,39856,42995,50934,41500,55325,31
AB,Mazda,CX-70,2026,New,115,51775,56275,60325,64290,67223,60375,14,54
AB,Mazda,CX-70,2026,Used,16,58689,61876,63989,66150,69988,63812,50,62
AB,Mazda,CX-9,2022,Used,10,31248,32497,34744,35793,36108,34215,78404,22
AB,Mazda,CX-90,2024,Used,19,37241,38818,42888,46497,49195,43254,52574,23
AB,Mazda,CX-90,2025,Used,28,38731,40029,42662,53665,58596,46491,58317,41
AB,Mazda,CX-90,2026,New,262,53090,57299,60116,65666,68538,60686,13,61
AB,Mazda,CX-90,2026,Used,57,55538,60138,63466,67188,68528,62872,50,62
AB,Mazda,MX-5,2026,New,10,40907,42825,43090,45224,47724,43837,12,35
AB,Mazda,Mazda3,2018,Used,10,14340,14500,15974,18874,20999,16873,112216,24
AB,Mazda,Mazda3,2019,Used,12,15545,16728,18442,19915,19995,18211,106302,20
AB,Mazda,Mazda3,2024,Used,12,23309,23805,27470,30248,31820,27019,44684,20
AB,Mazda,Mazda3,2025,New,12,33461,34211,35464,37554,40700,36141,12,62
AB,Mazda,Mazda3,2025,Used,26,26699,27688,29992,34658,35892,31039,29500,25
AB,Mazda,Mazda3,2026,New,167,28471,31256,36975,41500,42660,36644,13,53
AB,Mazda,Mazda3,2026,Used,34,32588,35384,37182,40508,42308,37380,50,52
AB,Mercedes-Benz,C-Class,2017,Used,13,18046,20290,23999,31888,34798,26885,105150,24
AB,Mercedes-Benz,C-Class,2018,Used,12,19098,20186,23394,33194,38769,28023,116984,28
AB,Mercedes-Benz,C-Class,2025,Used,25,57888,58888,59888,64980,72671,63136,8210,61
AB,Mercedes-Benz,C-Class,2026,New,52,69908,72734,77900,79645,86862,78454,90,58
AB,Mercedes-Benz,CLA-Class,2025,Used,14,38559,47845,51138,61790,65524,52211,9754,62
AB,Mercedes-Benz,CLA-Class,2026,New,43,58193,59764,60874,76362,80548,68039,14,61
AB,Mercedes-Benz,CLA-Class,2026,Used,23,38995,40990,42990,53370,61545,48386,26029,55
AB,Mercedes-Benz,CLE-Class,2026,New,26,80439,88150,93595,102137,110587,94957,90,51
AB,Mercedes-Benz,CLE-Class,2027,New,11,70999,83912,89974,100312,110578,92163,90,4
AB,Mercedes-Benz,E-Class,2026,New,58,88072,92849,103099,130179,142717,110179,14,61
AB,Mercedes-Benz,GLA-Class,2020,Used,10,22827,23471,24900,24900,24900,24265,73024,51
AB,Mercedes-Benz,GLA-Class,2025,Used,11,49800,49888,49990,65924,68524,56786,10259,61
AB,Mercedes-Benz,GLA-Class,2026,New,65,60695,61695,64795,67095,74294,65509,90,58
AB,Mercedes-Benz,GLA-Class,2026,Used,21,41900,41990,52980,63129,66424,53006,11238,59
AB,Mercedes-Benz,GLB-Class,2026,New,87,63497,64749,66595,68522,70073,66443,90,58
AB,Mercedes-Benz,GLC-Class,2019,Used,24,21982,24993,29692,34854,45646,31604,102872,40
AB,Mercedes-Benz,GLC-Class,2021,Used,16,29388,31798,40938,48900,72940,43968,87600,40
AB,Mercedes-Benz,GLC-Class,2022,Used,25,30499,32995,41900,50990,53949,41902,57869,38
AB,Mercedes-Benz,GLC-Class,2023,Used,18,46922,51172,53068,55974,62088,53367,36277,52
AB,Mercedes-Benz,GLC-Class,2024,Used,10,49610,53170,54242,55664,63008,55283,37410,46
AB,Mercedes-Benz,GLC-Class,2026,New,186,72895,74945,80772,88198,104236,86043,26,58
AB,Mercedes-Benz,GLC-Class,2026,Used,12,66064,70395,71895,72145,78452,72488,7584,63
AB,Mercedes-Benz,GLC-Class,2027,New,100,74182,79374,82937,86012,88309,82252,90,16
AB,Mercedes-Benz,GLE-Class,2018,Used,12,22094,24122,26502,30995,46589,30356,123578,38
AB,Mercedes-Benz,GLE-Class,2022,Used,23,49847,52225,56950,60990,110490,66417,67387,36
AB,Mercedes-Benz,GLE-Class,2023,Used,17,54855,57995,73998,93990,108792,77418,53557,54
AB,Mercedes-Benz,GLE-Class,2024,Used,18,63543,66860,74939,76858,83296,74437,48898,48
AB,Mercedes-Benz,GLE-Class,2025,Used,11,69900,72242,84888,99344,124900,91633,35866,50
AB,Mercedes-Benz,GLE-Class,2026,New,177,99170,102484,109084,119444,148259,116016,90,58
AB,Mercedes-Benz,GLE-Class,2026,Used,14,77616,79150,79948,95049,100627,87796,24735,59
AB,Mercedes-Benz,GLS-Class,2026,New,22,137704,139120,141167,148677,165309,152192,90,58
AB,Mercedes-Benz,Sprinter,2025,Used,26,48990,49901,52990,53990,54990,52278,35546,38
AB,Mercedes-Benz,Sprinter,2026,New,85,73862,78498,87307,97933,106720,89245,15,58
AB,Mitsubishi,Eclipse Cross,2022,Used,17,17548,19500,21999,23995,25974,21827,97452,30
AB,Mitsubishi,Eclipse Cross,2024,Used,19,25503,26764,29995,31988,33156,29487,31490,17
AB,Mitsubishi,Eclipse Cross,2026,New,287,25995,31245,34772,38072,39872,34205,18,46
AB,Mitsubishi,Outlander,2018,Used,11,13368,15404,17995,19296,20907,17333,114561,27
AB,Mitsubishi,Outlander,2020,Used,20,16784,17665,20496,23338,25270,20508,112856,24
AB,Mitsubishi,Outlander,2022,Used,24,23926,25288,27486,29070,31600,27362,83303,33
AB,Mitsubishi,Outlander,2023,Used,14,29602,29960,33397,36306,37158,33427,64336,24
AB,Mitsubishi,Outlander,2024,Used,51,30995,32988,34995,39439,41995,36079,41656,38
AB,Mitsubishi,Outlander,2025,Used,46,30646,31998,34588,36955,44799,35390,28376,20
AB,Mitsubishi,Outlander,2026,New,853,31813,38573,44977,49572,53995,44403,20,42
AB,Mitsubishi,Outlander,2026,Used,13,37219,38573,43772,47421,50960,43580,6345,38
AB,Mitsubishi,RVR,2018,Used,10,8700,9375,13884,14794,16550,12616,172949,28
AB,Mitsubishi,RVR,2021,Used,34,16648,17874,19888,21838,22984,19759,113282,38
AB,Mitsubishi,RVR,2023,Used,11,19990,20827,23995,28800,29995,24818,58947,46
AB,Mitsubishi,RVR,2024,Used,28,22870,24665,26224,27915,29188,26373,44739,38
AB,Mitsubishi,RVR,2025,New,13,29988,29988,31148,31988,31988,30475,1522,58
AB,Mitsubishi,RVR,2026,New,207,23995,24499,29748,33747,36212,29477,25,42
AB,Nissan,Armada,2026,New,88,88804,94269,102522,105336,108713,99929,15,60
AB,Nissan,Armada,2026,Used,20,77968,82373,84999,95224,99520,88436,9907,58
AB,Nissan,Frontier,2019,Used,10,19809,20471,22248,25162,26477,22933,120142,16
AB,Nissan,Frontier,2022,Used,10,34925,37541,38450,39607,40597,38445,101018,24
AB,Nissan,Frontier,2024,Used,11,43999,45988,46999,49478,52900,48189,42649,57
AB,Nissan,Kicks,2019,Used,15,12361,13118,13999,14990,16398,14224,135490,37
AB,Nissan,Kicks,2020,Used,10,14926,16055,17249,18220,18819,17167,98920,16
AB,Nissan,Kicks,2021,Used,14,17583,18175,18999,19847,21696,19279,82464,24
AB,Nissan,Kicks,2022,Used,11,16720,17552,18395,19743,21552,18645,76150,17
AB,Nissan,Kicks,2024,Used,38,19743,20896,22964,24957,25919,22862,47048,38
AB,Nissan,Kicks,2025,New,20,25055,26748,27618,29777,32988,28228,11,60
AB,Nissan,Kicks,2025,Used,99,21790,22992,25998,29443,31990,26610,23188,43
AB,Nissan,Kicks,2026,New,627,29358,31148,32387,34698,36415,32836,12,59
AB,Nissan,Kicks,2026,Used,61,28431,29632,31932,34862,35657,31830,321,55
AB,Nissan,LEAF,2026,New,15,45563,49478,51146,56191,56473,51792,10,60
AB,Nissan,Murano,2016,Used,11,12999,13894,14906,18380,23990,16575,130590,38
AB,Nissan,Murano,2017,Used,13,12906,14488,16205,19995,25684,17734,155953,17
AB,Nissan,Murano,2018,Used,17,12120,13900,17995,20300,22691,17602,135439,20
AB,Nissan,Murano,2019,Used,19,15712,17543,21331,23163,27065,20986,116180,38
AB,Nissan,Murano,2020,Used,21,19325,20995,24890,26990,29442,24347,106953,24
AB,Nissan,Murano,2021,Used,23,20131,22952,24998,26948,29550,25059,92447,32
AB,Nissan,Murano,2023,Used,12,23469,28699,30942,32987,33824,29881,76514,44
AB,Nissan,Murano,2025,Used,20,43900,45352,48206,49812,52943,48164,18226,55
AB,Nissan,Murano,2026,New,20,59283,60970,61613,63108,65910,62183,15,52
AB,Nissan,Murano,2027,New,13,58589,58869,60548,61469,61469,60247,10,15
AB,Nissan,Nissan Z,2026,New,13,70066,71228,71998,72987,74467,70754,13,59
AB,Nissan,Pathfinder,2014,Used,16,6200,8375,10997,13416,20448,12392,174276,26
AB,Nissan,Pathfinder,2015,Used,12,8999,9150,11414,13464,18316,12159,159262,18
AB,Nissan,Pathfinder,2017,Used,17,10559,11941,13999,17995,19459,14827,148874,25
AB,Nissan,Pathfinder,2018,Used,13,13231,15995,19995,19998,22594,18550,92637,12
AB,Nissan,Pathfinder,2019,Used,15,15399,18248,20000,22995,25187,20452,130860,37
AB,Nissan,Pathfinder,2020,Used,19,16888,19432,21888,24954,28922,22062,120903,21
AB,Nissan,Pathfinder,2022,Used,18,31975,33845,37898,39800,42011,37272,85296,33
AB,Nissan,Pathfinder,2023,Used,19,34995,37954,39595,40928,44687,39274,72832,24
AB,Nissan,Pathfinder,2024,Used,43,35892,38938,42529,45843,48700,42150,58413,29
AB,Nissan,Pathfinder,2026,New,62,58577,62912,63610,64700,67438,63642,11,17
AB,Nissan,Qashqai,2019,Used,17,11356,15309,17407,19888,20129,16561,113665,38
AB,Nissan,Qashqai,2020,Used,15,17280,18536,19959,21949,23531,20240,83430,25
AB,Nissan,Qashqai,2021,Used,11,17997,19242,20700,21950,23999,20772,78410,35
AB,Nissan,Qashqai,2022,Used,16,20950,21900,22556,23218,24453,22430,76478,30
AB,Nissan,Qashqai,2023,Used,27,20900,22238,24585,25610,26697,23945,50028,24
AB,Nissan,Rogue,2013,Used,11,7750,7999,8999,10975,12888,9626,147760,25
AB,Nissan,Rogue,2015,Used,11,8999,9500,10999,12497,13804,11345,170392,24
AB,Nissan,Rogue,2016,Used,25,9381,9929,11995,13995,15295,12075,161193,35
AB,Nissan,Rogue,2017,Used,27,11557,13966,15988,17455,20338,15721,144520,38
AB,Nissan,Rogue,2018,Used,32,11189,14990,15999,17888,18486,16178,115712,31
AB,Nissan,Rogue,2019,Used,29,12994,14878,17995,19995,22186,17719,126717,22
AB,Nissan,Rogue,2020,Used,23,15008,15897,17995,19948,20405,17954,104521,29
AB,Nissan,Rogue,2021,Used,41,18999,20795,23494,24987,27888,23195,114647,37
AB,Nissan,Rogue,2022,Used,17,21904,21999,24800,28988,29131,25369,83503,30
AB,Nissan,Rogue,2023,Used,49,22998,24994,27985,29999,32486,27864,61511,38
AB,Nissan,Rogue,2024,Used,99,25456,26798,28498,31995,34125,29211,39066,31
AB,Nissan,Rogue,2025,Used,102,26901,28996,31298,33888,37537,31945,48792,38
AB,Nissan,Rogue,2026,New,1288,36428,37896,41841,44855,49327,42010,12,54
AB,Nissan,Rogue,2026,Used,66,32745,34892,38297,42995,44357,38662,8250,55
AB,Nissan,Sentra,2022,Used,12,19900,19966,21568,23050,24230,21753,61555,38
AB,Nissan,Sentra,2023,Used,16,18587,18956,20246,21099,22445,20417,55391,30
AB,Nissan,Sentra,2024,Used,27,20569,21944,22999,24444,24997,23217,37355,22
AB,Nissan,Sentra,2025,Used,27,22536,23541,23999,25819,26197,24601,17658,38
AB,Nissan,Sentra,2026,New,198,27852,29218,30078,31800,32785,30430,12,59
AB,Nissan,Sentra,2026,Used,10,27778,28690,29168,29647,30444,29429,2551,60
AB,Nissan,Titan,2018,Used,10,20789,25173,29250,29894,33995,27679,112318,34
AB,Nissan,Versa,2024,Used,20,18445,18963,21939,23118,24982,21395,53044,46
AB,Nissan,Versa,2025,Used,22,22067,23040,23894,24626,24980,23653,21172,50
AB,Porsche,Cayenne,2023,Used,10,68600,74764,80448,92496,97201,83012,56840,40
AB,Porsche,Cayenne,2024,Used,10,79558,88206,89949,117974,131840,98710,39041,32
AB,Porsche,Cayenne,2026,New,37,132318,136060,144040,162520,177474,151997,35,40
AB,Porsche,Cayenne,2026,Used,13,128075,129136,145708,155272,163793,144581,24,40
AB,Porsche,Macan,2023,Used,17,53339,56900,63900,74995,81993,66121,42968,40
AB,Porsche,Macan,2025,Used,27,73877,75912,77995,93218,113938,86133,5608,40
AB,Porsche,Macan,2026,New,56,84125,90150,91730,112642,144166,104486,53,40
AB,Porsche,Macan,2026,Used,45,78395,80998,88840,91810,92909,88493,96,40
AB,Ram,1500,2013,Used,12,10060,12250,13750,16742,17842,14730,168292,22
AB,Ram,1500,2014,Used,31,8900,12700,15500,18444,22888,15369,179458,17
AB,Ram,1500,2015,Used,38,12689,14999,19444,23775,27536,19781,168800,24
AB,Ram,1500,2016,Used,35,12696,15900,18600,23894,25364,19296,188449,33
AB,Ram,1500,2017,Used,81,14000,17500,20000,24995,27980,23097,149865,22
AB,Ram,1500,2018,Used,61,15888,19999,24688,27995,31995,24096,154251,37
AB,Ram,1500,2019,Used,90,21537,28768,33998,38371,39987,32775,145132,32
AB,Ram,1500,2020,Used,73,25122,31999,34999,39790,42999,35444,135663,38
AB,Ram,1500,2021,Used,60,27141,31795,38505,40924,48898,39915,130526,38
AB,Ram,1500,2022,Used,167,35617,39932,44374,47950,53332,44198,90730,38
AB,Ram,1500,2023,Used,126,36278,40248,47500,53981,59516,48585,73388,42
AB,Ram,1500,2024,Used,58,44994,48988,55543,59995,66616,56052,50544,38
AB,Ram,1500,2025,Used,167,49946,56948,63955,69996,79372,64406,21131,52
AB,Ram,1500,2026,New,2327,66381,72444,80965,87997,100763,82391,15,54
AB,Ram,1500,2026,Used,110,61448,68966,76690,86611,98318,79328,7480,55
AB,Ram,1500,2027,New,297,73031,75630,88460,96555,116616,89749,8,13
AB,Ram,1500 Classic,2019,Used,86,16748,19991,23990,27990,29998,23912,152193,35
AB,Ram,1500 Classic,2020,Used,29,14439,20900,28875,30900,32995,25421,129756,27
AB,Ram,1500 Classic,2021,Used,59,23810,27941,31889,33997,35156,30561,112826,24
AB,Ram,1500 Classic,2022,Used,79,28719,31888,36490,38246,39998,35217,87311,33
AB,Ram,1500 Classic,2023,Used,122,32897,34996,37962,39888,41981,37381,77844,37
AB,Ram,1500 Classic,2024,Used,12,39364,40748,43948,48247,50699,45311,40200,40
AB,Ram,2500,2017,Used,18,25561,30497,34638,37420,46455,35955,174568,26
AB,Ram,2500,2018,Used,15,26795,32388,40988,45960,49502,39409,129556,32
AB,Ram,2500,2019,Used,22,29995,34066,43768,49998,52892,42501,171170,46
AB,Ram,2500,2021,Used,13,43591,46482,49977,67995,72995,55275,138417,25
AB,Ram,2500,2022,Used,20,41715,47978,56100,60645,64344,54860,108864,38
AB,Ram,2500,2023,Used,44,46724,60241,69667,75148,79730,66095,91382,52
AB,Ram,2500,2024,Used,43,60118,67746,72999,79494,85128,72507,53340,52
AB,Ram,2500,2025,New,12,91130,96300,98769,101529,112012,99218,0,55
AB,Ram,2500,2025,Used,22,73071,74624,84948,90442,98878,84586,790,52
AB,Ram,2500,2026,New,486,79014,84990,95296,108185,116099,96737,20,55
AB,Ram,2500,2026,Used,19,65643,72444,87488,98340,103401,85917,7460,47
AB,Ram,2500,2027,New,86,87472,94962,104450,119384,121960,105518,1,17
AB,Ram,3500,2016,Used,13,29599,32900,39711,43875,46788,38244,218643,25
AB,Ram,3500,2018,Used,17,32703,38999,44988,51988,60620,45146,185796,38
AB,Ram,3500,2019,Used,17,37557,38998,47500,49809,62386,47053,131293,37
AB,Ram,3500,2020,Used,12,46244,51861,55992,60370,61948,54110,155306,40
AB,Ram,3500,2021,Used,13,45493,49900,61889,63988,70433,56904,137694,26
AB,Ram,3500,2022,Used,38,45597,50249,60174,68222,73266,60066,131528,38
AB,Ram,3500,2023,Used,42,55982,59984,69344,76822,81782,68746,79233,38
AB,Ram,3500,2024,Used,80,59998,65351,73996,83045,90196,74803,50042,37
AB,Ram,3500,2025,Used,29,79596,81945,94999,96708,99292,90458,11453,53
AB,Ram,3500,2026,New,861,84300,92214,103848,115165,122135,103554,21,55
AB,Ram,3500,2026,Used,26,69498,81635,96750,109085,116330,95856,11276,47
AB,Ram,3500,2027,New,124,97764,100785,108367,120912,130142,110994,1,24
AB,Ram,Other,2019,Used,10,18695,22245,24045,26745,28195,23905,98274,12
AB,Ram,ProMaster,2023,Used,10,34940,39374,44486,50991,61180,52478,53544,38
AB,Ram,ProMaster,2025,New,15,62289,64335,71745,80110,80463,72222,51,55
AB,Ram,ProMaster,2025,Used,46,44932,46618,48945,54998,67944,52514,15966,48
AB,Ram,ProMaster,2026,New,67,59990,64286,69700,71900,73601,68327,19,55
AB,Ram,ProMaster,2027,New,14,68578,69489,70275,74615,77552,71991,,15
AB,Subaru,Ascent,2023,Used,14,30420,34352,37714,39871,40621,36440,68250,22
AB,Subaru,Crosstrek,2018,Used,16,14974,18165,21438,25308,26842,21292,112911,24
AB,Subaru,Crosstrek,2021,Used,15,20599,23988,25996,27974,28990,25531,93045,24
AB,Subaru,Crosstrek,2024,Used,35,27397,29853,31711,34101,36655,32001,37115,38
AB,Subaru,Crosstrek,2025,Used,20,31795,33905,35200,36496,37893,34921,17625,18
AB,Subaru,Crosstrek,2026,New,278,37920,39816,42709,45591,46107,42027,12,10
AB,Subaru,Forester,2016,Used,10,11950,13994,14444,16746,19066,15313,181936,32
AB,Subaru,Forester,2017,Used,10,13714,15125,18600,19752,20295,17528,141151,14
AB,Subaru,Forester,2018,Used,10,13797,16342,18502,19975,21959,18023,142514,22
AB,Subaru,Forester,2020,Used,10,22211,24329,25619,26068,26538,24649,121194,24
AB,Subaru,Forester,2025,Used,14,37995,39894,40742,42824,46395,41188,27854,47
AB,Subaru,Forester,2026,New,431,39211,44588,47246,48846,53746,47265,10,36
AB,Subaru,Outback,2022,Used,26,27992,29121,31992,33375,35744,31423,91560,37
AB,Subaru,Outback,2026,New,91,46461,53949,54880,57079,57079,53842,11,9
AB,Subaru,WRX,2017,Used,19,14710,16497,19800,23744,24905,20036,120885,31
AB,Subaru,WRX,2018,Used,17,16298,19888,25888,29497,30675,24512,117323,24
AB,Subaru,WRX,2019,Used,15,22996,23698,25773,26994,29498,25642,98721,24
AB,Subaru,WRX,2020,Used,11,21988,25994,26788,31876,35900,28105,108898,42
AB,Subaru,WRX,2023,Used,20,31119,31952,33244,34119,35026,33170,41263,48
AB,Subaru,WRX,2024,Used,16,33450,35207,36244,37014,37738,35967,26020,53
AB,Subaru,WRX,2026,New,18,41495,43484,49377,53067,54098,48231,12,53
AB,Toyota,4Runner,2019,Used,13,40212,40888,43980,46497,47741,43132,116487,27
AB,Toyota,4Runner,2020,Used,11,39888,42994,47500,49969,49997,46453,101418,23
AB,Toyota,4Runner,2021,Used,17,39329,44999,47999,50893,54141,47292,98195,22
AB,Toyota,4Runner,2022,Used,23,47768,49948,51995,54438,57499,52090,90164,26
AB,Toyota,4Runner,2023,Used,16,49996,52314,56886,60216,64219,56653,60408,26
AB,Toyota,4Runner,2025,Used,12,60208,70747,76195,87359,94645,74933,24349,16
AB,Toyota,4Runner,2026,New,46,60818,65777,73390,78294,80954,71908,7,33
AB,Toyota,C-HR,2026,New,11,47315,47640,48311,54672,57464,50671,0,55
AB,Toyota,Camry,2024,Used,24,27198,27999,30296,33470,34995,30942,80879,37
AB,Toyota,Camry,2025,Used,26,33999,39143,43590,46995,50058,43367,29580,52
AB,Toyota,Camry,2026,New,42,38778,39914,43212,49883,50502,44456,7,22
AB,Toyota,Corolla,2017,Used,11,12995,13997,16895,18464,19997,16152,151676,24
AB,Toyota,Corolla,2020,Used,17,19102,20800,22988,22999,23836,21745,111240,24
AB,Toyota,Corolla,2021,Used,17,18397,18999,22888,23950,26354,22090,103826,36
AB,Toyota,Corolla,2022,Used,36,19474,21997,23945,25912,27951,24166,81885,34
AB,Toyota,Corolla,2023,Used,14,23991,24626,25590,29915,31846,27291,63560,23
AB,Toyota,Corolla,2024,Used,28,24834,25372,26348,27672,29221,26733,58001,27
AB,Toyota,Corolla,2025,Used,27,25638,25995,27997,31669,33995,29313,31950,42
AB,Toyota,Corolla,2026,New,114,26880,29521,31480,33819,36632,31855,5,39
AB,Toyota,Corolla Cross,2026,New,54,33116,34934,38364,42586,46278,38669,7,30
AB,Toyota,Corolla Cross,2026,Used,21,34995,36495,36495,37395,40497,37313,20150,22
AB,Toyota,Corolla Hatchback,2026,New,24,25830,27729,30260,31890,32819,29604,1,55
AB,Toyota,Crown,2026,New,57,49860,62313,63040,65262,67415,61540,5,36
AB,Toyota,GR Corolla,2026,New,13,57198,57998,60511,64795,67414,62030,7,17
AB,Toyota,Grand Highlander,2024,Used,15,49746,52948,55395,57993,65597,54861,49692,30
AB,Toyota,Grand Highlander,2026,New,17,44629,59353,63043,66688,70928,59712,0,53
AB,Toyota,Highlander,2018,Used,10,27011,28410,29998,32413,33920,29868,140698,16
AB,Toyota,Highlander,2019,Used,11,29788,29848,32988,34951,36900,32732,112920,22
AB,Toyota,Highlander,2020,Used,14,29296,35246,38498,39998,42354,37046,114238,30
AB,Toyota,Highlander,2021,Used,25,38190,39995,40888,44499,47026,41919,104452,23
AB,Toyota,Highlander,2022,Used,28,39966,42995,45599,48846,49921,45464,88640,27
AB,Toyota,Highlander,2023,Used,29,43271,44910,48999,51855,52716,48450,69011,36
AB,Toyota,Highlander,2024,Used,14,43361,49221,53416,55811,61718,52807,55448,17
AB,Toyota,Highlander,2026,New,23,55318,58888,60698,64310,66546,60284,0,36
AB,Toyota,Highlander,2026,Used,10,60895,61470,64442,64971,66064,63750,9686,28
AB,Toyota,Land Cruiser,2027,New,17,86370,89998,94777,95298,96816,93288,6,15
AB,Toyota,Prius,2026,New,18,31647,40466,43856,47986,48591,42169,0,52
AB,Toyota,Prius,2027,New,17,43895,45136,48299,50766,54129,48259,7,9
AB,Toyota,RAV4,2018,Used,15,20392,23636,26977,27794,30159,25987,146937,24
AB,Toyota,RAV4,2019,Used,28,24984,26958,29710,30982,32996,29246,105745,24
AB,Toyota,RAV4,2020,Used,29,28395,29990,32000,34977,36600,32704,107462,21
AB,Toyota,RAV4,2021,Used,61,27887,29990,34888,36997,39555,33707,91016,30
AB,Toyota,RAV4,2022,Used,56,29988,34963,36894,39062,44142,37101,66284,17
AB,Toyota,RAV4,2023,Used,69,32488,35999,40800,42995,45986,39678,63195,30
AB,Toyota,RAV4,2024,Used,68,35632,37860,40399,45292,49265,41877,51334,25
AB,Toyota,RAV4,2025,Used,94,36970,37999,43438,46997,49772,43103,37322,38
AB,Toyota,RAV4,2026,New,86,40946,47216,54758,60621,63314,52689,8,10
AB,Toyota,RAV4,2026,Used,32,48974,51965,53834,56517,58490,54291,933,38
AB,Toyota,Sequoia,2026,New,21,92768,100315,105006,107375,109657,103643,0,36
AB,Toyota,Sienna,2025,Used,17,51599,53990,58995,62888,70196,60164,18371,29
AB,Toyota,Sienna,2026,New,43,54576,58644,61398,67405,76414,63012,7,13
AB,Toyota,Sienna,2026,Used,11,57997,59448,61500,66388,69997,62852,10046,26
AB,Toyota,Tacoma,2019,Used,18,38753,41244,43283,43990,45077,41703,121212,36
AB,Toyota,Tacoma,2021,Used,12,37094,39653,44292,47622,49715,43669,93604,21
AB,Toyota,Tacoma,2022,Used,12,37400,42339,45388,49237,49994,44994,90424,34
AB,Toyota,Tacoma,2023,Used,43,44165,46445,48995,53592,57690,49300,66050,29
AB,Toyota,Tacoma,2024,Used,28,49760,51832,54580,56232,63996,55409,30570,35
AB,Toyota,Tacoma,2025,Used,37,51798,55995,61986,66995,71253,61903,19088,53
AB,Toyota,Tacoma,2026,New,239,52698,55778,60938,69496,84351,61999,5,25
AB,Toyota,Tundra,2022,Used,24,43848,45127,52748,56489,62064,51975,84072,39
AB,Toyota,Tundra,2023,Used,37,47417,49369,53555,59995,63547,55286,69879,42
AB,Toyota,Tundra,2024,Used,50,50612,53244,59905,65993,69995,60337,52348,26
AB,Toyota,Tundra,2025,Used,50,55895,58104,66990,74830,80894,66834,28191,32
AB,Toyota,Tundra,2026,New,410,63685,68972,77498,86526,91016,76720,5,39
AB,Toyota,Tundra,2026,Used,16,65353,69041,82694,86866,88998,78122,9424,52
AB,Toyota,bZ,2026,New,36,44274,55719,60716,64749,67964,58124,5,48
AB,Volkswagen,Atlas,2018,Used,16,14703,17500,19948,23100,26988,20603,168738,32
AB,Volkswagen,Atlas,2019,Used,19,20778,22704,23993,25990,27007,24154,136111,22
AB,Volkswagen,Atlas,2021,Used,24,23449,25804,29888,31016,35709,28978,104302,24
AB,Volkswagen,Atlas,2022,Used,12,28292,31358,32204,33644,34884,32077,98956,31
AB,Volkswagen,Atlas,2023,Used,30,32831,36124,37702,39480,40014,37476,83774,27
AB,Volkswagen,Atlas,2024,Used,43,37999,39348,43988,45700,46930,42914,53144,24
AB,Volkswagen,Atlas,2025,Used,32,44908,46899,49148,50946,52176,49065,24934,60
AB,Volkswagen,Atlas,2026,New,392,54557,59844,61229,63045,64545,60926,15,58
AB,Volkswagen,Atlas,2026,Used,35,51907,53454,54995,58592,62538,56316,2334,42
AB,Volkswagen,Atlas Cross Sport,2022,Used,13,29909,31507,32463,33307,33850,31990,86980,52
AB,Volkswagen,Atlas Cross Sport,2024,Used,16,40642,42740,43507,44752,45350,43124,51850,42
AB,Volkswagen,Atlas Cross Sport,2025,Used,19,40319,41942,45400,49078,50339,45413,36501,54
AB,Volkswagen,Atlas Cross Sport,2026,New,242,59440,60945,62304,63445,64245,62245,15,58
AB,Volkswagen,Atlas Cross Sport,2026,Used,11,55400,56585,58445,58942,59440,57948,858,58
AB,Volkswagen,Golf,2017,Used,10,11959,14468,16442,17723,18636,15815,161312,34
AB,Volkswagen,Golf,2019,Used,10,12475,14996,19497,22999,24807,18752,110887,24
AB,Volkswagen,Golf GTI,2024,Used,10,33578,36263,37895,37973,38869,37213,26592,31
AB,Volkswagen,Golf GTI,2026,New,52,39445,41195,43948,43950,44645,42419,15,58
AB,Volkswagen,Golf R,2024,Used,17,43418,43900,44888,47500,49936,45968,31414,23
AB,Volkswagen,Golf R,2026,New,40,54865,56050,57220,58950,59745,57398,15,37
AB,Volkswagen,Jetta,2019,Used,28,13319,14707,17398,19562,20893,16966,120188,27
AB,Volkswagen,Jetta,2020,Used,14,16101,17558,18388,20972,23896,19552,124694,38
AB,Volkswagen,Jetta,2021,Used,20,17617,19535,21245,24622,26188,21797,95268,30
AB,Volkswagen,Jetta,2022,Used,12,19907,21658,23248,24888,25878,22900,73216,20
AB,Volkswagen,Jetta,2023,Used,17,20990,23760,25500,29499,30660,25670,48846,32
AB,Volkswagen,Jetta,2024,Used,23,22699,23490,24495,28996,30720,25892,55108,39
AB,Volkswagen,Jetta,2025,Used,33,25098,25997,27890,30795,33927,28885,36124,17
AB,Volkswagen,Jetta,2026,New,231,27950,29645,31645,33245,35745,31658,15,58
AB,Volkswagen,Jetta,2026,Used,22,26572,28325,29966,33240,33995,30540,28,52
AB,Volkswagen,Jetta,2027,New,19,33482,33545,34330,36225,41301,35616,8,2
AB,Volkswagen,Taos,2022,Used,26,19951,20924,22894,23905,25198,22671,87807,20
AB,Volkswagen,Taos,2023,Used,17,22047,22488,24897,25797,27188,24579,55145,23
AB,Volkswagen,Taos,2024,Used,63,23831,25392,26988,27997,29710,26868,66527,29
AB,Volkswagen,Taos,2025,Used,51,27260,27997,29999,33192,34595,30671,39878,37
AB,Volkswagen,Taos,2026,New,274,33979,34870,39670,40455,41374,38365,14,58
AB,Volkswagen,Taos,2026,Used,78,32357,32649,34710,36971,40491,35363,9098,42
AB,Volkswagen,Taos,2027,New,31,35655,39450,41150,41950,42950,40315,15,11
AB,Volkswagen,Tiguan,2016,Used,10,10899,11090,13744,16191,16990,13702,131224,38
AB,Volkswagen,Tiguan,2017,Used,17,11914,13888,15900,17900,18924,15665,126642,24
AB,Volkswagen,Tiguan,2018,Used,22,14989,15996,17488,18821,20799,17570,132873,19
AB,Volkswagen,Tiguan,2019,Used,22,15570,17221,19213,20680,24699,19575,121591,18
AB,Volkswagen,Tiguan,2020,Used,16,18950,19995,20948,23989,26932,22170,99774,33
AB,Volkswagen,Tiguan,2021,Used,26,19992,22570,24884,25586,26481,23818,95682,28
AB,Volkswagen,Tiguan,2022,Used,34,21900,24218,25952,27695,30288,26098,92869,24
AB,Volkswagen,Tiguan,2023,Used,26,24701,25098,26594,28300,29742,27348,77240,34
AB,Volkswagen,Tiguan,2024,Used,49,26586,27988,29998,32980,35909,30848,67781,37
AB,Volkswagen,Tiguan,2025,Used,22,36784,39046,41149,42907,44840,40905,9598,58
AB,Volkswagen,Tiguan,2026,New,626,39795,42250,45587,47250,47795,44818,15,58
AB,Volkswagen,Tiguan,2026,Used,70,36261,38820,42662,46490,48710,42609,8640,52
AB,Volvo,XC40,2025,Used,14,35809,36914,38384,41971,44323,39593,20431,38
AB,Volvo,XC40,2026,New,72,57400,58400,59588,60850,61610,59499,30,51
AB,Volvo,XC40,2026,Used,61,55875,57570,60725,61897,64467,60088,2809,51
AB,Volvo,XC60,2022,Used,16,32451,34107,36402,41547,44183,37662,80771,52
AB,Volvo,XC60,2023,Used,20,37335,38907,43676,46541,50050,43101,62902,30
AB,Volvo,XC60,2024,Used,12,37179,41876,42907,45373,48661,43602,49230,61
AB,Volvo,XC60,2026,New,35,68185,69690,74845,79932,95541,77105,30,51
AB,Volvo,XC60,2026,Used,52,61226,68436,72017,83029,87140,75420,4596,51
AB,Volvo,XC60,2027,New,78,70765,71599,75437,80100,81549,75692,15,18
AB,Volvo,XC90,2022,Used,11,32869,38358,42398,48248,49186,43031,75191,30
AB,Volvo,XC90,2024,Used,27,47592,53294,55920,63936,68154,57937,39757,33
AB,Volvo,XC90,2026,New,42,86468,89030,93020,99632,101845,94343,30,51
AB,Volvo,XC90,2026,Used,78,67897,80923,92218,101587,103355,89569,6540,42
AB,Volvo,XC90,2027,New,61,86675,88124,92974,97125,99074,92680,14,33
BC,Acura,ADX,2025,Used,30,38551,39997,41995,45000,46075,42594,5226,58
BC,Acura,ADX,2026,New,139,52275,55505,56218,60235,61255,56668,13,40
BC,Acura,ADX,2026,Used,17,51675,56175,56755,61245,61255,56777,50,58
BC,Acura,Integra,2026,New,30,44770,45483,50870,50996,51887,49975,23,52
BC,Acura,MDX,2022,Used,11,37990,44144,45485,48850,49880,43376,83350,32
BC,Acura,MDX,2023,Used,10,46880,47269,47994,55620,59598,51699,71566,40
BC,Acura,MDX,2025,Used,13,56788,57974,59690,63690,65487,60479,22334,44
BC,Acura,MDX,2026,New,85,75675,78440,81075,85353,94452,82223,23,44
BC,Acura,MDX,2026,Used,13,75075,75075,81075,85353,98002,83207,3300,58
BC,Acura,RDX,2019,Used,12,25534,28138,31295,33082,34778,30791,99415,58
BC,Acura,RDX,2021,Used,12,28550,32455,35744,36581,37588,33931,73238,42
BC,Acura,RDX,2024,Used,26,42290,45719,46690,50899,52266,47419,27090,55
BC,Acura,RDX,2026,New,27,62472,63456,67725,68450,71104,66433,30,62
BC,Alfa Romeo,Tonale,2026,New,19,55590,56225,57720,61022,62864,58634,100,62
BC,Audi,A3,2025,Used,12,35019,37242,38344,39242,41714,38379,24526,43
BC,Audi,A3,2026,New,21,49640,52950,53700,56660,59600,55503,90,58
BC,Audi,A3,2026,Used,20,35945,37638,42498,49750,50640,43351,12674,58
BC,Audi,A4,2017,Used,15,14718,18092,19995,27148,31192,21795,123949,7
BC,Audi,A5,2018,Used,11,19800,23990,23995,25496,33899,26323,95200,19
BC,Audi,A5,2025,Used,16,51948,54971,62400,63522,67530,60697,2020,58
BC,Audi,A5,2026,New,54,65450,69210,72546,74993,86265,73626,90,58
BC,Audi,A6,2026,New,12,93620,94925,95563,97671,97735,95481,32,58
BC,Audi,Q3,2015,Used,12,11710,11971,13674,14915,16699,13806,129378,22
BC,Audi,Q3,2018,Used,11,13700,16541,20995,24394,35000,22259,101577,30
BC,Audi,Q3,2022,Used,13,29293,30988,33900,34995,36639,32895,47072,33
BC,Audi,Q3,2024,Used,24,33263,34996,37404,39990,41484,37399,30518,36
BC,Audi,Q3,2025,Used,48,34627,36272,38997,41866,44866,39172,26864,46
BC,Audi,Q3,2026,New,248,54650,55942,58950,63622,86265,63104,90,58
BC,Audi,Q3,2026,Used,46,53245,53690,55026,56943,60898,56100,90,58
BC,Audi,Q5,2014,Used,17,9920,10999,12800,14888,17880,13278,141749,37
BC,Audi,Q5,2018,Used,25,18840,19500,20986,23998,25795,22442,108000,36
BC,Audi,Q5,2019,Used,12,21899,22071,25714,26995,27336,25219,83966,31
BC,Audi,Q5,2021,Used,14,27516,29238,32248,33994,37544,32112,74280,42
BC,Audi,Q5,2023,Used,23,33754,35832,37322,39442,45067,38201,47000,17
BC,Audi,Q5,2024,Used,12,37098,39085,42938,46147,46984,42567,35249,22
BC,Audi,Q5,2025,New,37,67266,68100,69350,71800,72850,69793,90,58
BC,Audi,Q5,2025,Used,93,49194,54989,65040,67640,69192,61629,4752,58
BC,Audi,Q5,2026,New,204,66300,69750,73250,75693,86265,73716,90,58
BC,Audi,Q5,2026,Used,50,61239,65515,68820,70190,73390,67957,90,58
BC,Audi,Q5 Sportback,2026,New,34,73117,74811,77372,78200,84884,77475,90,58
BC,Audi,Q5 Sportback,2026,Used,12,70089,70890,71370,73678,75050,72401,90,58
BC,Audi,Q6 e-tron,2027,New,32,86730,93685,95646,99042,100900,95519,90,58
BC,Audi,Q7,2017,Used,10,19800,21150,22997,24721,26970,23258,121448,20
BC,Audi,Q7,2018,Used,18,20348,22221,26221,28118,29930,25410,99820,30
BC,Audi,Q7,2022,Used,13,38071,40972,42998,44995,47995,43039,57500,17
BC,Audi,Q7,2026,New,107,87701,89515,93765,99370,101775,94287,90,58
BC,Audi,Q7,2026,Used,29,82359,86665,87725,91415,98705,88114,90,58
BC,Audi,Q8,2026,New,33,98668,100800,103213,112300,116240,105716,90,58
BC,Audi,RS3,2026,New,17,83250,85153,87090,88140,89955,86802,90,58
BC,Audi,S3,2026,New,29,59700,62390,65390,68772,72280,65547,90,58
BC,Audi,S5,2018,Used,11,29800,32144,35900,35997,38800,34143,77235,19
BC,Audi,S5,2026,New,42,81140,83197,86150,86265,90031,85359,90,58
BC,Audi,SQ5,2025,New,13,83190,83640,84390,85400,86770,84606,90,58
BC,Audi,SQ5,2025,Used,14,69294,71390,77389,82962,83815,77267,2600,58
BC,Audi,SQ5,2026,New,83,82440,85670,87300,89250,91500,87158,90,58
BC,Audi,SQ5,2026,Used,20,77500,81202,83190,84652,86581,82782,90,58
BC,Audi,SQ6,2027,New,24,86265,103400,105420,109530,113531,103968,90,58
BC,Audi,SQ7,2026,New,18,124612,125925,127785,128906,130738,127740,90,58
BC,Audi,e-tron,2022,Used,14,39997,40246,41900,43124,44629,42024,68306,28
BC,BMW,2 Series,2026,New,46,49900,49900,56564,56741,71700,56177,90,49
BC,BMW,2 Series,2026,Used,13,53676,55468,55711,56325,62464,56992,3090,44
BC,BMW,3 Series,2011,Used,11,5900,6400,8890,9844,13995,9149,138450,20
BC,BMW,3 Series,2013,Used,11,9900,10494,13000,13794,15850,12766,134900,25
BC,BMW,3 Series,2015,Used,11,11500,13839,14995,18350,19800,15451,110892,19
BC,BMW,3 Series,2016,Used,12,14549,14997,16444,19646,19978,17620,96056,16
BC,BMW,3 Series,2020,Used,10,23886,26793,29442,33920,42877,32645,73452,14
BC,BMW,3 Series,2021,Used,13,27998,28995,31998,34797,35618,31541,83720,17
BC,BMW,3 Series,2022,Used,18,28498,33199,35345,36773,39566,34642,57374,31
BC,BMW,3 Series,2023,Used,14,36796,37924,38648,42368,46260,41126,42701,40
BC,BMW,3 Series,2026,New,91,64550,67775,73830,75605,85500,73299,90,59
BC,BMW,3 Series,2026,Used,16,64900,66826,69584,74167,84240,72292,4989,44
BC,BMW,3-Series,2014,Used,10,7899,9225,12694,13741,14291,11826,126886,22
BC,BMW,4 Series,2019,Used,13,22213,23995,25995,28900,33421,26846,74867,38
BC,BMW,4 Series,2026,New,54,67595,70700,76522,86500,93679,78463,90,37
BC,BMW,4 Series,2026,Used,17,70876,72676,75468,87999,91591,78278,1056,44
BC,BMW,4 Series,2027,New,15,70450,73947,77230,90996,101730,83027,19,44
BC,BMW,5 Series,2026,New,12,94670,98075,101338,101397,101397,99731,16,61
BC,BMW,M2,2026,New,10,92135,92800,96565,101362,108617,100737,90,16
BC,BMW,M4,2027,New,12,126163,130788,136328,138128,139921,133979,22,40
BC,BMW,M5,2027,New,22,150550,153025,158650,163922,170878,159349,30,36
BC,BMW,X1,2012,Used,16,5749,7200,9300,10858,11844,9073,136626,37
BC,BMW,X1,2017,Used,19,14994,15995,17900,21402,22318,18646,99590,24
BC,BMW,X1,2018,Used,11,13900,17895,17995,19406,24597,18881,90030,26
BC,BMW,X1,2023,Used,17,32577,33500,35889,38883,39617,35919,31600,31
BC,BMW,X1,2025,Used,14,35498,39839,48062,53650,54936,46516,17292,44
BC,BMW,X1,2026,New,242,57300,59100,62100,67100,71417,63331,90,59
BC,BMW,X1,2026,Used,44,57327,61252,64286,66618,71639,63980,1313,59
BC,BMW,X1,2027,New,10,60754,60964,62522,64618,66818,63745,0,4
BC,BMW,X2,2025,Used,20,36235,39590,41999,49109,56900,44799,30216,46
BC,BMW,X2,2026,New,78,56820,60950,64705,70041,71275,65126,90,59
BC,BMW,X2,2026,Used,16,58298,59588,66472,71000,75176,65903,2118,61
BC,BMW,X3,2013,Used,16,7275,8874,9818,11428,13490,10569,149132,26
BC,BMW,X3,2018,Used,11,17800,19819,21900,27200,34988,24311,99880,27
BC,BMW,X3,2019,Used,12,18999,19995,23202,25942,27896,23062,97177,21
BC,BMW,X3,2020,Used,10,19589,20246,23884,30721,34096,26343,114108,37
BC,BMW,X3,2021,Used,10,27894,30190,31498,32970,38371,32444,69193,18
BC,BMW,X3,2022,Used,22,33984,34936,36949,39043,39879,36717,53632,24
BC,BMW,X3,2023,Used,16,35948,37875,39944,42900,45448,41113,56233,44
BC,BMW,X3,2024,Used,16,38530,40874,43894,49595,53748,45074,35969,44
BC,BMW,X3,2026,New,224,65637,68298,69664,74823,80135,71842,90,32
BC,BMW,X3,2026,Used,27,67061,72263,74726,83238,90195,77449,5000,44
BC,BMW,X5,2014,Used,12,14900,15866,19150,21995,22764,18835,131479,38
BC,BMW,X5,2015,Used,10,15430,18166,19748,22425,26175,21238,139000,26
BC,BMW,X5,2016,Used,17,16860,19650,21750,24005,32600,23260,124978,38
BC,BMW,X5,2017,Used,12,22169,23784,25192,28246,29899,26634,93546,23
BC,BMW,X5,2018,Used,15,20718,21948,24990,29648,34000,27777,89600,38
BC,BMW,X5,2019,Used,20,34300,37311,41438,48366,57900,42896,67476,24
BC,BMW,X5,2022,Used,23,45200,47900,52900,58246,63937,55373,58869,37
BC,BMW,X5,2023,Used,15,56132,56900,58095,74400,82753,65043,55000,44
BC,BMW,X5,2024,Used,14,63408,66291,71333,74650,78480,73215,41483,44
BC,BMW,X5,2025,Used,10,62799,67498,82444,92231,100124,81276,25028,44
BC,BMW,X5,2026,New,94,103411,108613,119635,147369,169934,129704,90,59
BC,BMW,X5,2026,Used,23,102305,106270,109141,114992,119045,113650,4524,44
BC,BMW,X6,2026,New,21,106900,111300,126053,138330,180341,131629,90,59
BC,BMW,X6,2027,New,14,116305,118936,125821,178405,192503,145383,15,44
BC,BMW,X7,2027,New,29,131900,134650,139150,146730,157714,142846,90,43
BC,BMW,i4,2026,New,119,74190,77722,80350,86632,91826,82289,90,44
BC,BMW,i4,2026,Used,30,74866,80458,83118,87014,91638,83922,436,44
BC,BMW,iX,2026,New,38,102080,107313,116228,120255,125753,115788,44,42
BC,Buick,Enclave,2026,New,62,63333,65800,70588,72783,80200,70417,12,55
BC,Buick,Encore GX,2023,Used,13,21997,23998,25995,26995,29436,25554,40000,27
BC,Buick,Encore GX,2024,Used,13,24799,28990,29980,32998,39903,31734,23016,50
BC,Buick,Encore GX,2025,Used,10,25895,25996,27876,29843,30070,27883,32444,34
BC,Buick,Encore GX,2026,New,117,33681,35036,38431,41687,44114,38559,12,53
BC,Buick,Envision,2023,Used,12,29034,32843,35646,36907,38549,34323,41813,44
BC,Buick,Envision,2025,Used,13,40084,40920,43499,46794,49279,44220,20482,50
BC,Buick,Envision,2026,New,362,47478,48830,50614,53884,55536,51441,12,51
BC,Buick,Envista,2026,New,118,31137,32306,33316,35300,36800,33673,11,53
BC,Cadillac,Escalade,2023,Used,11,107937,112442,119998,136498,149995,125778,40900,37
BC,Cadillac,Escalade,2026,New,34,145180,161309,169012,171456,182174,166289,12,19
BC,Cadillac,LYRIQ,2024,Used,41,47495,47990,49995,56788,60995,53278,33250,26
BC,Cadillac,LYRIQ,2027,New,15,75216,76528,77349,83832,94933,82056,8,14
BC,Cadillac,OPTIQ,2026,New,11,61822,62761,68223,71673,76152,68973,8,27
BC,Cadillac,OPTIQ,2027,New,55,61574,63199,65608,68206,70668,65966,10,7
BC,Cadillac,VISTIQ,2027,New,22,92289,92314,93919,98360,100542,97130,11,18
BC,Cadillac,XT5,2026,New,16,54770,58164,71468,74312,75420,67376,12,17
BC,Chevrolet,Blazer,2026,New,55,47804,53019,58834,61476,68327,57888,10,51
BC,Chevrolet,Blazer EV,2024,Used,12,39015,39421,41300,46324,60075,45847,22066,44
BC,Chevrolet,Blazer EV,2026,New,24,61820,65260,71312,73689,77247,69989,15,53
BC,Chevrolet,Bolt,2027,New,992,38508,40042,43109,43758,47204,42652,6,43
BC,Chevrolet,Bolt EUV,2023,Used,10,25697,27220,28392,28842,30094,27923,50876,24
BC,Chevrolet,Bolt EV,2027,New,246,40010,43314,44008,45279,47079,44104,5,34
BC,Chevrolet,Colorado,2019,Used,16,24350,24950,30772,34762,39989,31081,100644,36
BC,Chevrolet,Colorado,2020,Used,12,20000,23938,29488,37245,38895,29805,121786,38
BC,Chevrolet,Colorado,2021,Used,18,23410,28100,32443,39253,43884,33384,108779,38
BC,Chevrolet,Colorado,2022,Used,14,28797,32468,40494,44734,49766,39536,76148,27
BC,Chevrolet,Colorado,2024,Used,12,43318,45054,46988,56404,57859,49993,36428,46
BC,Chevrolet,Colorado,2026,New,187,48744,53263,56787,64330,68511,58260,12,41
BC,Chevrolet,Corvette,2024,Used,11,84900,88438,108980,167165,181995,130993,9487,19
BC,Chevrolet,Corvette,2026,New,71,82472,83467,90418,129718,178593,113411,21,60
BC,Chevrolet,Corvette,2027,New,36,100241,105380,126698,173030,196202,139649,6,29
BC,Chevrolet,Cruze,2011,Used,14,4148,4924,6222,7425,7996,16406,151686,20
BC,Chevrolet,Cruze,2012,Used,13,4500,4500,5800,6900,7719,5746,173000,20
BC,Chevrolet,Cruze,2013,Used,13,3848,4470,6500,7500,9031,6269,163506,20
BC,Chevrolet,Cruze,2014,Used,17,5300,6000,7800,9800,11593,7944,114396,20
BC,Chevrolet,Cruze,2015,Used,10,5894,6924,7394,8868,9880,7756,133052,20
BC,Chevrolet,Cruze,2017,Used,22,9899,10576,11638,12998,13998,11883,128242,37
BC,Chevrolet,Equinox,2017,Used,12,10049,10871,11910,13166,14898,12340,149630,38
BC,Chevrolet,Equinox,2018,Used,17,11275,13998,17688,18679,23074,16836,115135,24
BC,Chevrolet,Equinox,2019,Used,12,16686,18745,19952,23085,23884,19987,83658,32
BC,Chevrolet,Equinox,2020,Used,10,16395,18018,23297,24738,26435,21831,108980,26
BC,Chevrolet,Equinox,2022,Used,22,20039,20998,23992,26665,27888,23995,68396,38
BC,Chevrolet,Equinox,2023,Used,15,24787,26450,27898,28944,31772,27918,43138,25
BC,Chevrolet,Equinox,2024,Used,14,25514,26998,27892,28978,31871,28090,37896,43
BC,Chevrolet,Equinox,2025,Used,12,33709,35666,36656,39985,40882,37262,17888,40
BC,Chevrolet,Equinox,2026,New,68,38571,41064,44630,46361,48256,44478,16,54
BC,Chevrolet,Equinox,2026,Used,16,34510,35996,36500,37540,47244,38458,21034,42
BC,Chevrolet,Equinox,2027,New,158,39991,42201,44403,47753,50088,44918,6,18
BC,Chevrolet,Equinox EV,2026,New,240,41032,42899,48484,52307,54216,47943,15,17
BC,Chevrolet,Express,2025,New,19,57455,58548,59656,59970,61055,59501,17,55
BC,Chevrolet,Express,2026,New,41,56224,57489,60834,64664,66344,61323,4,51
BC,Chevrolet,Malibu,2022,Used,17,15792,17935,19986,21495,22352,19658,89785,38
BC,Chevrolet,Malibu,2023,Used,15,16862,18999,21998,24443,24888,21131,71578,38
BC,Chevrolet,Malibu,2024,Used,42,21438,22476,23995,23995,26690,23715,46462,59
BC,Chevrolet,Silverado,2026,New,11,71463,74306,79331,90178,110088,84590,10,29
BC,Chevrolet,Silverado 1500,2015,Used,11,17995,19575,19999,22495,23900,21002,166058,21
BC,Chevrolet,Silverado 1500,2017,Used,24,20146,23984,26288,33466,38742,28765,150285,24
BC,Chevrolet,Silverado 1500,2018,Used,18,20549,23492,26412,28406,34196,27245,158619,20
BC,Chevrolet,Silverado 1500,2019,Used,12,22893,26398,32460,38232,38994,31898,109286,30
BC,Chevrolet,Silverado 1500,2020,Used,13,29976,33900,37990,44999,49380,39108,100304,38
BC,Chevrolet,Silverado 1500,2021,Used,27,33590,35648,38559,44980,49992,40461,112000,38
BC,Chevrolet,Silverado 1500,2022,Used,21,37777,38900,44989,49299,53990,44832,98710,38
BC,Chevrolet,Silverado 1500,2023,Used,29,34596,41995,45988,51995,58059,46875,78787,38
BC,Chevrolet,Silverado 1500,2024,Used,39,43714,47244,53700,59892,67930,54017,55318,43
BC,Chevrolet,Silverado 1500,2025,Used,52,46982,48942,51996,60000,65904,54656,38886,41
BC,Chevrolet,Silverado 1500,2026,New,610,59990,63803,69953,75843,84176,70980,15,31
BC,Chevrolet,Silverado 1500,2026,Used,33,55287,61080,69959,75344,85972,70118,10915,53
BC,Chevrolet,Silverado 2500HD,2026,New,22,74310,78154,90884,107418,117220,93431,12,21
BC,Chevrolet,Silverado 3500,2026,New,28,77674,83562,94658,112008,119216,98053,15,22
BC,Chevrolet,Silverado 3500HD,2023,Used,11,60999,67669,73290,77390,77994,71415,47621,47
BC,Chevrolet,Silverado 3500HD,2024,Used,17,66563,69987,76495,80703,83913,74915,66775,52
BC,Chevrolet,Silverado 3500HD,2026,New,170,84779,94792,97898,104547,110939,98273,12,50
BC,Chevrolet,Silverado EV,2026,New,12,80584,83438,86976,89090,94521,87547,15,25
BC,Chevrolet,Spark,2021,Used,14,13297,14888,14888,16270,17410,15486,87966,44
BC,Chevrolet,Spark,2022,Used,13,14759,15290,15990,16995,17984,16412,73539,38
BC,Chevrolet,Suburban,2026,New,55,91240,100046,109319,116780,122994,108719,8,39
BC,Chevrolet,Tahoe,2026,New,103,89165,96668,105568,113820,122781,105491,10,42
BC,Chevrolet,TrailBlazer,2023,Used,18,21331,21996,23238,24783,27578,23646,43789,36
BC,Chevrolet,TrailBlazer,2025,Used,16,28606,28957,29984,32213,32995,30514,29834,51
BC,Chevrolet,TrailBlazer,2026,New,112,32693,33968,37758,39514,42816,37180,10,52
BC,Chevrolet,Traverse,2026,New,76,55882,58593,62490,70031,72048,63587,10,51
BC,Chevrolet,Traverse,2027,New,33,57886,62603,66260,68998,72074,65361,15,9
BC,Chevrolet,Trax,2015,Used,10,5990,7075,8387,10746,12036,8882,109036,38
BC,Chevrolet,Trax,2024,Used,15,22395,22998,23800,25190,26291,23752,39870,31
BC,Chevrolet,Trax,2025,Used,20,24588,24966,27636,28910,29909,27108,24788,24
BC,Chevrolet,Trax,2026,New,402,28322,29441,30771,32281,33479,30823,11,52
BC,Chrysler,200,2015,Used,12,5046,6250,8394,10138,11343,8143,153781,31
BC,Chrysler,Grand Caravan,2023,Used,14,31280,32996,34245,35670,35993,34127,45414,44
BC,Chrysler,Grand Caravan,2024,Used,19,33575,36460,37997,39787,40796,38031,27164,39
BC,Chrysler,Grand Caravan,2026,New,35,48658,48998,49490,49995,50369,49533,16,58
BC,Chrysler,Grand Caravan,2027,New,64,49995,49995,50490,50590,50730,50351,16,55
BC,Chrysler,Pacifica,2017,Used,12,18028,18758,20849,24495,30890,22517,104470,20
BC,Chrysler,Pacifica,2022,Used,16,29144,31714,33556,35712,40344,34695,86046,52
BC,Chrysler,Pacifica,2023,Used,21,29999,32385,32995,34980,35880,34756,83315,38
BC,Chrysler,Pacifica,2024,Used,20,36895,38621,51492,57820,58299,48533,22603,43
BC,Chrysler,Pacifica,2025,Used,15,42987,44447,46463,48248,50132,47090,35120,11
BC,Chrysler,Pacifica,2026,New,17,56777,57890,60582,63306,66587,61583,18,62
BC,Chrysler,Pacifica,2027,New,101,53590,55166,57975,61380,66285,59549,15,54
BC,Dodge,Challenger,2018,Used,11,24895,25650,36988,68497,128990,58550,65620,38
BC,Dodge,Challenger,2023,Used,14,37745,42116,49698,61718,94196,58666,21184,38
BC,Dodge,Charger,2021,Used,12,23286,26721,27878,29415,34595,33851,99486,36
BC,Dodge,Charger,2022,Used,12,27875,31988,33792,37665,42695,34956,47573,29
BC,Dodge,Charger,2023,Used,15,31294,36444,37888,44495,60257,42395,48614,38
BC,Dodge,Charger,2026,New,118,65030,70695,77272,82930,88013,75819,20,55
BC,Dodge,Durango,2021,Used,11,31987,35912,38888,39495,42888,41821,87707,51
BC,Dodge,Durango,2022,Used,10,31564,36096,39050,42620,43622,38885,65368,45
BC,Dodge,Durango,2023,Used,17,37663,39495,46000,49999,59532,47394,44184,38
BC,Dodge,Durango,2024,Used,26,40496,43621,47744,60495,81995,55075,41469,55
BC,Dodge,Durango,2025,Used,25,45363,46896,47888,50995,52844,53883,58534,38
BC,Dodge,Durango,2026,New,212,54894,58834,66452,72276,78605,66115,15,54
BC,Dodge,Durango,2026,Used,23,49821,58468,64998,66580,69578,65731,1982,62
BC,Dodge,Grand Caravan,2010,Used,11,3495,3948,6500,7399,8700,5980,200000,23
BC,Dodge,Grand Caravan,2012,Used,11,4499,5248,5500,6997,9950,6292,197329,20
BC,Dodge,Grand Caravan,2014,Used,22,6541,6996,8995,11404,14445,10397,161300,36
BC,Dodge,Grand Caravan,2015,Used,18,7082,8600,10494,12748,17121,11496,152252,24
BC,Dodge,Grand Caravan,2016,Used,26,8350,9575,11444,15912,17000,12924,140781,30
BC,Dodge,Grand Caravan,2017,Used,31,7895,9948,11995,15474,19800,13168,141453,21
BC,Dodge,Grand Caravan,2019,Used,21,11999,14888,16722,19031,22999,17177,143486,33
BC,Dodge,Grand Caravan,2020,Used,10,16099,19916,20724,23429,25299,20523,103178,30
BC,Dodge,Hornet,2023,Used,15,23755,24987,25995,28740,33536,27368,49219,38
BC,Dodge,Hornet,2024,New,12,37166,39749,42550,47666,49999,42836,104,58
BC,Dodge,Hornet,2024,Used,81,30998,34904,37999,45997,62855,42227,9482,59
BC,Dodge,Journey,2012,Used,13,5020,5980,6800,7200,8550,6841,162890,20
BC,Dodge,Journey,2014,Used,11,4499,5650,6000,8572,9995,6812,172000,21
BC,Dodge,Journey,2015,Used,19,4400,6009,7900,9485,10463,7826,172000,37
BC,Dodge,Journey,2016,Used,13,7754,9995,11605,12880,13795,11223,126120,27
BC,Dodge,Journey,2017,Used,19,9896,10247,12888,13442,15396,12478,123935,24
BC,Fiat,500e,2026,New,106,34290,34885,34985,34985,38980,35743,10,27
BC,Ford,Bronco,2021,Used,10,32715,34438,37450,39994,41498,37585,71510,28
BC,Ford,Bronco,2022,Used,23,37918,39488,41990,46448,49880,46703,57965,17
BC,Ford,Bronco,2023,Used,30,44410,48343,54474,60670,67883,56393,40566,29
BC,Ford,Bronco,2024,Used,48,48963,49999,55996,64844,89568,60366,34388,26
BC,Ford,Bronco,2025,New,32,58158,69120,72472,78206,92138,74818,134,52
BC,Ford,Bronco,2025,Used,15,51867,56524,63999,68491,94396,67864,14135,33
BC,Ford,Bronco,2026,New,450,55180,59703,65662,75972,87724,69877,13,52
BC,Ford,Bronco Sport,2021,Used,12,20598,22624,25205,27143,27864,24796,88891,23
BC,Ford,Bronco Sport,2022,Used,13,20010,21888,25957,27999,29596,26328,61307,30
BC,Ford,Bronco Sport,2023,Used,26,24920,26996,28999,32247,34875,29649,54011,28
BC,Ford,Bronco Sport,2024,Used,37,28995,29999,31998,34795,38374,33319,34669,43
BC,Ford,Bronco Sport,2025,New,19,39397,44862,46790,49053,55015,46901,36,52
BC,Ford,Bronco Sport,2025,Used,40,29439,31049,33804,36657,44629,34622,32260,46
BC,Ford,Bronco Sport,2026,New,836,37644,40332,44477,48738,52720,44801,12,51
BC,Ford,Bronco Sport,2026,Used,20,39694,40660,45422,50964,55233,46111,6000,47
BC,Ford,Edge,2016,Used,16,10753,14574,15400,16570,17388,14876,127212,36
BC,Ford,Edge,2017,Used,12,12099,14656,17896,20212,24595,17656,123373,30
BC,Ford,Edge,2018,Used,11,13509,16378,18682,20948,20995,18048,133969,28
BC,Ford,Edge,2019,Used,13,15996,17499,19663,23380,25958,20643,87441,30
BC,Ford,Edge,2022,Used,18,23199,24198,26975,27987,28791,26210,82794,31
BC,Ford,Edge,2023,Used,17,22852,25494,27998,32693,32932,28213,71023,46
BC,Ford,Edge,2024,Used,23,28158,29218,30694,32995,34478,31341,65761,52
BC,Ford,Escape,2008,Used,11,2390,3900,5800,6494,7495,5142,213410,20
BC,Ford,Escape,2011,Used,14,4200,5435,6945,9325,10080,7138,188204,12
BC,Ford,Escape,2013,Used,26,5800,6792,7998,9665,11988,8369,176920,36
BC,Ford,Escape,2014,Used,35,6194,7744,9288,12225,12979,9541,139109,21
BC,Ford,Escape,2015,Used,14,6919,7723,11430,12300,14111,10772,146974,38
BC,Ford,Escape,2017,Used,50,9810,11985,14343,15995,17032,14030,120340,36
BC,Ford,Escape,2018,Used,40,11347,12994,13997,16092,17504,14081,118744,36
BC,Ford,Escape,2019,Used,26,14797,15962,17627,19899,20360,17809,95974,36
BC,Ford,Escape,2020,Used,29,15389,17995,20000,22981,24295,20364,95444,25
BC,Ford,Escape,2021,Used,33,18061,19333,21999,23999,26710,22112,86392,34
BC,Ford,Escape,2022,Used,36,21948,22648,23996,25995,26996,24468,69994,38
BC,Ford,Escape,2023,Used,32,24199,25349,28340,30996,32265,28597,55046,46
BC,Ford,Escape,2024,Used,44,22948,27679,31495,35999,40117,32639,36571,50
BC,Ford,Escape,2025,New,43,34614,35997,39894,45316,47939,40503,21,53
BC,Ford,Escape,2025,Used,67,27826,31557,33870,36220,39237,34132,20915,44
BC,Ford,Escape,2026,New,11,38894,39544,40594,41736,48244,41829,50,52
BC,Ford,Expedition,2024,Used,12,55857,57874,64498,74468,93389,69455,75708,51
BC,Ford,Expedition,2025,Used,11,86840,88000,89958,98748,114815,94942,26864,52
BC,Ford,Expedition,2026,New,17,106952,107940,114090,119290,120874,113693,22,53
BC,Ford,Expedition,2027,New,33,107234,112595,113845,116590,118161,112419,16,30
BC,Ford,Explorer,2016,Used,11,12695,15490,18477,22998,24999,18721,143789,38
BC,Ford,Explorer,2017,Used,18,14995,15573,18716,19999,24996,18992,135000,23
BC,Ford,Explorer,2018,Used,11,16511,18850,21477,25142,27950,22156,117800,37
BC,Ford,Explorer,2020,Used,15,26359,27495,29299,32997,35016,30404,104792,38
BC,Ford,Explorer,2021,Used,22,29010,31996,33894,34995,36925,33209,110840,30
BC,Ford,Explorer,2022,Used,31,29995,33834,38698,41910,44998,38745,72408,41
BC,Ford,Explorer,2023,Used,10,36720,39498,41166,45549,47999,42174,73243,36
BC,Ford,Explorer,2025,Used,19,44715,48379,53888,58935,61606,53600,20493,28
BC,Ford,Explorer,2026,New,344,53817,58312,62581,67400,73945,63063,12,52
BC,Ford,Explorer,2026,Used,15,56350,59413,62995,68189,71453,63395,6852,46
BC,Ford,Explorer,2027,New,23,59495,63084,67453,70584,75217,66699,26,8
BC,Ford,F 150 Lariat,2026,New,30,78770,80172,83440,86419,96975,84993,50,51
BC,Ford,F 150 Stx,2026,New,14,59166,59166,59166,65408,69608,62025,30,55
BC,Ford,F 150 Tremor,2026,New,12,86820,88744,92950,97699,99908,94730,50,51
BC,Ford,F 150 Xlt,2026,New,90,62872,65256,71242,84495,86047,73663,30,55
BC,Ford,F 350 Xlt,2026,New,10,82659,84682,94317,96340,97594,90270,50,51
BC,Ford,F-150,2010,Used,26,7395,8850,12000,13874,16492,11724,222000,26
BC,Ford,F-150,2011,Used,15,5954,8445,9400,12850,15750,10409,242000,22
BC,Ford,F-150,2012,Used,11,6990,7304,9711,12998,13995,10960,204615,20
BC,Ford,F-150,2013,Used,22,9870,10991,12997,13995,16795,13023,222372,20
BC,Ford,F-150,2014,Used,22,12094,14222,18706,21614,21987,17759,179117,22
BC,Ford,F-150,2015,Used,20,14842,17122,19894,24641,25550,20147,217006,22
BC,Ford,F-150,2016,Used,23,14240,18942,23294,29862,31795,24074,167000,21
BC,Ford,F-150,2017,Used,27,18959,21898,24888,28248,33943,26036,181563,21
BC,Ford,F-150,2018,Used,55,17989,22184,27560,31042,34595,26784,151401,21
BC,Ford,F-150,2019,Used,41,25999,29457,33895,37980,48999,35934,114568,20
BC,Ford,F-150,2020,Used,38,21448,30190,35250,42916,47892,35697,115795,38
BC,Ford,F-150,2021,Used,57,32995,36885,41998,47795,55917,42704,105000,23
BC,Ford,F-150,2022,Used,109,33708,39802,46254,51995,56199,46934,92180,25
BC,Ford,F-150,2023,Used,140,44436,47995,52997,59192,67702,56677,59570,28
BC,Ford,F-150,2024,Used,102,47668,49996,55674,62522,74199,57967,39696,32
BC,Ford,F-150,2025,New,29,55073,69995,83150,94944,112607,82691,44,53
BC,Ford,F-150,2025,Used,90,50997,53757,62745,74782,88095,66653,25478,32
BC,Ford,F-150,2026,New,2718,65118,71773,81188,88995,100102,82230,13,42
BC,Ford,F-150,2026,Used,35,70758,75823,85720,90656,97580,84317,4141,52
BC,Ford,F-150 Lightning,2022,Used,11,57995,59995,59995,68495,73445,63380,66167,38
BC,Ford,F-150 Lightning,2023,Used,33,54378,60348,67995,73998,77396,66954,64513,38
BC,Ford,F-150 Lightning,2024,Used,11,53998,57948,64698,70996,75901,64762,42512,7
BC,Ford,F-150 Lightning,2025,Used,14,65858,79995,80297,84545,89701,79761,20076,22
BC,Ford,F-350,2022,Used,10,55809,61390,72988,80220,85455,70930,86134,37
BC,Ford,F-350,2023,Used,14,61729,67694,85747,93794,99695,81459,71671,44
BC,Ford,F-350,2024,Used,15,69277,73390,81222,94492,102207,84877,46286,51
BC,Ford,F-350,2026,New,245,85820,94920,107549,119939,128807,106962,19,52
BC,Ford,F-350,2027,New,62,90527,105534,129622,133649,136532,119763,26,10
BC,Ford,F-450,2026,New,17,119349,119629,120669,131213,132813,124961,10,52
BC,Ford,Focus,2012,Used,14,4149,4500,6248,7871,8725,6181,163206,20
BC,Ford,Focus,2013,Used,10,5350,6212,7245,8246,8910,7073,121100,30
BC,Ford,Focus,2014,Used,13,5560,5800,7936,8788,9359,7625,119000,20
BC,Ford,Focus,2016,Used,13,7169,7922,9995,12800,13756,10593,101000,30
BC,Ford,Fusion,2017,Used,13,10156,11888,13000,15870,16794,13879,110000,24
BC,Ford,Maverick,2022,Used,15,27396,28588,29990,32750,34238,30672,88262,40
BC,Ford,Maverick,2023,Used,12,28961,30937,33848,35221,38604,33403,49181,30
BC,Ford,Maverick,2024,Used,14,34646,35467,37386,38299,38933,37136,30244,38
BC,Ford,Maverick,2025,Used,11,35498,37688,39995,41542,41999,39712,11865,54
BC,Ford,Maverick,2026,New,434,40801,42744,45162,49067,52412,46053,14,46
BC,Ford,Mustang,2015,Used,10,15810,17024,20922,24370,32445,23942,80454,26
BC,Ford,Mustang,2018,Used,14,22430,24470,26948,31424,34694,35403,79914,24
BC,Ford,Mustang,2019,Used,10,19884,22638,24945,35196,46899,30220,58582,37
BC,Ford,Mustang,2022,Used,10,33279,34595,37992,48556,69420,44646,38079,13
BC,Ford,Mustang,2024,Used,16,35794,38675,40981,55996,77499,49450,28765,26
BC,Ford,Mustang,2025,Used,21,37977,39995,41888,45805,56888,46074,26502,50
BC,Ford,Mustang,2026,New,189,42091,47015,57898,72903,86173,67311,14,55
BC,Ford,Mustang Mach-E,2022,Used,15,31794,34034,39900,45435,52888,42271,52100,52
BC,Ford,Mustang Mach-E,2023,Used,17,34119,36900,38893,40704,42093,38007,41080,18
BC,Ford,Mustang Mach-E,2025,Used,11,38999,41997,46525,49999,49999,44045,13900,46
BC,Ford,Mustang Mach-E,2026,New,628,47838,50488,53522,56918,59306,53847,10,43
BC,Ford,Mustang Mach-E,2026,Used,10,48534,52621,55802,57619,58291,54792,16000,53
BC,Ford,Ranger,2019,Used,11,27800,28391,30900,34044,34990,30747,100207,25
BC,Ford,Ranger,2021,Used,13,29996,30419,33195,34780,36590,33026,90000,32
BC,Ford,Ranger,2024,Used,16,38898,44946,45870,50668,60694,48681,26504,22
BC,Ford,Ranger,2025,New,18,54692,56892,59265,62598,79320,62792,62,52
BC,Ford,Ranger,2026,New,540,46682,50843,55140,61228,82825,57924,13,52
BC,Ford,Super Duty,2026,New,79,84466,87958,105820,116110,118406,103707,10,52
BC,Ford,Super Duty F-350 SRW,2024,Used,17,72324,78000,89500,96995,100556,87454,49300,37
BC,Ford,Super Duty F-350 SRW,2026,New,187,79322,87128,102568,114337,118541,100736,18,50
BC,Ford,Transit,2017,Used,14,19854,21647,27974,32796,42620,28956,141044,37
BC,Ford,Transit,2019,Used,15,21494,26422,33995,42488,49950,36822,127553,26
BC,Ford,Transit,2020,Used,13,29919,32800,37990,43410,49356,38803,90720,38
BC,Ford,Transit,2021,Used,13,33180,36800,39950,40880,46192,40397,72328,37
BC,Ford,Transit,2023,Used,11,44499,47496,47995,51996,57588,50698,86054,51
BC,Ford,Transit,2024,Used,16,47448,48888,54666,55491,68978,55191,48660,38
BC,Ford,Transit,2025,Used,13,50991,54995,55995,71688,78891,61625,28652,36
BC,Ford,Transit,2026,New,185,67324,69430,73020,78030,84390,74578,30,51
BC,Ford,Transit Connect,2018,Used,12,23153,25707,27802,28916,29896,26899,79648,33
BC,GMC,Acadia,2023,Used,14,33351,35049,36990,39458,41508,37263,56495,44
BC,GMC,Acadia,2026,New,123,58307,62352,66608,70312,78625,67337,11,55
BC,GMC,Canyon,2021,Used,11,30888,34844,36995,38954,39980,36658,84000,38
BC,GMC,Canyon,2024,Used,18,44997,49470,53444,58629,65898,54717,32661,30
BC,GMC,Canyon,2026,New,195,57958,60190,62642,66878,72718,63929,12,51
BC,GMC,HUMMER EV,2026,New,26,134474,135291,135989,138726,151968,140891,12,54
BC,GMC,Savana,2025,New,16,56624,57679,59334,63045,67574,60589,10,53
BC,GMC,Savana,2026,New,27,57033,57033,61458,64194,66711,61183,5,55
BC,GMC,Sierra,2026,New,35,67270,70106,90480,109518,115744,89690,9,55
BC,GMC,Sierra 1500,2014,Used,12,10188,12718,14950,18992,20713,16077,200128,12
BC,GMC,Sierra 1500,2015,Used,17,16260,17830,22616,24899,27396,21652,205143,29
BC,GMC,Sierra 1500,2016,Used,14,17444,23599,27642,31495,36080,27259,146128,30
BC,GMC,Sierra 1500,2017,Used,26,18400,23249,25888,32217,35772,26807,181386,24
BC,GMC,Sierra 1500,2018,Used,24,19198,25598,27824,31928,36089,28152,158000,22
BC,GMC,Sierra 1500,2019,Used,13,30580,34999,37885,43498,45798,39439,121114,24
BC,GMC,Sierra 1500,2020,Used,18,38546,40235,42970,48666,52156,43655,107490,30
BC,GMC,Sierra 1500,2021,Used,23,30721,34490,37888,45464,54792,40806,125739,37
BC,GMC,Sierra 1500,2022,Used,25,41388,44998,52290,59394,63996,52620,76986,34
BC,GMC,Sierra 1500,2023,Used,44,42298,46996,52144,59991,65453,54185,75362,28
BC,GMC,Sierra 1500,2024,Used,65,48521,52989,59995,67499,74937,60936,42839,38
BC,GMC,Sierra 1500,2025,Used,31,59786,62890,69998,77746,87995,71753,23824,51
BC,GMC,Sierra 1500,2026,New,718,62494,68471,76028,86733,95913,78081,11,43
BC,GMC,Sierra 1500,2026,Used,27,64885,69902,76999,91949,101598,82095,11851,54
BC,GMC,Sierra 2500HD,2026,New,26,78122,81482,100051,117992,129948,101526,17,43
BC,GMC,Sierra 3500,2026,New,30,93847,103172,111149,118506,122660,109753,10,51
BC,GMC,Sierra 3500HD,2021,Used,12,56992,59418,63488,68498,73890,64827,150524,22
BC,GMC,Sierra 3500HD,2022,Used,14,65507,66715,70348,77746,79999,70889,106266,38
BC,GMC,Sierra 3500HD,2023,Used,12,70499,75186,78771,86698,88699,80010,56702,36
BC,GMC,Sierra 3500HD,2024,Used,28,67726,80588,89244,99246,104258,87525,63972,50
BC,GMC,Sierra 3500HD,2026,New,350,93553,104728,110394,120960,123762,110829,11,53
BC,GMC,Terrain,2018,Used,11,12500,14496,17599,19498,23942,17702,111195,37
BC,GMC,Terrain,2019,Used,16,17842,18435,20395,24982,26082,21176,109270,49
BC,GMC,Terrain,2022,Used,19,21936,22952,25393,26988,27377,24215,84998,32
BC,GMC,Terrain,2023,Used,14,22575,24859,28187,29725,35518,28490,65767,29
BC,GMC,Terrain,2024,Used,31,26014,27944,29999,36398,38989,31863,47321,38
BC,GMC,Terrain,2026,New,39,39371,41720,46881,50072,51945,46069,12,58
BC,GMC,Terrain,2026,Used,16,34127,37284,41943,44641,47236,41248,15798,50
BC,GMC,Terrain,2027,New,159,42059,45216,49744,52226,54833,49128,10,17
BC,GMC,Yukon,2022,Used,11,41900,52161,67596,75160,76487,61155,120773,51
BC,GMC,Yukon,2023,Used,10,66498,70790,80452,86615,88899,78145,64162,43
BC,GMC,Yukon,2026,New,191,104008,107777,118183,128940,138306,119158,10,53
BC,Genesis,G70,2026,Used,13,50492,51649,60500,65500,67580,59662,817,27
BC,Genesis,GV70,2026,Used,42,67041,67992,71498,73600,83449,71904,954,39
BC,Genesis,GV80,2026,Used,29,88632,95500,98100,100600,104360,97107,620,39
BC,Honda,Accord,2008,Used,15,7193,7650,8998,10500,12340,9363,186609,33
BC,Honda,Accord,2014,Used,20,9500,12638,13800,14996,16086,13527,162214,22
BC,Honda,Accord,2015,Used,14,10860,13124,15194,16995,19556,15104,130860,20
BC,Honda,Accord,2017,Used,17,15993,16800,19999,22800,23878,19632,119789,20
BC,Honda,Accord,2018,Used,24,16648,18450,21044,24848,24997,21053,134450,20
BC,Honda,Accord,2019,Used,13,19196,21750,24498,26564,26995,23512,111412,18
BC,Honda,Accord,2020,Used,12,22545,22995,25448,28848,28994,25678,101862,25
BC,Honda,Accord,2022,Used,13,25395,27999,28889,32998,34108,29995,101376,23
BC,Honda,Accord,2025,New,12,37188,37188,40895,42800,45212,40444,30,60
BC,Honda,Accord,2025,Used,27,34537,35950,37346,41522,45769,39153,6000,44
BC,Honda,Accord,2026,New,171,46080,47303,48780,49711,49827,48180,12,50
BC,Honda,Accord,2026,Used,11,45759,45981,47316,48140,48680,47175,1422,44
BC,Honda,CR-V,2010,Used,15,7900,9240,11800,11938,12898,10808,186988,30
BC,Honda,CR-V,2011,Used,13,6396,8980,9990,10990,12994,9785,201000,23
BC,Honda,CR-V,2012,Used,11,8499,9250,13800,14250,16195,12530,190511,22
BC,Honda,CR-V,2013,Used,15,9900,10745,12438,14995,16849,13298,216770,21
BC,Honda,CR-V,2014,Used,19,13198,15737,17200,18528,18863,16871,132525,16
BC,Honda,CR-V,2015,Used,17,12595,15995,16998,19990,21938,17400,159191,15
BC,Honda,CR-V,2016,Used,15,14848,16566,17800,19922,23998,18529,148511,37
BC,Honda,CR-V,2017,Used,33,16120,17999,21998,24888,26858,21810,137000,21
BC,Honda,CR-V,2018,Used,35,18159,19592,21890,24997,26428,21909,137852,25
BC,Honda,CR-V,2019,Used,28,22846,24430,27168,30122,31539,27472,96357,20
BC,Honda,CR-V,2020,Used,25,23999,24998,26902,31988,34985,28513,103521,22
BC,Honda,CR-V,2021,Used,24,25789,28299,29950,33120,33995,30269,69058,24
BC,Honda,CR-V,2022,Used,28,28930,31099,33992,35121,35926,32904,69704,20
BC,Honda,CR-V,2023,Used,25,31020,33888,36901,41995,44594,37233,61523,36
BC,Honda,CR-V,2024,Used,70,34545,37017,39894,42993,43995,39793,44816,18
BC,Honda,CR-V,2025,Used,72,35549,37599,42766,45996,47902,42008,29379,22
BC,Honda,CR-V,2026,New,1420,45475,47155,50900,53300,54529,50067,22,42
BC,Honda,CR-V,2026,Used,89,44636,46000,48650,50050,53540,48220,5819,44
BC,Honda,Civic,2006,Used,21,4500,4900,5999,6990,7499,6226,203000,20
BC,Honda,Civic,2007,Used,26,4050,4900,6340,7800,8700,6419,199376,20
BC,Honda,Civic,2008,Used,18,4840,5600,6748,7500,9209,6766,222072,20
BC,Honda,Civic,2009,Used,11,6800,7240,8888,9550,11500,8720,175000,25
BC,Honda,Civic,2010,Used,21,6495,7300,8900,9900,10800,8617,169159,16
BC,Honda,Civic,2012,Used,31,7500,8402,9999,10998,13999,10391,174155,28
BC,Honda,Civic,2013,Used,27,8540,9894,12499,13996,15620,12071,160000,20
BC,Honda,Civic,2014,Used,25,8840,9500,11900,13000,15592,11951,148000,22
BC,Honda,Civic,2015,Used,37,9493,11998,14495,15900,16609,13897,152000,20
BC,Honda,Civic,2016,Used,50,13900,15862,17420,19995,21954,17797,127516,22
BC,Honda,Civic,2017,Used,51,13450,16550,17500,20272,23000,18758,120218,21
BC,Honda,Civic,2018,Used,56,13948,16999,19850,21221,23447,19369,122334,21
BC,Honda,Civic,2019,Used,43,16910,17995,19995,21947,24237,20757,99200,23
BC,Honda,Civic,2020,Used,56,18248,19962,22340,24849,26972,22515,82768,22
BC,Honda,Civic,2021,Used,35,19171,21995,24082,27437,28917,25245,61953,33
BC,Honda,Civic,2022,Used,75,22439,24899,26900,28775,29995,26779,62819,22
BC,Honda,Civic,2023,Used,27,22839,26493,27995,30994,33655,28164,59529,22
BC,Honda,Civic,2024,Used,34,22755,26894,29999,31998,34321,29259,50800,26
BC,Honda,Civic,2025,Used,70,28450,30995,32942,34972,38899,33088,21560,26
BC,Honda,Civic,2026,New,839,31950,34780,36723,40180,41227,37085,15,30
BC,Honda,Civic,2026,Used,31,30888,32398,35783,38042,40080,35514,3021,44
BC,Honda,HR-V,2016,Used,10,14680,17050,17992,19659,19989,17716,108850,20
BC,Honda,HR-V,2018,Used,10,15897,17088,18094,20898,22230,19366,93760,14
BC,Honda,HR-V,2019,Used,10,18578,18899,23452,25649,27194,22900,74668,36
BC,Honda,HR-V,2022,Used,11,22888,25346,26595,29998,30500,27074,51252,19
BC,Honda,HR-V,2023,Used,21,26301,27500,29595,31995,33495,29681,47120,34
BC,Honda,HR-V,2024,Used,29,28614,29900,31888,32999,33855,31428,33674,38
BC,Honda,HR-V,2025,Used,16,29997,30749,33296,33978,35300,32704,15237,28
BC,Honda,HR-V,2026,New,39,38000,38588,39904,41402,42456,40027,30,59
BC,Honda,HR-V,2026,Used,12,31282,35974,36914,37925,38619,36480,7748,37
BC,Honda,HR-V,2027,New,271,34480,38276,39605,41850,42798,39349,15,44
BC,Honda,Odyssey,2018,Used,19,25509,28490,29995,31492,32989,29681,98537,30
BC,Honda,Odyssey,2019,Used,26,27997,29807,33194,35999,39395,33034,99290,16
BC,Honda,Odyssey,2022,Used,12,34029,37074,40508,42427,43790,38907,80022,42
BC,Honda,Odyssey,2026,New,54,56520,58055,62570,63820,64408,61367,22,53
BC,Honda,Passport,2026,New,38,59778,63115,63991,64522,65961,63695,25,16
BC,Honda,Pilot,2017,Used,10,15520,20081,23948,27246,30920,22620,135344,35
BC,Honda,Pilot,2021,Used,10,29662,33659,36746,39350,40780,36323,88632,22
BC,Honda,Pilot,2025,Used,18,55596,56196,57889,59971,61070,58298,19039,41
BC,Honda,Pilot,2026,New,128,64095,65690,67650,69050,69302,66916,20,39
BC,Honda,Pilot,2026,Used,11,63526,65381,67839,68875,70392,67324,5600,44
BC,Honda,Ridgeline,2022,Used,10,41876,41995,42700,43845,44914,42948,59148,30
BC,Honda,Ridgeline,2026,New,65,58590,59240,61090,61640,62732,60515,15,39
BC,Hyundai,Accent,2017,Used,12,4186,7325,8400,11850,12986,8753,129404,17
BC,Hyundai,Elantra,2012,Used,11,4900,4950,5990,6875,8998,6582,163884,20
BC,Hyundai,Elantra,2013,Used,30,5500,5900,6948,8971,10995,7714,148268,20
BC,Hyundai,Elantra,2014,Used,17,5900,6900,8490,8999,11017,8179,142000,20
BC,Hyundai,Elantra,2015,Used,20,5890,6374,9199,11691,13908,9432,132526,21
BC,Hyundai,Elantra,2016,Used,14,7292,8769,10996,12779,13970,10910,125788,29
BC,Hyundai,Elantra,2017,Used,36,8100,9866,10600,12980,14700,11241,141330,21
BC,Hyundai,Elantra,2018,Used,31,9800,10342,12800,14249,15679,12341,131447,21
BC,Hyundai,Elantra,2019,Used,20,10670,12718,13999,14995,15999,13684,114882,23
BC,Hyundai,Elantra,2020,Used,29,11780,14500,15900,17500,18989,16153,105197,27
BC,Hyundai,Elantra,2021,Used,25,16280,16945,18900,19995,22499,19054,90942,37
BC,Hyundai,Elantra,2022,Used,38,16745,18826,21390,22900,24888,20911,81005,30
BC,Hyundai,Elantra,2023,Used,46,18494,19924,22573,24993,28442,22566,72750,37
BC,Hyundai,Elantra,2024,Used,36,22188,22878,24844,27528,28896,25419,40598,38
BC,Hyundai,Elantra,2025,New,14,23995,25220,28336,33018,38974,30131,14,56
BC,Hyundai,Elantra,2025,Used,77,23465,24695,25895,27995,32355,27212,21975,38
BC,Hyundai,Elantra,2026,New,497,26305,27817,29849,33499,34780,30930,16,55
BC,Hyundai,Elantra,2026,Used,31,25549,26122,27549,29796,34599,29280,1436,59
BC,Hyundai,IONIQ,2026,New,18,75779,79512,84174,84349,85304,80443,18,62
BC,Hyundai,IONIQ 5,2026,New,37,54499,55249,60149,61698,65999,59388,23,55
BC,Hyundai,IONIQ 5,2026,Used,10,58409,58821,60072,63560,67161,61269,1805,54
BC,Hyundai,IONIQ 9,2026,New,68,78799,79349,82899,84174,84734,80812,32,55
BC,Hyundai,IONIQ 9,2026,Used,11,75600,77124,78999,79949,84099,79149,8638,54
BC,Hyundai,Kona,2018,Used,20,13177,14746,16702,17701,18733,16262,100040,31
BC,Hyundai,Kona,2019,Used,12,13999,14673,16693,18496,20894,16854,91186,26
BC,Hyundai,Kona,2020,Used,33,15052,17500,18888,20900,22355,19108,102998,29
BC,Hyundai,Kona,2021,Used,18,16935,17678,21996,22922,23506,20735,94703,33
BC,Hyundai,Kona,2022,Used,27,18995,20772,21991,24394,27702,22841,69833,25
BC,Hyundai,Kona,2023,Used,22,20074,21544,24150,27274,28867,24234,49389,43
BC,Hyundai,Kona,2024,Used,32,24119,25734,26688,27995,29439,27050,41440,53
BC,Hyundai,Kona,2025,New,10,33856,35776,38635,40822,45195,38809,38,59
BC,Hyundai,Kona,2025,Used,67,26990,28493,29003,31109,33886,30522,34100,51
BC,Hyundai,Kona,2026,New,355,31848,33649,36299,39549,42479,36927,20,57
BC,Hyundai,Kona,2026,Used,16,31140,32900,34003,37510,40654,35868,6573,55
BC,Hyundai,Kona,2027,New,70,30925,32099,36824,42099,42549,36321,15,12
BC,Hyundai,Kona Electric,2023,Used,11,25990,26628,28988,31848,33488,29300,47347,24
BC,Hyundai,Kona Electric,2026,New,192,43609,45986,48299,49648,51649,47678,14,25
BC,Hyundai,Palisade,2020,Used,16,21992,24865,27892,29982,31747,27310,124274,29
BC,Hyundai,Palisade,2021,Used,10,26741,28220,29923,30922,33174,29617,116187,24
BC,Hyundai,Palisade,2022,Used,12,29026,30676,33992,39040,44269,35250,79052,24
BC,Hyundai,Palisade,2024,Used,15,43671,46672,47999,49399,50762,47661,39660,36
BC,Hyundai,Palisade,2025,Used,10,44787,47990,49998,54508,57104,50837,28778,49
BC,Hyundai,Palisade,2026,New,348,62804,64849,65249,66017,68449,65187,17,40
BC,Hyundai,Palisade,2026,Used,26,56606,59630,62078,64849,65498,61582,8028,52
BC,Hyundai,Palisade,2027,New,16,63383,67462,69549,70625,71274,68222,14,5
BC,Hyundai,Santa,2026,New,26,51174,56071,59474,59649,59649,57033,15,62
BC,Hyundai,Santa Cruz,2024,Used,20,33967,35655,38592,39891,41310,37698,47635,46
BC,Hyundai,Santa Cruz,2025,Used,13,32113,36991,39371,39825,39977,37922,31228,23
BC,Hyundai,Santa Fe,2013,Used,27,6588,7944,8800,10862,11999,9307,174000,36
BC,Hyundai,Santa Fe,2014,Used,14,8635,9975,11698,12470,12969,11497,132234,37
BC,Hyundai,Santa Fe,2015,Used,12,10260,10498,11495,14667,16965,12723,126686,38
BC,Hyundai,Santa Fe,2016,Used,27,10879,11993,14390,15552,16354,13649,126500,24
BC,Hyundai,Santa Fe,2017,Used,37,11995,12995,14498,16990,17940,15043,127000,34
BC,Hyundai,Santa Fe,2018,Used,36,11749,14297,15440,18529,19958,16016,124792,33
BC,Hyundai,Santa Fe,2019,Used,37,15295,16999,18998,20298,21992,18996,131344,38
BC,Hyundai,Santa Fe,2020,Used,27,16960,19886,21647,24602,25753,21784,94198,34
BC,Hyundai,Santa Fe,2021,Used,14,21551,21990,23888,26362,28295,24369,101965,46
BC,Hyundai,Santa Fe,2022,Used,18,21693,24216,27309,30643,31338,27020,83936,29
BC,Hyundai,Santa Fe,2023,Used,24,28265,29791,31492,34241,35632,31805,47474,45
BC,Hyundai,Santa Fe,2024,Used,21,36166,40904,41999,44555,45704,41612,32465,47
BC,Hyundai,Santa Fe,2025,Used,27,41402,43808,45498,47656,51059,45979,19979,53
BC,Hyundai,Santa Fe,2026,New,283,46798,50199,55649,59549,60148,54184,17,50
BC,Hyundai,Santa Fe,2026,Used,17,44194,45399,49138,56099,58208,50351,8949,52
BC,Hyundai,Santa Fe XL,2017,Used,12,8720,9349,11350,14470,14847,11719,159812,38
BC,Hyundai,Sonata,2013,Used,14,6618,7600,8389,8968,11329,8704,118652,26
BC,Hyundai,Sonata,2015,Used,21,7499,7999,11888,13900,15904,11417,137535,20
BC,Hyundai,Sonata,2016,Used,19,8995,9648,11485,12672,13199,11271,160000,20
BC,Hyundai,Sonata,2017,Used,13,9098,11500,11999,14995,17982,13440,125000,37
BC,Hyundai,Sonata,2018,Used,16,10444,11499,12490,14124,17450,13297,141000,38
BC,Hyundai,Sonata,2019,Used,13,13388,14997,16999,18995,19883,17106,84305,38
BC,Hyundai,Sonata,2021,Used,11,14999,16750,20888,22701,24740,19747,96251,33
BC,Hyundai,Sonata,2026,New,73,38374,38449,38749,39549,40662,39250,20,55
BC,Hyundai,Tucson,2016,Used,27,8955,10499,13988,16188,17395,13386,138805,24
BC,Hyundai,Tucson,2017,Used,49,10994,12904,14990,16998,17991,14920,118000,29
BC,Hyundai,Tucson,2018,Used,31,13995,14989,16704,17918,18804,16469,120602,30
BC,Hyundai,Tucson,2019,Used,18,14903,15220,17986,19567,20266,17681,105389,36
BC,Hyundai,Tucson,2020,Used,25,17926,18888,19998,21995,23493,20359,88804,33
BC,Hyundai,Tucson,2021,Used,22,20904,21596,22995,24998,25908,23217,78239,39
BC,Hyundai,Tucson,2022,Used,30,20814,22926,24792,26988,29909,25275,78708,31
BC,Hyundai,Tucson,2023,Used,34,25359,26610,29654,31996,33836,29770,46000,32
BC,Hyundai,Tucson,2024,Used,23,25316,28201,31501,34637,38642,31570,44098,22
BC,Hyundai,Tucson,2025,Used,60,29890,32866,35988,40112,44094,36469,19597,50
BC,Hyundai,Tucson,2026,New,866,37949,41499,46217,50124,50747,45343,20,55
BC,Hyundai,Tucson,2026,Used,65,35775,37140,40548,41998,48157,40643,3201,58
BC,Hyundai,Venue,2021,Used,12,15158,15421,16660,17756,17986,16667,88856,45
BC,Hyundai,Venue,2022,Used,14,16995,17895,19140,20475,32168,21244,67752,54
BC,Hyundai,Venue,2023,Used,14,18550,18925,19942,21613,23309,20473,66230,22
BC,Hyundai,Venue,2024,Used,17,19892,19995,21997,23999,24652,22058,39607,29
BC,Hyundai,Venue,2025,Used,31,21495,22587,23888,24304,25888,23376,33562,38
BC,Hyundai,Venue,2026,New,121,24649,25667,26749,28867,29249,27036,16,43
BC,Hyundai,Venue,2026,Used,13,22898,24904,25998,27241,27495,25692,3061,59
BC,Infiniti,QX50,2019,Used,11,19999,20792,21300,22749,25900,22616,97849,42
BC,Infiniti,QX60,2014,Used,11,4999,9175,11800,13995,14995,11039,157788,21
BC,Infiniti,QX60,2025,Used,13,39753,42588,44999,48888,57042,46508,49664,56
BC,Infiniti,QX60,2026,New,15,70290,72015,73965,74520,74745,73400,10,58
BC,Infiniti,QX60,2026,Used,13,69359,73290,73290,81290,81290,74821,51,26
BC,Infiniti,QX60,2027,New,25,71692,74290,75295,82670,82965,77579,10,53
BC,Infiniti,QX65,2027,New,45,73290,73515,74295,80040,81045,76164,12,43
BC,Infiniti,QX80,2026,New,19,110340,112342,122790,123345,125594,120202,29,58
BC,Infiniti,QX80,2027,New,11,110590,110965,123595,133058,133595,122422,15,52
BC,Jaguar,F-PACE,2026,New,11,73934,74559,75559,86942,93204,80651,50,55
BC,Jeep,Cherokee,2014,Used,12,9044,9798,10840,11571,12678,10792,148035,38
BC,Jeep,Cherokee,2015,Used,24,7582,9718,10938,14120,14999,11258,155330,32
BC,Jeep,Cherokee,2016,Used,21,11800,12990,15000,16995,16998,14829,108000,37
BC,Jeep,Cherokee,2017,Used,15,12159,13415,15999,19443,21789,16851,108640,36
BC,Jeep,Cherokee,2018,Used,13,14940,15995,17900,21988,23971,18800,120201,26
BC,Jeep,Cherokee,2019,Used,40,14770,16800,19884,21996,22988,19543,95941,37
BC,Jeep,Cherokee,2020,Used,12,19294,21980,22824,23989,26960,23179,98594,33
BC,Jeep,Cherokee,2021,Used,15,18815,21550,23888,25951,28596,23671,80903,29
BC,Jeep,Cherokee,2022,Used,17,24772,26800,27995,30999,35270,29053,47674,51
BC,Jeep,Cherokee,2023,Used,10,27919,29191,30906,32923,36394,31877,30129,51
BC,Jeep,Cherokee,2026,New,611,44688,47563,48180,55935,58985,50806,15,55
BC,Jeep,Cherokee,2026,Used,29,45472,47390,48180,52885,54399,49967,2462,55
BC,Jeep,Compass,2018,Used,24,14290,15100,17874,19154,22298,17823,95189,32
BC,Jeep,Compass,2019,Used,25,15099,16995,18998,19999,20960,18605,97755,41
BC,Jeep,Compass,2020,Used,10,14707,15246,18642,21848,22904,18545,93008,37
BC,Jeep,Compass,2021,Used,16,18732,20904,22943,23990,25953,22992,77460,55
BC,Jeep,Compass,2022,Used,15,22196,23404,24994,26844,27425,24863,81000,52
BC,Jeep,Compass,2024,Used,40,23940,25972,27902,30739,36899,28771,30522,50
BC,Jeep,Compass,2025,New,11,29990,32770,35690,39012,47830,37236,18,55
BC,Jeep,Compass,2025,Used,57,27649,28795,30777,33995,39092,31963,11332,58
BC,Jeep,Compass,2026,New,515,34990,36995,42085,45035,47145,41446,18,59
BC,Jeep,Compass,2026,Used,58,29458,31808,35852,39664,45666,36477,1919,62
BC,Jeep,Gladiator,2020,Used,16,32489,34692,38442,41988,44446,38406,86226,45
BC,Jeep,Gladiator,2021,Used,12,35359,38898,42542,44621,49470,42203,72582,36
BC,Jeep,Gladiator,2023,Used,23,40040,42427,45499,50418,56974,47288,55348,25
BC,Jeep,Gladiator,2026,New,144,53323,55480,59500,66954,77594,61715,17,58
BC,Jeep,Grand Cherokee,2011,Used,10,4988,7925,8999,12414,13044,9412,206892,38
BC,Jeep,Grand Cherokee,2014,Used,11,9995,10954,11999,15389,22995,15315,172353,13
BC,Jeep,Grand Cherokee,2015,Used,10,9049,12099,13347,13869,19295,13141,179586,22
BC,Jeep,Grand Cherokee,2017,Used,18,16722,18621,21435,24494,28495,21898,137286,32
BC,Jeep,Grand Cherokee,2018,Used,17,17396,19888,19999,24999,27590,22844,143250,24
BC,Jeep,Grand Cherokee,2019,Used,19,21899,22928,25888,27448,29096,27302,114947,36
BC,Jeep,Grand Cherokee,2020,Used,17,22997,27560,29999,35900,37490,32062,86506,26
BC,Jeep,Grand Cherokee,2021,Used,23,27654,27996,31765,34648,36796,31966,84000,38
BC,Jeep,Grand Cherokee,2022,Used,21,30995,35304,40138,46238,47999,40700,63538,53
BC,Jeep,Grand Cherokee,2023,Used,63,34690,39255,46369,52000,56518,46208,39146,55
BC,Jeep,Grand Cherokee,2024,Used,64,38664,40849,41995,43996,53659,43850,57375,42
BC,Jeep,Grand Cherokee,2025,New,24,52020,53772,55804,59463,61832,57119,19,62
BC,Jeep,Grand Cherokee,2025,Used,45,47986,51888,54888,58605,58955,54584,1150,55
BC,Jeep,Grand Cherokee,2026,New,192,62169,65180,68475,73675,78425,70357,15,55
BC,Jeep,Grand Cherokee L,2022,Used,10,32998,34321,41446,46968,51747,41446,77920,40
BC,Jeep,Grand Cherokee L,2024,Used,21,39904,41980,43895,53990,59995,47180,60018,52
BC,Jeep,Grand Cherokee L,2025,Used,12,49064,54859,63824,68495,71709,61844,7595,56
BC,Jeep,Grand Cherokee L,2026,New,60,67970,69505,71935,73985,79270,72616,17,55
BC,Jeep,Grand Wagoneer,2026,New,26,94268,95060,100090,107280,124445,104937,16,55
BC,Jeep,Grand Wagoneer L,2026,New,13,102310,107685,110975,119585,135169,110599,16,39
BC,Jeep,Wagoneer,2024,Used,21,48707,51895,53888,59990,66995,54871,23206,59
BC,Jeep,Wrangler,2016,Used,13,16632,19888,20890,25000,29310,21092,127101,24
BC,Jeep,Wrangler,2017,Used,18,22968,24922,26929,27993,28990,26054,102670,18
BC,Jeep,Wrangler,2018,Used,45,20395,24904,27904,30904,32242,27854,107467,24
BC,Jeep,Wrangler,2019,Used,28,26522,28545,30192,34754,37200,32348,102114,36
BC,Jeep,Wrangler,2020,Used,26,28244,30194,34547,37809,44302,34882,91984,33
BC,Jeep,Wrangler,2021,Used,64,30389,34990,37498,41113,44232,37576,81488,32
BC,Jeep,Wrangler,2022,Used,35,32754,35799,38888,41888,46938,39220,67885,33
BC,Jeep,Wrangler,2023,Used,72,36489,39590,42922,44991,49875,42831,51684,29
BC,Jeep,Wrangler,2024,Used,75,38830,44398,48988,57994,67325,52735,25499,52
BC,Jeep,Wrangler,2025,New,19,59085,59942,66853,69919,70397,66180,50,62
BC,Jeep,Wrangler,2025,Used,43,49150,53464,57998,66937,72953,60338,3907,54
BC,Jeep,Wrangler,2026,New,529,47080,58350,65175,75250,84781,66585,15,55
BC,Jeep,Wrangler,2026,Used,33,50552,56995,59907,69995,76287,62631,11102,53
BC,Kia,Carnival,2024,Used,10,34889,37108,41496,42997,44284,40400,41387,14
BC,Kia,Carnival,2026,New,120,47974,49070,53095,57218,59382,53136,20,59
BC,Kia,Carnival,2027,New,81,46168,49668,52632,56730,58730,53145,21,18
BC,Kia,EV4,2026,New,44,47239,50995,53096,54530,55420,52031,22,59
BC,Kia,EV4,2026,Used,10,43630,47132,51920,54472,55424,50346,7150,60
BC,Kia,EV5,2027,New,20,50030,50404,52530,55705,61498,53738,25,8
BC,Kia,EV9,2026,New,75,66316,73030,80648,82030,86267,77827,22,39
BC,Kia,EV9,2026,Used,10,58629,58888,65442,81421,86586,70143,3464,51
BC,Kia,Forte,2014,Used,19,5860,6098,6990,9195,10398,7813,160000,20
BC,Kia,Forte,2018,Used,25,8860,9900,10900,12995,14599,11551,119361,21
BC,Kia,Forte,2019,Used,15,12595,13745,15204,16994,17496,15272,98980,38
BC,Kia,Forte,2020,Used,12,13995,14746,16888,17598,18440,16213,94468,9
BC,Kia,Forte,2021,Used,22,12179,15088,17374,18730,19813,16687,99650,36
BC,Kia,Forte,2022,Used,10,18245,19003,19898,20730,21099,19662,59072,16
BC,Kia,Forte,2023,Used,35,18893,18995,19904,20986,23132,20277,61782,36
BC,Kia,Forte,2024,Used,25,19932,20904,21999,23888,25552,22516,43855,37
BC,Kia,K4,2025,New,13,28755,30195,31582,32558,36415,31840,26,60
BC,Kia,K4,2025,Used,49,23204,23998,25500,27000,29214,26203,23906,38
BC,Kia,K4,2026,New,179,27073,29503,31380,34675,37845,32165,21,55
BC,Kia,Niro,2026,New,150,34114,41930,50945,50980,55945,47152,13,59
BC,Kia,Niro,2026,Used,18,34463,37548,38614,41198,41198,38464,50,60
BC,Kia,Niro EV,2026,New,394,39888,40095,48212,49017,50980,46218,16,55
BC,Kia,Niro EV,2026,Used,103,37095,40095,40095,40095,43595,40383,25,60
BC,Kia,Optima,2012,Used,11,6500,6699,6900,7945,8990,7612,178000,21
BC,Kia,Optima,2014,Used,13,7172,8500,8900,9995,11585,9327,141450,20
BC,Kia,Optima,2016,Used,13,9629,11879,12980,13800,13956,12423,116500,21
BC,Kia,Optima,2018,Used,11,9888,10250,12888,15174,15888,12755,142286,36
BC,Kia,Rio,2013,Used,10,5500,5896,6244,6480,6949,6259,167323,24
BC,Kia,Rio,2014,Used,15,5200,6247,6900,8489,8997,7309,122819,21
BC,Kia,Seltos,2021,Used,44,15988,17827,20284,22926,24975,20636,91022,36
BC,Kia,Seltos,2022,Used,18,19466,20986,22443,25128,25649,22475,67350,28
BC,Kia,Seltos,2023,Used,20,21854,23302,24986,25995,26705,24542,52970,36
BC,Kia,Seltos,2024,Used,51,21698,23448,25325,27494,31095,25862,47457,46
BC,Kia,Seltos,2025,Used,40,25999,27094,29064,32066,35520,29985,33905,38
BC,Kia,Seltos,2026,New,92,31031,35058,38578,40105,42530,37534,20,59
BC,Kia,Seltos,2026,Used,37,25271,26411,31200,33904,38578,31422,9460,53
BC,Kia,Seltos,2027,New,234,30980,31818,32980,35980,39280,34337,22,22
BC,Kia,Sorento,2015,Used,16,7150,8732,9918,13348,14995,10968,156717,21
BC,Kia,Sorento,2016,Used,29,7996,9880,11800,14988,17039,12411,143000,37
BC,Kia,Sorento,2017,Used,17,9508,11800,13299,14985,18770,14233,126768,21
BC,Kia,Sorento,2018,Used,13,13071,14999,15995,17999,19740,16005,120432,25
BC,Kia,Sorento,2019,Used,30,13799,14070,15899,17942,20009,16213,117170,24
BC,Kia,Sorento,2020,Used,20,15893,16922,20494,23688,25084,20688,99780,34
BC,Kia,Sorento,2021,Used,11,21988,22491,28900,31946,32888,27388,88241,42
BC,Kia,Sorento,2024,Used,13,33220,37888,39105,43368,43866,39311,46453,54
BC,Kia,Sorento,2025,Used,38,33995,35690,41222,46748,53995,41939,17546,47
BC,Kia,Sorento,2026,New,204,46184,48530,50912,58445,59418,52592,22,54
BC,Kia,Sorento,2026,Used,15,47735,50446,58480,62496,63267,57045,5634,60
BC,Kia,Soul,2014,Used,12,7091,8667,9450,9992,11713,9296,130078,37
BC,Kia,Soul,2015,Used,11,7990,8494,9500,9800,10800,9315,113900,37
BC,Kia,Soul,2016,Used,17,8418,8900,9663,9989,11497,10431,120000,32
BC,Kia,Soul,2018,Used,11,8995,10150,10990,13192,16995,12117,108600,22
BC,Kia,Soul,2019,Used,13,10359,12986,14990,16995,20122,15216,123980,38
BC,Kia,Soul,2020,Used,21,11499,14800,16888,18904,19995,16444,92220,33
BC,Kia,Soul,2022,Used,21,17889,20611,21411,21977,23411,20939,80050,24
BC,Kia,Soul,2023,Used,11,19987,22516,24298,25154,26886,23791,64304,24
BC,Kia,Sportage,2015,Used,10,7979,9245,10860,11864,12070,10477,171142,38
BC,Kia,Sportage,2017,Used,27,8740,9997,13999,15952,17642,13679,136655,36
BC,Kia,Sportage,2018,Used,21,9000,12888,14785,15880,17888,14650,140588,38
BC,Kia,Sportage,2020,Used,27,14531,16544,17888,19997,24349,18718,104790,36
BC,Kia,Sportage,2023,Used,46,22998,25247,27996,30393,32758,28269,64884,32
BC,Kia,Sportage,2024,Used,28,27048,28575,29997,31573,35248,31054,37184,34
BC,Kia,Sportage,2025,Used,26,23034,29748,35599,38833,39991,34344,29018,52
BC,Kia,Sportage,2026,New,749,36795,40730,43948,46930,48230,43302,17,59
BC,Kia,Sportage,2026,Used,52,34108,35790,39722,42965,45288,39874,8242,54
BC,Kia,Sportage,2027,New,186,44180,45217,47805,50680,51467,48070,16,29
BC,Kia,Telluride,2023,Used,17,41342,42997,43999,49500,49999,45569,54145,54
BC,Kia,Telluride,2024,Used,14,48648,48998,50450,51998,52963,50163,33841,24
BC,Land Rover,Defender,2023,Used,15,57688,63032,67488,73500,75418,67670,50894,19
BC,Land Rover,Defender,2024,Used,13,65794,69998,73550,83995,95625,79167,25000,42
BC,Land Rover,Defender,2025,Used,35,71282,79443,83995,95444,115872,89425,8503,52
BC,Land Rover,Defender,2026,New,125,91160,94469,105075,112830,129328,106758,50,42
BC,Land Rover,Defender,2026,Used,20,86179,90220,92144,100203,120099,97125,2500,42
BC,Land Rover,Discovery,2025,Used,10,70818,75848,76932,84874,87593,78955,8944,56
BC,Land Rover,Discovery Sport,2016,Used,10,11890,12848,13689,15746,17098,14302,134602,35
BC,Land Rover,Range Rover,2017,Used,11,29995,36445,38800,43698,53789,42047,92379,24
BC,Land Rover,Range Rover,2018,Used,10,42873,43745,48945,53788,75260,53260,81268,34
BC,Land Rover,Range Rover,2019,Used,12,39995,41870,47446,66415,78782,55602,88306,36
BC,Land Rover,Range Rover,2023,Used,16,101526,106872,119840,130371,148012,121907,39692,20
BC,Land Rover,Range Rover,2026,New,53,149021,156310,173150,178909,187649,171375,50,51
BC,Land Rover,Range Rover Evoque,2020,Used,10,22810,24165,25948,26836,28398,25923,86848,14
BC,Land Rover,Range Rover Evoque,2026,New,22,61240,62332,66222,70352,71919,66753,90,56
BC,Land Rover,Range Rover Evoque,2026,Used,60,45941,48459,65029,66894,68030,59724,5238,42
BC,Land Rover,Range Rover Sport,2016,Used,19,18779,20497,23800,26795,29894,24082,118579,36
BC,Land Rover,Range Rover Sport,2017,Used,20,19988,24217,28894,33694,40288,30860,105276,37
BC,Land Rover,Range Rover Sport,2018,Used,16,27997,29880,33995,36623,48344,35785,98614,21
BC,Land Rover,Range Rover Sport,2019,Used,14,31375,35929,41895,59915,66683,46260,89400,37
BC,Land Rover,Range Rover Sport,2025,Used,10,104699,108574,111495,114971,132477,120295,3614,43
BC,Land Rover,Range Rover Sport,2026,New,154,105060,108218,122576,138060,144856,122380,50,55
BC,Land Rover,Range Rover Sport,2026,Used,22,101419,102522,104859,106209,107449,106970,50,42
BC,Land Rover,Range Rover Velar,2018,Used,17,23552,24995,27999,31990,33995,28328,98241,26
BC,Land Rover,Range Rover Velar,2026,New,73,75910,79609,83419,89709,91267,84516,50,55
BC,Land Rover,Range Rover Velar,2026,Used,85,56832,73498,77464,80344,87709,75122,4600,42
BC,Lexus,IS,2026,New,24,59999,62124,64811,66574,70009,64618,15,29
BC,Lexus,LX,2026,New,26,137509,142592,146984,150453,160478,146566,15,44
BC,Lexus,NX,2021,Used,17,30231,31497,32888,38388,39953,34506,85495,33
BC,Lexus,NX,2022,Used,10,40599,42825,48188,49519,50108,46214,37766,36
BC,Lexus,NX,2023,Used,13,38858,41000,44500,47700,49779,44431,39899,26
BC,Lexus,NX,2024,Used,18,43562,47572,50892,54025,55566,50191,34984,32
BC,Lexus,NX,2025,Used,24,47857,50528,53400,56119,59180,53574,16698,44
BC,Lexus,NX,2026,New,204,60734,62504,65322,69444,77739,66862,15,34
BC,Lexus,NX,2026,Used,49,56196,59110,63640,67358,77089,64435,1601,44
BC,Lexus,RX,2020,Used,10,38722,41107,42800,43412,44090,42140,54922,26
BC,Lexus,RX,2022,Used,16,42650,44971,46948,50243,52774,47418,57832,32
BC,Lexus,RX,2023,Used,15,49041,50393,51988,61300,64338,55736,51560,35
BC,Lexus,RX,2024,Used,24,56196,58804,62775,66619,69894,62849,27038,16
BC,Lexus,RX,2026,New,200,68594,74204,78925,85355,91054,79624,15,34
BC,Lexus,RX,2026,Used,30,66748,71033,75892,83695,87725,76645,1674,37
BC,Lexus,RZ,2026,New,38,65931,67859,73135,76684,80649,73019,10,51
BC,Lexus,RZ,2026,Used,13,69242,72485,74175,75519,82416,75204,2046,44
BC,Lexus,TX,2026,New,52,72209,75521,79839,83211,93923,80522,15,44
BC,Lexus,UX,2025,Used,16,39249,39812,41692,43025,45798,42110,21452,44
BC,Lexus,UX,2026,New,211,48738,52544,53653,56477,58008,54095,15,22
BC,Lexus,UX,2026,Used,17,48919,49500,56137,58344,59041,54864,1394,44
BC,Lincoln,Aviator,2026,New,54,77719,82418,88614,92292,99294,87988,25,54
BC,Lincoln,Aviator,2027,New,10,95735,97182,97995,98508,100595,97055,,4
BC,Lincoln,Corsair,2025,New,13,56245,60185,61235,65185,69575,61977,25,56
BC,Lincoln,Nautilus,2026,New,126,62076,66133,69349,74510,78244,70303,25,42
BC,Lincoln,Navigator,2026,New,19,120583,122793,127639,132506,138550,128446,25,56
BC,Lincoln,Navigator,2027,New,18,130173,138052,142440,147628,160867,143259,25,38
BC,MINI,3 Door,2026,New,18,38272,41902,50546,57994,60206,49943,56,55
BC,MINI,Convertible,2026,New,17,45940,51646,54496,57146,61570,54522,20,58
BC,MINI,Cooper,2013,Used,12,8929,9764,9998,10995,11720,10020,113334,12
BC,MINI,Cooper,2015,Used,14,8589,9616,13492,14994,16692,13689,98536,28
BC,MINI,Cooper,2016,Used,15,9697,11442,14495,15895,16784,13901,96905,20
BC,MINI,Cooper,2026,New,32,32350,32350,39840,41928,45930,39212,12,46
BC,MINI,Cooper,2027,New,13,37880,38240,39190,41540,46000,40817,2,42
BC,MINI,Cooper S,2026,New,56,42065,44615,46690,49402,52315,47244,10,46
BC,MINI,Cooper S,2027,New,15,47240,48340,49740,50640,50960,49083,0,29
BC,MINI,Countryman,2025,Used,13,36033,37490,38141,41999,42941,39056,14636,43
BC,MINI,Countryman,2026,New,14,49467,52136,54821,56440,62309,55194,90,55
BC,MINI,Countryman,2026,Used,16,42371,43972,52896,55008,62896,51307,5723,55
BC,MINI,Countryman,2027,New,191,49040,51315,52890,56465,63590,54557,13,46
BC,MINI,JCW,2026,New,26,52965,53440,54240,58690,61590,56065,12,46
BC,MINI,JCW,2027,New,29,50460,56990,57790,59240,59580,56754,11,46
BC,Maserati,Grecale,2026,New,18,109772,113344,116501,121407,143317,120833,50,55
BC,Mazda,3 Sport,2026,New,20,27595,27595,27968,33638,39216,31081,8,25
BC,Mazda,CX-30,2021,Used,16,25138,25995,27748,29610,29995,27709,45712,24
BC,Mazda,CX-30,2022,Used,10,20538,25246,27995,29993,30604,26834,29934,36
BC,Mazda,CX-30,2023,Used,24,24924,25770,28396,30240,31996,28451,44772,26
BC,Mazda,CX-30,2024,Used,32,28015,28746,30244,31990,32994,30319,27302,24
BC,Mazda,CX-30,2025,Used,28,30311,31371,32520,33639,37134,32841,11470,42
BC,Mazda,CX-30,2026,New,348,31676,34095,39795,41951,43645,38082,9,51
BC,Mazda,CX-30,2026,Used,17,31595,32115,35995,42945,43521,37503,143,44
BC,Mazda,CX-5,2016,Used,10,12611,12958,14328,16166,17188,14546,156948,21
BC,Mazda,CX-5,2018,Used,17,17096,18995,21801,22998,24395,20817,105788,38
BC,Mazda,CX-5,2019,Used,23,20595,23245,24999,27144,27616,24787,97226,20
BC,Mazda,CX-5,2021,Used,36,23245,25930,26992,29164,30995,27567,82042,37
BC,Mazda,CX-5,2022,Used,18,27639,29196,30948,34350,35595,31235,54928,22
BC,Mazda,CX-5,2023,Used,52,28513,30754,33416,34900,35849,32715,46322,22
BC,Mazda,CX-5,2024,Used,49,29976,32438,34731,36990,39192,34562,34920,23
BC,Mazda,CX-5,2025,New,26,38045,38526,40345,41520,43070,40475,6,62
BC,Mazda,CX-5,2025,Used,70,30989,32543,33502,35982,39849,34488,39032,38
BC,Mazda,CX-5,2026,New,1057,38985,41045,42432,48445,49450,43980,12,44
BC,Mazda,CX-5,2026,Used,45,39285,41045,43745,49220,49590,44560,586,62
BC,Mazda,CX-50,2023,Used,12,31948,33232,34388,37464,38987,35008,51509,43
BC,Mazda,CX-50,2024,Used,22,35828,36800,38644,40971,42704,38908,36040,16
BC,Mazda,CX-50,2025,Used,14,40716,42520,44898,45946,48147,44497,22604,34
BC,Mazda,CX-70,2025,New,32,50820,51576,55295,56645,61164,55441,16,52
BC,Mazda,CX-70,2025,Used,49,37838,39997,43888,51998,55772,45991,40450,44
BC,Mazda,CX-70,2026,New,267,55225,59213,62020,64211,69353,61776,8,51
BC,Mazda,CX-90,2024,Used,29,38327,39888,44642,47100,50798,44800,42012,29
BC,Mazda,CX-90,2025,New,80,46989,51420,53732,55769,57595,52924,15,60
BC,Mazda,CX-90,2025,Used,36,40947,42729,49294,55670,58173,49075,18874,50
BC,Mazda,CX-90,2026,New,477,57745,58932,64645,65195,70745,63298,7,51
BC,Mazda,CX-90,2026,Used,13,58990,62720,64144,65070,67361,63800,5555,51
BC,Mazda,Cx,2026,New,53,39375,41895,46995,60895,65945,51413,6,55
BC,Mazda,MX-5,2026,New,18,41355,42395,45245,48546,51259,45577,12,44
BC,Mazda,Mazda3,2005,Used,11,3890,4500,4900,5944,8995,5569,196000,20
BC,Mazda,Mazda3,2006,Used,12,3086,3900,4398,6624,7540,5165,230319,20
BC,Mazda,Mazda3,2010,Used,28,5440,6125,7240,8425,10296,7587,179298,20
BC,Mazda,Mazda3,2011,Used,15,5397,6248,6897,7948,9772,7324,182000,24
BC,Mazda,Mazda3,2012,Used,13,5660,6499,8495,9990,11600,8380,143000,23
BC,Mazda,Mazda3,2013,Used,14,5263,6525,7694,8675,11342,7786,191725,21
BC,Mazda,Mazda3,2014,Used,23,8500,8997,10499,13422,14896,11337,153840,20
BC,Mazda,Mazda3,2015,Used,21,8888,10800,12942,13500,16950,12533,137200,21
BC,Mazda,Mazda3,2016,Used,18,10592,13490,15347,15997,17083,14452,94700,31
BC,Mazda,Mazda3,2017,Used,18,9710,13374,14997,16894,17993,14723,119158,18
BC,Mazda,Mazda3,2018,Used,27,14590,15604,16990,18396,18992,17057,112000,21
BC,Mazda,Mazda3,2019,Used,21,16995,18495,21500,22900,24888,21193,73821,27
BC,Mazda,Mazda3,2020,Used,15,19939,20994,24888,25995,27542,23746,57219,37
BC,Mazda,Mazda3,2021,Used,18,18339,18922,20994,22800,24891,21298,72442,42
BC,Mazda,Mazda3,2022,Used,12,19970,21722,23212,27018,30695,24624,44130,30
BC,Mazda,Mazda3,2023,Used,23,22913,23752,26900,28797,29482,26263,43880,33
BC,Mazda,Mazda3,2024,Used,28,25254,26297,28688,30694,33200,28759,30401,35
BC,Mazda,Mazda3,2025,New,10,27520,30535,33332,34937,36590,32673,16,50
BC,Mazda,Mazda3,2025,Used,38,25438,27219,28956,29977,35022,29350,14650,37
BC,Mazda,Mazda3,2026,New,376,27845,28646,32845,37323,40858,33290,8,50
BC,Mercedes-Benz,A-Class,2022,Used,10,26424,28830,29619,33470,37283,31843,40644,40
BC,Mercedes-Benz,AMG,2026,New,11,106200,107012,128850,143450,144850,125630,90,61
BC,Mercedes-Benz,C-Class,2012,Used,10,7976,9247,10700,13470,16635,11605,135336,20
BC,Mercedes-Benz,C-Class,2015,Used,21,14888,15125,18995,24500,57800,24379,103500,20
BC,Mercedes-Benz,C-Class,2016,Used,17,13660,16995,18997,23950,53756,25251,107100,20
BC,Mercedes-Benz,C-Class,2017,Used,17,17255,18800,22995,34900,50719,29032,95070,37
BC,Mercedes-Benz,C-Class,2018,Used,32,22098,24666,27948,30120,36620,29514,84594,21
BC,Mercedes-Benz,C-Class,2019,Used,19,20396,26892,31900,48398,52195,34180,73719,19
BC,Mercedes-Benz,C-Class,2020,Used,14,30178,35115,45890,78121,105947,58209,58033,19
BC,Mercedes-Benz,C-Class,2023,Used,14,45289,45995,52192,63200,67390,54380,34188,24
BC,Mercedes-Benz,C-Class,2025,Used,12,57996,58376,62449,70288,76985,64875,6953,58
BC,Mercedes-Benz,C-Class,2026,New,61,70810,73400,77600,80510,83200,78286,90,58
BC,Mercedes-Benz,C-Class,2026,Used,10,69700,71400,74169,80526,83832,75826,5424,58
BC,Mercedes-Benz,CLA-Class,2014,Used,11,9999,12246,12800,13999,16937,13710,109259,38
BC,Mercedes-Benz,CLA-Class,2025,New,10,56770,59725,60050,60338,62390,59985,3572,58
BC,Mercedes-Benz,CLA-Class,2025,Used,31,38995,40244,43995,51784,59650,47026,17062,58
BC,Mercedes-Benz,CLA-Class,2026,New,63,56750,57900,59150,63100,78470,62470,90,58
BC,Mercedes-Benz,CLA-Class,2026,Used,27,39352,39990,42995,60270,67360,49992,26571,53
BC,Mercedes-Benz,CLE-Class,2026,New,30,81360,87099,92286,105425,112381,96626,90,55
BC,Mercedes-Benz,E-Class,2026,New,62,89200,92650,101850,131471,141620,108519,90,58
BC,Mercedes-Benz,EQB,2025,New,12,67688,74902,75890,76278,76480,74212,2950,58
BC,Mercedes-Benz,EQB,2025,Used,11,60005,60500,71340,73965,74790,68074,9928,58
BC,Mercedes-Benz,ESprinter,2025,New,60,116576,116594,116644,116892,123152,116642,90,54
BC,Mercedes-Benz,G-Class,2021,Used,18,193163,205924,227000,250875,355400,250381,19254,19
BC,Mercedes-Benz,GLA-Class,2018,Used,16,17450,18677,19844,21078,23495,20690,90816,37
BC,Mercedes-Benz,GLA-Class,2025,Used,19,47309,51186,53799,56550,60708,53905,8575,59
BC,Mercedes-Benz,GLA-Class,2026,New,178,61190,62500,63850,65050,65850,63880,90,58
BC,Mercedes-Benz,GLA-Class,2026,Used,50,42980,45625,58958,65351,71420,56709,8373,55
BC,Mercedes-Benz,GLB-Class,2025,New,12,63135,63750,64550,65588,66570,64725,3616,58
BC,Mercedes-Benz,GLB-Class,2025,Used,11,53859,54886,54995,60786,64400,57547,7509,59
BC,Mercedes-Benz,GLB-Class,2026,New,93,63050,65050,67850,68850,69790,67107,90,58
BC,Mercedes-Benz,GLB-Class,2026,Used,10,63276,67925,68900,71530,72756,68460,4399,58
BC,Mercedes-Benz,GLC-Class,2017,Used,21,21998,22900,26900,29999,33803,27414,81938,37
BC,Mercedes-Benz,GLC-Class,2018,Used,19,21399,22138,24497,27992,33797,25803,90000,27
BC,Mercedes-Benz,GLC-Class,2019,Used,17,24480,26888,35800,37303,44363,33638,59430,37
BC,Mercedes-Benz,GLC-Class,2020,Used,15,29092,31396,34500,47550,70352,42894,59390,31
BC,Mercedes-Benz,GLC-Class,2021,Used,13,28320,30995,39900,43490,46440,40472,80353,37
BC,Mercedes-Benz,GLC-Class,2022,Used,31,34610,36900,39550,42995,46800,39868,41700,37
BC,Mercedes-Benz,GLC-Class,2023,Used,11,45995,49323,49905,58996,64900,54025,53134,31
BC,Mercedes-Benz,GLC-Class,2024,Used,11,51604,53139,55900,57748,59995,56275,21800,25
BC,Mercedes-Benz,GLC-Class,2025,Used,18,51768,57174,59449,64458,73803,61638,15176,47
BC,Mercedes-Benz,GLC-Class,2026,New,382,73420,76260,79000,82799,96750,81516,90,58
BC,Mercedes-Benz,GLC-Class,2026,Used,73,69996,75800,80000,84241,86290,79868,5100,58
BC,Mercedes-Benz,GLC-Class,2027,New,11,72250,73475,76150,80600,82750,77186,90,2
BC,Mercedes-Benz,GLE-Class,2018,Used,18,23636,25934,29898,34071,37920,30936,77875,38
BC,Mercedes-Benz,GLE-Class,2021,Used,14,40787,46496,52350,59075,71114,55916,64415,38
BC,Mercedes-Benz,GLE-Class,2022,Used,23,49195,53742,57888,66394,80476,63308,59600,38
BC,Mercedes-Benz,GLE-Class,2023,Used,14,46795,58600,62448,75665,84793,64510,41230,48
BC,Mercedes-Benz,GLE-Class,2024,Used,19,61319,68202,72995,82296,104121,78080,35125,55
BC,Mercedes-Benz,GLE-Class,2025,New,10,108940,112325,126500,146825,148156,128116,90,58
BC,Mercedes-Benz,GLE-Class,2025,Used,20,75440,79890,96495,108904,113189,95285,11200,59
BC,Mercedes-Benz,GLE-Class,2026,New,374,100580,103750,109650,135150,141816,117163,90,58
BC,Mercedes-Benz,GLE-Class,2026,Used,30,76945,90487,100750,107889,116718,99895,6658,58
BC,Mercedes-Benz,GLK-Class,2010,Used,13,8979,9995,11900,14900,18384,12495,145000,32
BC,Mercedes-Benz,GLS-Class,2022,Used,12,62359,64912,68845,79141,88900,76098,63327,32
BC,Mercedes-Benz,GLS-Class,2026,New,66,136250,138762,141350,144596,151700,145878,90,58
BC,Mercedes-Benz,M-Class,2012,Used,12,10179,13375,18395,20495,23620,18973,111867,28
BC,Mercedes-Benz,M-Class,2014,Used,13,13159,15289,16995,22990,27600,20508,97535,36
BC,Mercedes-Benz,S-Class,2018,Used,10,70810,73471,77898,91900,106600,83399,66464,20
BC,Mercedes-Benz,S-Class,2026,New,17,186770,191550,198400,198800,218520,199668,90,58
BC,Mercedes-Benz,Sprinter,2024,Used,15,51453,54450,62995,80964,83174,66575,45342,59
BC,Mercedes-Benz,Sprinter,2025,New,28,76182,80842,84354,96395,96909,86972,90,58
BC,Mercedes-Benz,Sprinter,2025,Used,33,52154,54495,57888,78862,97653,67938,27092,43
BC,Mercedes-Benz,Sprinter,2026,New,355,74614,77203,78219,82038,86687,80086,90,58
BC,Mitsubishi,Eclipse Cross,2023,Used,15,22460,22995,23940,25899,27519,24652,46426,31
BC,Mitsubishi,Eclipse Cross,2024,Used,15,23997,24846,27995,29998,32599,27712,31693,36
BC,Mitsubishi,Eclipse Cross,2025,Used,13,26982,26995,28003,33999,37598,30774,15070,30
BC,Mitsubishi,Eclipse Cross,2026,New,296,31423,32758,34973,38310,40423,35556,12,52
BC,Mitsubishi,Eclipse Cross,2026,Used,12,30888,31248,34936,35310,40958,34546,6316,51
BC,Mitsubishi,Outlander,2018,Used,20,12925,16946,19236,20200,23238,18650,126646,20
BC,Mitsubishi,Outlander,2020,Used,16,18999,21893,24288,27213,28598,24485,101040,25
BC,Mitsubishi,Outlander,2022,Used,19,25374,26495,27900,29919,31888,28245,79137,24
BC,Mitsubishi,Outlander,2023,Used,16,28493,32553,34996,37494,39694,33608,58172,18
BC,Mitsubishi,Outlander,2024,Used,69,30796,32496,35468,38999,43584,36079,35000,18
BC,Mitsubishi,Outlander,2025,Used,56,32790,38238,42708,46996,49999,42249,22136,36
BC,Mitsubishi,Outlander,2026,New,1063,41773,48026,52673,60228,63723,53286,10,52
BC,Mitsubishi,Outlander,2026,Used,34,39992,45984,51764,59286,61218,51572,2200,38
BC,Mitsubishi,Outlander PHEV,2026,New,15,52356,53376,56778,57900,61923,56639,10,0
BC,Mitsubishi,RVR,2021,Used,20,15436,16666,17950,19747,20199,17969,105794,28
BC,Mitsubishi,RVR,2022,Used,12,17730,18411,19995,22890,23877,20448,68210,27
BC,Mitsubishi,RVR,2023,Used,22,18272,20198,21995,23996,26620,22078,48876,29
BC,Mitsubishi,RVR,2024,Used,39,21608,22947,23998,26992,27999,24665,44830,43
BC,Mitsubishi,RVR,2025,Used,19,23719,24995,25888,27750,29980,26296,9657,22
BC,Mitsubishi,RVR,2026,New,176,27636,28773,30623,31673,34723,30774,11,53
BC,Mitsubishi,RVR,2026,Used,10,24772,26167,28473,28698,29266,27542,7639,38
BC,Nissan,Ariya,2026,New,15,55438,57554,59998,62798,63421,59585,10,17
BC,Nissan,Armada,2026,New,47,88348,96923,99853,105228,108518,99888,15,52
BC,Nissan,Armada,2026,Used,10,87494,88484,95048,98773,99261,94155,7226,58
BC,Nissan,Frontier,2026,New,14,59460,61648,62048,63166,63770,62020,10,42
BC,Nissan,Kicks,2019,Used,28,11603,13599,15192,16892,17901,14995,84920,30
BC,Nissan,Kicks,2020,Used,18,15046,15996,16998,17802,18859,16976,73530,35
BC,Nissan,Kicks,2021,Used,14,15950,18915,19296,19996,20969,19060,70916,26
BC,Nissan,Kicks,2023,Used,20,19578,19972,21696,22991,23369,21608,33736,26
BC,Nissan,Kicks,2024,Used,67,19853,21093,22893,23902,25000,22707,36100,27
BC,Nissan,Kicks,2025,New,18,25489,28706,32456,33759,35360,31313,14,55
BC,Nissan,Kicks,2025,Used,110,21896,22994,24296,27900,31478,25683,28898,38
BC,Nissan,Kicks,2026,New,705,30353,31648,33648,35198,37798,33626,11,53
BC,Nissan,Kicks,2026,Used,45,28976,31048,31648,32903,34883,31795,635,50
BC,Nissan,LEAF,2026,New,118,47268,47548,51043,55348,56406,50922,11,20
BC,Nissan,Leaf,2022,Used,11,23420,25500,31950,33450,34700,30279,22730,37
BC,Nissan,Murano,2015,Used,15,10112,11498,12593,13894,15556,12656,145750,38
BC,Nissan,Murano,2016,Used,12,13065,13924,15192,17021,18404,15346,118944,26
BC,Nissan,Murano,2017,Used,13,13574,14699,15495,15900,20189,15376,128600,43
BC,Nissan,Murano,2018,Used,16,15442,18984,19880,19922,22396,18872,107435,21
BC,Nissan,Murano,2019,Used,18,16779,18494,19304,21739,23984,20033,112350,40
BC,Nissan,Murano,2020,Used,12,21185,24292,25949,28222,29871,25761,78548,21
BC,Nissan,Murano,2021,Used,11,23800,25376,26788,28786,29900,26554,58703,37
BC,Nissan,Murano,2025,Used,17,44071,45778,47763,49198,50949,47322,12301,53
BC,Nissan,Murano,2026,New,11,59498,60948,61498,61638,62603,61240,12,50
BC,Nissan,Pathfinder,2014,Used,11,7800,8948,12499,15330,15995,12112,177500,25
BC,Nissan,Pathfinder,2015,Used,13,7999,8500,10895,14995,15995,11634,143641,20
BC,Nissan,Pathfinder,2018,Used,15,12355,14995,16900,18950,21137,16837,137235,38
BC,Nissan,Pathfinder,2019,Used,11,15500,20251,20998,23249,27490,21707,100404,24
BC,Nissan,Pathfinder,2020,Used,10,18481,21740,23850,25327,26850,23136,105272,38
BC,Nissan,Pathfinder,2022,Used,10,31359,34247,36992,38662,38987,36023,72939,15
BC,Nissan,Pathfinder,2023,Used,11,37529,38494,42875,43330,44000,41366,68701,37
BC,Nissan,Pathfinder,2024,Used,31,37500,39838,43788,46968,48900,43350,48652,38
BC,Nissan,Pathfinder,2026,New,39,60853,62648,63498,64052,64462,63035,10,15
BC,Nissan,Qashqai,2018,Used,11,9800,11249,13000,14351,16900,13186,120000,22
BC,Nissan,Qashqai,2019,Used,18,13294,14037,16244,16994,18329,15943,103817,37
BC,Nissan,Qashqai,2021,Used,10,18434,18852,21492,22999,24288,21454,61567,15
BC,Nissan,Qashqai,2022,Used,11,21900,22262,23503,23995,24500,23256,42826,22
BC,Nissan,Qashqai,2023,Used,25,20752,22811,24900,25900,32392,25427,45833,32
BC,Nissan,Rogue,2012,Used,12,5909,5994,7949,8546,9180,7560,173000,20
BC,Nissan,Rogue,2013,Used,16,4700,5365,6994,8995,10944,7564,167705,21
BC,Nissan,Rogue,2014,Used,11,7737,8575,10888,11899,12950,10320,151000,23
BC,Nissan,Rogue,2016,Used,14,8590,9425,11495,13800,15399,11883,165312,21
BC,Nissan,Rogue,2017,Used,29,11995,12999,14888,16908,19156,14983,116158,20
BC,Nissan,Rogue,2018,Used,22,10090,13495,16400,18854,19846,15995,119167,38
BC,Nissan,Rogue,2019,Used,25,15905,17800,19995,21900,26194,19960,98242,27
BC,Nissan,Rogue,2020,Used,22,17686,18800,18997,21540,23802,20294,96276,23
BC,Nissan,Rogue,2021,Used,37,19995,22041,23904,25329,27316,23750,86106,37
BC,Nissan,Rogue,2022,Used,20,18892,22746,24995,26121,27295,24446,68849,38
BC,Nissan,Rogue,2023,Used,66,23324,25965,27995,29968,32488,28065,49716,34
BC,Nissan,Rogue,2024,Used,103,25091,26850,28961,30992,34404,29162,36307,32
BC,Nissan,Rogue,2025,Used,118,27459,28894,29944,32888,35916,30948,43709,38
BC,Nissan,Rogue,2026,New,1129,37278,41128,44478,49242,50607,45165,10,51
BC,Nissan,Rogue,2026,Used,83,32773,36001,39880,44038,49078,40199,2950,51
BC,Nissan,Sentra,2014,Used,11,6900,7247,7995,9544,10667,8695,130010,20
BC,Nissan,Sentra,2015,Used,14,7080,7891,8747,9974,10696,8972,121178,20
BC,Nissan,Sentra,2017,Used,12,8149,9498,11250,12861,14689,11685,118027,27
BC,Nissan,Sentra,2022,Used,12,19044,19632,21244,21996,22897,20978,55314,38
BC,Nissan,Sentra,2023,Used,13,18640,19990,20870,22999,24510,21335,42024,23
BC,Nissan,Sentra,2024,Used,32,19819,20734,21998,24934,25942,22863,30180,22
BC,Nissan,Sentra,2025,New,16,21977,23977,24898,26773,28618,25434,25,58
BC,Nissan,Sentra,2025,Used,24,22922,23858,24934,29360,29548,25910,7056,23
BC,Nissan,Sentra,2026,New,195,28731,29468,31323,32623,34743,31264,10,52
BC,Nissan,Sentra,2026,Used,13,26954,27468,28368,29996,33827,29405,1012,51
BC,Nissan,Versa,2021,Used,10,13619,14999,15949,16562,17909,15633,87806,32
BC,Nissan,Versa,2024,Used,29,18382,19052,20904,21995,23922,20813,47903,38
BC,Nissan,Versa,2025,Used,10,23880,23991,23995,24888,25914,24476,33297,18
BC,Polestar,Polestar 2,2024,Used,19,35248,36500,37902,38388,39991,37520,17087,21
BC,Porsche,911,2022,Used,15,176560,184692,229000,289200,329995,239080,7777,19
BC,Porsche,911,2024,Used,12,195318,198797,219420,246721,329000,242383,7576,30
BC,Porsche,911,2025,Used,10,190990,201641,209622,227474,240199,213262,2804,39
BC,Porsche,911,2026,New,45,200022,219470,234632,253772,258240,232997,90,40
BC,Porsche,Cayenne,2016,Used,10,26620,28216,29448,36475,41075,33662,82792,24
BC,Porsche,Cayenne,2019,Used,16,37140,40871,44600,51598,68150,48215,82978,19
BC,Porsche,Cayenne,2020,Used,19,47998,54570,61495,67594,72380,61266,64938,35
BC,Porsche,Cayenne,2022,Used,17,62696,69699,85500,109900,159936,98090,34185,36
BC,Porsche,Cayenne,2023,Used,27,67286,71499,74900,86752,110496,85020,35526,25
BC,Porsche,Cayenne,2024,Used,13,86790,89995,93338,122900,124519,111656,24286,22
BC,Porsche,Cayenne,2025,Used,21,106900,129888,136700,149900,151888,134361,9231,41
BC,Porsche,Cayenne,2026,New,155,128459,131143,138690,153730,163049,143407,90,40
BC,Porsche,Cayenne,2026,Used,60,119540,127638,131900,139048,145099,133483,90,42
BC,Porsche,Macan,2017,Used,12,24820,25674,33248,38246,42000,34955,76437,24
BC,Porsche,Macan,2018,Used,19,30399,32395,34950,40944,45480,36675,65548,19
BC,Porsche,Macan,2020,Used,10,40723,43925,44896,46750,61288,48500,57020,37
BC,Porsche,Macan,2021,Used,22,43650,46135,50394,59675,66964,53354,58900,39
BC,Porsche,Macan,2022,Used,12,49988,50888,56650,63638,71899,58930,49552,12
BC,Porsche,Macan,2023,Used,27,55303,56900,61900,76200,84054,66356,32500,40
BC,Porsche,Macan,2024,Used,10,64639,66891,70894,98536,102984,82422,13010,41
BC,Porsche,Macan,2025,Used,57,70895,71900,94445,109900,119044,92780,7642,41
BC,Porsche,Macan,2026,New,170,85676,90614,97033,118574,132258,105513,90,40
BC,Porsche,Macan,2026,Used,134,80916,84999,90267,94004,101235,92345,2528,40
BC,Porsche,Panamera,2023,Used,10,108440,114124,134700,144125,151260,132320,9925,19
BC,Porsche,Panamera,2026,New,20,170569,176682,192654,217568,233918,200408,90,41
BC,Porsche,Taycan,2020,Used,26,69364,70706,74820,76734,90450,80418,63456,34
BC,Porsche,Taycan,2022,Used,10,91015,92854,94539,99721,127320,106875,44578,16
BC,Porsche,Taycan,2023,Used,12,103079,104746,121300,144471,190300,135418,14238,19
BC,Porsche,Taycan,2024,Used,11,119900,122900,124900,132870,135900,125639,34790,31
BC,Porsche,Taycan,2025,Used,18,130000,138472,140444,159000,171088,148951,4352,42
BC,Ram,1500,2013,Used,21,11909,12411,13499,15826,16790,14235,208099,23
BC,Ram,1500,2014,Used,17,9959,13500,14990,17495,21554,15918,190162,23
BC,Ram,1500,2015,Used,31,11999,15300,17990,21849,26998,19025,146500,22
BC,Ram,1500,2016,Used,29,10782,14800,17934,27950,32199,21115,176722,22
BC,Ram,1500,2017,Used,58,15996,17996,22995,28748,31920,23356,140950,22
BC,Ram,1500,2018,Used,44,16080,19800,25430,30211,34650,25559,141116,22
BC,Ram,1500,2019,Used,37,27733,29995,34995,39900,41519,34969,125356,25
BC,Ram,1500,2020,Used,34,28996,34996,39995,44511,48903,39165,126420,22
BC,Ram,1500,2021,Used,38,30698,34765,40498,46722,56865,45319,110580,36
BC,Ram,1500,2022,Used,106,35494,42989,47995,50918,55251,47989,72167,34
BC,Ram,1500,2023,Used,62,40287,45991,49998,56430,66499,54297,57144,37
BC,Ram,1500,2024,Used,47,44580,48990,54907,60496,64399,56080,25999,46
BC,Ram,1500,2025,New,16,65264,67726,68885,74572,77498,71588,68,55
BC,Ram,1500,2025,Used,82,51398,59888,68904,77666,89799,69391,12268,55
BC,Ram,1500,2026,New,1296,64848,70073,81559,89360,103909,82041,16,54
BC,Ram,1500,2026,Used,48,63135,71000,78877,86552,103564,81400,2868,55
BC,Ram,1500,2027,New,181,65640,66940,74485,88692,95850,77251,15,13
BC,Ram,1500 Classic,2019,Used,46,16749,21244,25650,27599,29747,24594,130416,37
BC,Ram,1500 Classic,2020,Used,23,27950,29950,29996,32989,34786,31591,64516,37
BC,Ram,1500 Classic,2021,Used,39,22696,30722,34995,36934,38020,33019,99795,16
BC,Ram,1500 Classic,2022,Used,62,29910,33518,35486,38666,42044,36134,83083,29
BC,Ram,1500 Classic,2023,Used,45,36669,36995,39988,42985,46617,40438,51797,16
BC,Ram,2500,2023,Used,12,63899,67665,72434,75893,79758,70616,60185,40
BC,Ram,2500,2024,Used,11,67995,70744,73888,77498,79888,73285,53213,46
BC,Ram,2500,2026,New,51,74213,82790,97770,110109,113560,96831,22,53
BC,Ram,3500,2016,Used,25,25799,32995,39999,44999,48598,38582,225368,20
BC,Ram,3500,2017,Used,23,26398,30999,38500,43499,54437,39206,221000,21
BC,Ram,3500,2018,Used,26,25999,34249,43499,48970,51950,42257,210262,20
BC,Ram,3500,2019,Used,24,44298,52247,57350,62122,64757,56525,156000,22
BC,Ram,3500,2020,Used,20,45370,54125,59220,63245,65189,57153,118981,28
BC,Ram,3500,2021,Used,12,51998,54467,59277,65238,67796,59650,118365,52
BC,Ram,3500,2022,Used,25,48997,52995,66885,74995,81797,65669,89274,22
BC,Ram,3500,2023,Used,31,66489,70994,73888,79596,89800,75594,52414,52
BC,Ram,3500,2024,Used,61,57995,66995,72998,84979,90995,73754,29927,41
BC,Ram,3500,2025,Used,11,78877,79893,92898,104028,109585,93380,14500,50
BC,Ram,3500,2026,New,516,85948,93522,106849,118522,123162,105265,22,62
BC,Ram,3500,2026,Used,18,78923,81248,96594,103217,108795,94061,10440,22
BC,Ram,3500,2027,New,54,96604,103541,107265,122568,137094,111669,8,30
BC,Ram,ProMaster,2024,Used,12,44190,46403,47996,49460,53608,47908,34135,36
BC,Ram,ProMaster,2025,New,12,62733,64320,66630,68819,72245,66948,37,62
BC,Ram,ProMaster,2025,Used,31,47497,48653,51575,52447,56995,51846,12974,54
BC,Ram,ProMaster,2026,New,41,61030,62705,66790,72140,83850,68701,15,55
BC,Subaru,Ascent,2022,Used,10,29954,32498,34675,34997,36299,33992,74074,30
BC,Subaru,Crosstrek,2018,Used,16,17746,19734,22644,24996,25965,22288,82290,27
BC,Subaru,Crosstrek,2019,Used,15,18931,23479,24895,28398,28997,24876,77486,12
BC,Subaru,Crosstrek,2020,Used,10,18986,23121,23842,25961,26965,23877,68656,15
BC,Subaru,Crosstrek,2021,Used,35,20880,22125,26997,28874,29915,25902,59504,12
BC,Subaru,Crosstrek,2024,Used,65,27189,29998,32211,34999,37797,32480,31466,26
BC,Subaru,Crosstrek,2025,Used,12,29095,30299,33792,35244,35994,32907,15514,27
BC,Subaru,Crosstrek,2026,New,430,33428,36428,37928,40928,43428,38545,12,26
BC,Subaru,Crosstrek,2026,Used,33,32990,34500,37490,41889,44521,37578,3110,43
BC,Subaru,Forester,2014,Used,15,8118,11150,12995,13980,14687,12356,154146,21
BC,Subaru,Forester,2015,Used,18,8483,13222,15449,17722,19929,15543,133512,23
BC,Subaru,Forester,2016,Used,13,13311,15909,16890,17998,18890,16723,154112,21
BC,Subaru,Forester,2017,Used,11,14995,18566,21490,23350,23990,20557,84743,22
BC,Subaru,Forester,2018,Used,16,14750,16962,18700,20693,24429,19414,140342,37
BC,Subaru,Forester,2019,Used,13,20880,21800,22995,27890,28680,24400,74149,12
BC,Subaru,Forester,2025,Used,29,34613,36995,39995,41950,44159,39650,18007,27
BC,Subaru,Forester,2026,New,565,37028,42028,45696,48090,51528,45001,12,38
BC,Subaru,Forester,2026,Used,45,36590,38500,43499,46090,48316,42526,720,44
BC,Subaru,Impreza,2024,Used,14,24574,27762,29497,30000,32699,28885,25835,49
BC,Subaru,Outback,2015,Used,12,12309,12871,16350,17886,18810,15644,141000,16
BC,Subaru,Outback,2020,Used,14,25075,28244,29998,31991,32698,29588,83050,38
BC,Subaru,Outback,2022,Used,28,31690,31999,34150,36271,37998,34125,58107,24
BC,Subaru,Outback,2023,Used,14,34139,34825,35996,36722,37878,36274,72266,30
BC,Subaru,Outback,2024,Used,26,33827,35995,39104,41495,44150,38546,39826,26
BC,Subaru,Outback,2025,Used,14,36899,40349,43348,44871,47993,42860,21768,32
BC,Subaru,Outback,2026,New,159,43728,50738,51218,53885,54381,51108,10,27
BC,Subaru,Outback,2026,Used,12,45285,48716,52495,54023,54902,51009,302,22
BC,Subaru,WRX,2023,Used,17,31514,31995,32995,34999,37102,33787,31932,32
BC,Subaru,WRX,2024,Used,13,31232,35869,38995,39999,41999,37755,31546,29
BC,Subaru,WRX,2026,New,42,40790,41228,46228,50565,52568,46831,12,43
BC,Tesla,Model 3,2019,Used,42,16381,21886,24998,28321,31794,25395,95946,20
BC,Tesla,Model 3,2020,Used,51,23490,25995,27897,29995,33995,28842,71305,16
BC,Tesla,Model 3,2021,Used,97,24998,28995,29998,31995,33997,30615,69982,16
BC,Tesla,Model 3,2022,Used,76,27959,31993,34507,38221,42997,35582,66975,21
BC,Tesla,Model 3,2023,Used,33,25770,30995,36298,39950,42795,35354,56755,24
BC,Tesla,Model 3,2024,Used,25,37766,39574,40499,43893,47878,42046,32582,27
BC,Tesla,Model Y,2020,Used,13,32840,35592,37910,39999,44796,40997,71000,20
BC,Tesla,Model Y,2021,Used,40,33699,34897,38995,42888,48046,40010,80410,18
BC,Tesla,Model Y,2022,Used,32,39820,43937,46941,50471,54850,49567,52810,19
BC,Tesla,Model Y,2023,Used,66,38995,42107,47934,52968,55995,47586,50436,31
BC,Tesla,Model Y,2024,Used,18,43939,45247,48495,53495,57158,49680,36814,14
BC,Toyota,4Runner,2018,Used,12,33820,35495,39448,43245,44810,39159,143500,18
BC,Toyota,4Runner,2019,Used,13,41897,43900,44875,46988,52197,45694,123221,33
BC,Toyota,4Runner,2020,Used,11,39995,45497,47882,51798,52495,46850,98886,22
BC,Toyota,4Runner,2021,Used,18,45795,50110,54398,56745,60895,53549,73992,28
BC,Toyota,4Runner,2022,Used,10,49430,51197,52516,53718,56095,52633,62246,27
BC,Toyota,4Runner,2025,Used,14,60487,63295,67094,74973,77838,68942,15924,32
BC,Toyota,4Runner,2026,New,59,62708,67939,72662,74660,78608,71882,10,14
BC,Toyota,C-HR,2026,New,27,42574,47031,51980,53558,56430,50241,11,13
BC,Toyota,Camry,2007,Used,14,5543,5991,7100,7500,7998,6868,220305,20
BC,Toyota,Camry,2012,Used,10,10669,11750,12940,13995,14180,12796,187923,23
BC,Toyota,Camry,2015,Used,11,15800,15995,17500,19398,19900,17598,112000,22
BC,Toyota,Camry,2017,Used,16,13225,14721,17240,19121,21749,17220,130500,20
BC,Toyota,Camry,2020,Used,11,18500,21746,26399,28498,29991,25207,69565,23
BC,Toyota,Camry,2021,Used,18,24939,26924,29500,31267,34928,29723,78845,22
BC,Toyota,Camry,2022,Used,28,25260,27741,29300,32925,34996,30222,78723,34
BC,Toyota,Camry,2023,Used,16,26746,28968,33400,35995,38446,32839,57344,22
BC,Toyota,Camry,2024,Used,23,29950,30894,32995,36888,37660,33635,46888,38
BC,Toyota,Camry,2025,Used,16,35996,39745,42542,44717,45900,41696,42338,38
BC,Toyota,Camry,2026,New,33,38212,41227,45830,48823,50591,45275,10,25
BC,Toyota,Corolla,2004,Used,11,4490,5200,5988,6895,7500,6140,228000,20
BC,Toyota,Corolla,2007,Used,10,3900,4925,7195,8349,8929,6898,167774,20
BC,Toyota,Corolla,2009,Used,17,6550,6990,7995,9590,9890,8047,175515,21
BC,Toyota,Corolla,2010,Used,24,6480,7350,8500,10224,11932,9044,173786,20
BC,Toyota,Corolla,2014,Used,15,9980,10900,11900,13996,15538,12565,150883,29
BC,Toyota,Corolla,2015,Used,13,11179,11900,14990,14998,17499,14243,165290,20
BC,Toyota,Corolla,2016,Used,30,10666,11922,15745,17751,19000,15177,127029,20
BC,Toyota,Corolla,2017,Used,26,12992,14525,16138,16997,18997,15980,123961,23
BC,Toyota,Corolla,2018,Used,29,15510,18004,19888,20500,22908,19407,90035,21
BC,Toyota,Corolla,2019,Used,23,16991,16998,18495,19898,23300,18908,107356,23
BC,Toyota,Corolla,2020,Used,51,17990,20178,22788,24250,25990,22084,85000,22
BC,Toyota,Corolla,2021,Used,50,17129,19996,22992,24900,25995,22311,82844,20
BC,Toyota,Corolla,2022,Used,74,19992,22046,24942,26995,29841,25087,65361,23
BC,Toyota,Corolla,2023,Used,53,23057,24888,26900,29948,33796,27575,52821,25
BC,Toyota,Corolla,2024,Used,42,25289,26122,28846,31365,32986,28932,42278,32
BC,Toyota,Corolla,2025,Used,31,26998,29501,30888,34450,36999,31716,14854,32
BC,Toyota,Corolla,2026,New,103,27133,28092,30022,32613,35149,31004,8,25
BC,Toyota,Corolla,2026,Used,14,29681,32040,33244,34999,38720,33678,8220,20
BC,Toyota,Corolla Cross,2022,Used,11,23899,27449,29888,31996,32647,28915,63000,38
BC,Toyota,Corolla Cross,2024,Used,16,29049,30678,33998,36582,39448,33775,32158,36
BC,Toyota,Corolla Cross,2025,Used,14,30825,31675,33490,35770,37692,34438,31121,38
BC,Toyota,Corolla Cross,2026,New,80,32141,33835,34967,37542,41242,35839,10,16
BC,Toyota,Corolla Hatchback,2026,New,21,28662,29466,30458,32176,35100,31180,10,29
BC,Toyota,Corolla Hatchback,2027,New,27,28590,28902,30832,31907,34284,30990,10,10
BC,Toyota,Crown,2026,New,59,60973,61618,62857,64191,66642,63100,10,42
BC,Toyota,FJ Cruiser,2007,Used,11,9800,12398,18800,23350,24900,18607,208622,36
BC,Toyota,GR Corolla,2026,New,22,52263,53451,60465,62730,63566,58858,15,28
BC,Toyota,GR86,2026,New,12,35888,36441,37444,38854,40214,37711,12,42
BC,Toyota,Grand Highlander,2024,Used,18,53111,55173,57496,61624,66496,58770,43608,24
BC,Toyota,Grand Highlander,2026,New,13,55881,58602,65250,67868,70056,64218,8,31
BC,Toyota,Highlander,2020,Used,10,32470,35288,37549,39618,40847,37602,98684,25
BC,Toyota,Highlander,2021,Used,23,35396,38400,40799,43144,47309,40911,80456,25
BC,Toyota,Highlander,2022,Used,23,36951,42449,44998,48249,49556,44723,75667,21
BC,Toyota,Highlander,2023,Used,23,39798,44822,47841,49898,50478,46898,65374,38
BC,Toyota,Highlander,2026,New,17,54594,56150,57898,58549,62664,58064,5,42
BC,Toyota,Land Cruiser,2024,Used,14,68723,69473,73383,77724,82348,73803,32519,38
BC,Toyota,Land Cruiser,2025,Used,13,72495,75995,79899,84900,86231,79212,19994,44
BC,Toyota,Land Cruiser,2027,New,18,82635,86381,88865,90056,94443,88352,15,11
BC,Toyota,Matrix,2009,Used,11,6499,7400,9000,10424,10888,8719,186000,20
BC,Toyota,Prius,2016,Used,23,12625,12869,13999,16195,18795,14737,153607,16
BC,Toyota,Prius,2017,Used,17,13995,14998,15998,17900,20235,16772,164164,16
BC,Toyota,Prius,2018,Used,11,13500,16398,21890,24748,26995,20773,102414,37
BC,Toyota,Prius,2019,Used,12,17910,20245,23427,24199,24976,22027,122340,34
BC,Toyota,Prius,2020,Used,16,18998,22175,24492,25246,26989,23725,101279,23
BC,Toyota,Prius,2022,Used,13,26598,26998,28900,31998,35756,30189,46532,30
BC,Toyota,Prius,2024,Used,16,32957,33746,35642,37995,38444,36153,27596,22
BC,Toyota,Prius,2026,New,68,38513,41458,44072,48402,52378,44755,10,47
BC,Toyota,Prius,2026,Used,23,35995,39656,42010,44618,50423,42471,4920,29
BC,Toyota,Prius,2027,New,140,42367,43422,44237,48147,51758,45472,10,14
BC,Toyota,RAV,2020,Used,10,29364,30641,33998,35846,37495,33957,53428,30
BC,Toyota,RAV4,2007,Used,10,7809,8612,9570,9965,12479,10025,237424,19
BC,Toyota,RAV4,2010,Used,23,8900,10400,13000,13700,15219,12286,188000,20
BC,Toyota,RAV4,2011,Used,13,11890,12800,14495,14988,16519,14017,135000,20
BC,Toyota,RAV4,2012,Used,10,11320,12888,12992,14496,16096,13235,154446,25
BC,Toyota,RAV4,2013,Used,14,12620,13791,14992,16665,17843,15110,188057,18
BC,Toyota,RAV4,2015,Used,14,10625,14167,17348,19925,21693,16927,158935,26
BC,Toyota,RAV4,2016,Used,22,15626,17915,18992,22636,24994,19965,159102,17
BC,Toyota,RAV4,2017,Used,15,16993,18444,22995,25748,26678,21630,161610,20
BC,Toyota,RAV4,2018,Used,28,19956,21971,25448,28564,30536,25556,123306,21
BC,Toyota,RAV4,2019,Used,33,25112,27900,30621,32998,35414,30075,104788,24
BC,Toyota,RAV4,2020,Used,24,25930,27749,31942,34915,36720,31419,99390,22
BC,Toyota,RAV4,2021,Used,69,27949,31880,35126,38402,41710,35086,83000,18
BC,Toyota,RAV4,2022,Used,41,30998,32995,36990,39995,43578,36811,65000,21
BC,Toyota,RAV4,2023,Used,77,32119,36487,42100,45998,48548,41006,49506,36
BC,Toyota,RAV4,2024,Used,102,34819,38991,42996,48288,51855,43436,37113,37
BC,Toyota,RAV4,2025,Used,100,35555,37500,41942,46888,51995,43011,26716,34
BC,Toyota,RAV4,2026,New,135,40563,46426,54380,60435,62573,53420,8,10
BC,Toyota,RAV4,2026,Used,23,46995,49442,54893,60438,62798,54984,161,42
BC,Toyota,Sequoia,2026,New,12,88806,91382,103354,105230,106658,100595,10,42
BC,Toyota,Sienna,2011,Used,11,9800,10247,13800,14448,15990,12743,186465,20
BC,Toyota,Sienna,2017,Used,12,21995,22746,30894,32658,32995,28815,135549,24
BC,Toyota,Sienna,2020,Used,11,32980,32998,36997,42592,44999,37139,67782,24
BC,Toyota,Sienna,2024,Used,15,51434,54143,55499,61750,67201,57964,35816,32
BC,Toyota,Sienna,2025,New,15,64700,69500,72500,79500,81900,73867,40,19
BC,Toyota,Sienna,2025,Used,27,51455,54900,58888,65899,69932,59646,18213,41
BC,Toyota,Sienna,2026,New,46,53482,55336,59660,67476,69957,60938,10,16
BC,Toyota,Tacoma,2017,Used,15,26966,29992,31995,37600,42539,34119,138892,24
BC,Toyota,Tacoma,2018,Used,19,32100,34178,36999,40986,42398,37358,125672,24
BC,Toyota,Tacoma,2019,Used,10,36576,39962,41435,43721,44999,41038,116394,14
BC,Toyota,Tacoma,2020,Used,25,38480,39977,42003,43902,46993,42291,122435,31
BC,Toyota,Tacoma,2021,Used,33,36838,39699,45448,47935,49976,43635,99630,25
BC,Toyota,Tacoma,2022,Used,23,39900,42242,44995,48846,52580,46507,92000,30
BC,Toyota,Tacoma,2023,Used,52,41979,44825,48747,52173,54980,48348,60734,25
BC,Toyota,Tacoma,2024,Used,48,49938,51523,54431,60496,64535,56710,26468,32
BC,Toyota,Tacoma,2025,Used,31,51999,55038,61998,66943,78431,62622,12771,30
BC,Toyota,Tacoma,2026,New,387,54005,55444,59851,65597,72469,62318,10,36
BC,Toyota,Tacoma,2026,Used,13,59714,63771,65557,71318,80558,68263,35,43
BC,Toyota,Tundra,2022,Used,18,47482,48496,51493,57175,60138,52837,77988,25
BC,Toyota,Tundra,2023,Used,26,52650,57996,61740,65971,72198,61977,57921,28
BC,Toyota,Tundra,2024,Used,44,52546,54371,59948,68211,71997,61248,46954,29
BC,Toyota,Tundra,2025,Used,27,59297,66474,72567,76748,83121,71381,25430,29
BC,Toyota,Tundra,2026,New,328,64968,68018,77638,84326,89746,77247,10,42
BC,Toyota,Tundra,2026,Used,39,74662,78493,82401,90506,95831,83943,4509,55
BC,Toyota,Venza,2021,Used,12,32257,34971,36144,37248,40695,36381,87322,32
BC,Toyota,Venza,2023,Used,10,40808,41360,45992,46863,49062,44827,40557,32
BC,Toyota,Yaris,2007,Used,16,4594,4875,5050,7496,9375,6226,195000,25
BC,Toyota,Yaris,2008,Used,13,4580,5499,6670,7988,9772,10469,212329,20
BC,Toyota,bZ,2026,New,245,50452,52543,57056,61830,63896,57181,10,25
BC,Toyota,bZ,2027,New,10,46335,48303,53755,54527,54527,51547,90,2
BC,Volkswagen,Atlas,2018,Used,22,17094,18461,19495,23893,26300,20718,131462,26
BC,Volkswagen,Atlas,2019,Used,18,21628,23015,24993,29895,32560,26267,109400,26
BC,Volkswagen,Atlas,2021,Used,23,26894,28795,30155,35354,38823,31489,98494,38
BC,Volkswagen,Atlas,2023,Used,15,34395,35938,36995,39745,43175,38417,59760,22
BC,Volkswagen,Atlas,2024,Used,23,38115,39495,43329,47442,49890,43835,46793,37
BC,Volkswagen,Atlas,2025,Used,11,44995,46175,49245,53912,53999,50531,29851,50
BC,Volkswagen,Atlas,2026,New,328,60294,62195,64371,65369,66556,63583,25,62
BC,Volkswagen,Atlas,2026,Used,27,60752,61538,62630,64457,65783,63019,1500,58
BC,Volkswagen,Atlas Cross Sport,2021,Used,12,26245,28570,29672,33615,34895,30481,93528,54
BC,Volkswagen,Atlas Cross Sport,2024,Used,12,39671,39884,42780,44174,45958,42397,45636,24
BC,Volkswagen,Atlas Cross Sport,2025,Used,14,42461,43886,49782,51996,52845,48956,12315,43
BC,Volkswagen,Atlas Cross Sport,2026,New,218,60445,61529,63445,64421,65512,63027,15,62
BC,Volkswagen,Atlas Cross Sport,2026,Used,14,58433,60491,62718,64849,65286,62322,350,59
BC,Volkswagen,Golf,2015,Used,12,9702,10875,11698,14463,16888,12398,146898,34
BC,Volkswagen,Golf,2016,Used,16,10300,11998,16141,18199,18844,15145,107875,22
BC,Volkswagen,Golf,2017,Used,15,13395,14098,15991,16672,17183,15510,95000,22
BC,Volkswagen,Golf,2018,Used,10,15610,16371,17939,17999,19195,17506,95421,22
BC,Volkswagen,Golf,2019,Used,13,12106,14990,15995,17999,21356,16401,100222,23
BC,Volkswagen,Golf GTI,2026,New,78,41790,43720,45331,46076,46486,44626,14,55
BC,Volkswagen,Golf R,2024,Used,22,41911,42122,44942,46971,48989,45092,28093,36
BC,Volkswagen,Golf R,2026,New,71,55395,57028,58586,60240,61237,58418,14,58
BC,Volkswagen,Golf R,2026,Used,10,53834,54394,56108,59620,61636,56931,722,32
BC,Volkswagen,ID. Buzz,2025,New,78,69028,88876,89810,90814,91587,86102,42,58
BC,Volkswagen,ID. Buzz,2025,Used,17,68182,69628,69936,88876,89807,76034,4747,42
BC,Volkswagen,ID.4,2023,Used,20,33799,36248,38736,42301,44660,38768,32796,22
BC,Volkswagen,ID.4,2024,Used,16,36898,37514,41370,43494,44774,40888,33468,54
BC,Volkswagen,ID.4,2025,New,70,51728,51828,52328,52328,54653,52883,10,62
BC,Volkswagen,ID.4,2025,Used,14,46895,50868,56639,62569,63439,56312,5288,59
BC,Volkswagen,Jetta,2011,Used,10,4900,5221,7262,7868,8275,6966,186350,18
BC,Volkswagen,Jetta,2013,Used,12,5060,7841,8748,13162,13935,9698,167740,34
BC,Volkswagen,Jetta,2014,Used,18,6999,7924,9694,10742,14295,9791,149205,20
BC,Volkswagen,Jetta,2015,Used,16,7500,7867,8900,12018,13850,9929,178000,20
BC,Volkswagen,Jetta,2016,Used,15,8193,9749,13995,16000,17300,13128,132251,37
BC,Volkswagen,Jetta,2017,Used,13,10558,11555,14900,15999,19798,14395,127511,29
BC,Volkswagen,Jetta,2019,Used,44,13995,15435,17997,20199,23500,18504,118738,20
BC,Volkswagen,Jetta,2021,Used,36,17698,19985,22245,24125,27495,22475,83362,20
BC,Volkswagen,Jetta,2024,Used,18,24962,25518,26499,30421,32035,27883,39592,38
BC,Volkswagen,Jetta,2025,Used,40,25429,26996,28815,31408,33315,29190,23632,38
BC,Volkswagen,Jetta,2026,New,284,29895,30720,33720,36012,38535,33861,14,59
BC,Volkswagen,Jetta,2026,Used,23,29702,30424,33114,35070,36510,32962,1216,55
BC,Volkswagen,Jetta,2027,New,21,32162,32695,32982,34295,36070,33487,10,1
BC,Volkswagen,Passat,2020,Used,10,15999,17248,19444,22425,27295,20677,100488,22
BC,Volkswagen,Taos,2022,Used,29,21480,22868,23870,24800,25421,23878,52494,24
BC,Volkswagen,Taos,2023,Used,30,23626,24146,25870,28612,30170,26941,46915,34
BC,Volkswagen,Taos,2024,Used,70,24675,25360,26977,29478,31692,27639,47901,30
BC,Volkswagen,Taos,2025,New,16,33821,34946,38644,38967,42373,37900,10,38
BC,Volkswagen,Taos,2025,Used,74,27914,28515,31000,34828,38460,32137,18545,54
BC,Volkswagen,Taos,2026,New,324,36081,39952,40954,42452,43870,40738,19,62
BC,Volkswagen,Taos,2026,Used,71,33998,35929,39955,41994,42952,38954,2133,55
BC,Volkswagen,Tiguan,2012,Used,10,6979,8590,10442,14624,15150,11125,140236,38
BC,Volkswagen,Tiguan,2014,Used,14,9410,10812,12200,14599,15637,12472,139873,37
BC,Volkswagen,Tiguan,2015,Used,16,8811,10599,12720,13991,15050,12222,122014,34
BC,Volkswagen,Tiguan,2016,Used,11,7900,8888,12000,15145,16900,12633,182000,37
BC,Volkswagen,Tiguan,2017,Used,18,13530,14914,17247,18788,20246,17043,90956,32
BC,Volkswagen,Tiguan,2018,Used,43,14021,15294,16995,20398,23639,18181,121836,29
BC,Volkswagen,Tiguan,2019,Used,19,14737,16995,18888,22295,23379,19354,111127,33
BC,Volkswagen,Tiguan,2020,Used,23,17888,19745,24268,28876,29880,23859,68800,37
BC,Volkswagen,Tiguan,2021,Used,24,18758,21922,24248,25766,26816,23585,79721,30
BC,Volkswagen,Tiguan,2022,Used,30,24501,25695,27713,28861,30028,27179,64322,22
BC,Volkswagen,Tiguan,2023,Used,22,24870,27584,28797,31077,36620,30228,53238,30
BC,Volkswagen,Tiguan,2024,Used,63,28077,28992,31900,33977,36387,31724,46551,30
BC,Volkswagen,Tiguan,2025,Used,44,35996,37975,39997,43196,45252,40355,8194,57
BC,Volkswagen,Tiguan,2026,New,596,40995,44454,47828,49520,53233,47213,15,55
BC,Volkswagen,Tiguan,2026,Used,90,37995,40562,44995,48621,53733,45148,3644,57
BC,Volvo,XC40,2025,Used,11,35995,37603,38888,43997,47995,40886,20173,38
BC,Volvo,XC40,2026,New,74,54057,56371,59379,60560,62040,58399,51,50
BC,Volvo,XC40,2026,Used,18,51247,52338,56068,57321,59437,55289,3752,46
BC,Volvo,XC60,2026,New,40,67613,70281,75546,84277,93773,77967,51,50
BC,Volvo,XC60,2026,Used,19,60480,63868,70785,82300,86097,73162,3250,42
BC,Volvo,XC60,2027,New,46,69336,70640,73628,76307,82046,74355,38,9
BC,Volvo,XC90,2022,Used,11,42997,44244,46995,47888,50603,46660,65854,37
BC,Volvo,XC90,2024,Used,14,54514,56436,60191,62296,62980,59421,30036,42
BC,Volvo,XC90,2025,Used,11,64355,68904,69980,73450,79088,70947,22695,42
BC,Volvo,XC90,2026,New,71,86140,91128,94353,98566,103935,94894,51,51
BC,Volvo,XC90,2026,Used,41,59997,59997,65980,83497,90415,71347,15449,42
BC,Volvo,XC90,2027,New,14,86563,87656,94135,98315,99294,93776,51,8
MB,Acura,ADX,2026,New,25,49420,49420,53020,53920,54167,51830,15,53
MB,Acura,MDX,2026,New,14,74706,74706,74706,75306,80706,76041,15,39
MB,Alfa Romeo,Tonale,2025,New,12,47499,48999,51738,54488,56138,52664,0,59
MB,Alfa Romeo,Tonale,2026,New,18,60406,61032,61340,61340,61930,61270,0,59
MB,Audi,Q3,2026,New,11,64045,64045,67245,67245,67245,65528,25,58
MB,Audi,Q5,2025,Used,16,56210,59612,64158,68949,69850,63514,8582,58
MB,Audi,Q5,2026,New,48,74195,75958,77690,77945,79390,77103,90,58
MB,BMW,3 Series,2026,New,12,64715,67888,68300,81288,86920,72954,90,61
MB,BMW,X1,2026,New,13,57820,59100,60500,64200,68710,61927,90,37
MB,Buick,Enclave,2026,New,64,64918,67849,71347,76492,79958,71704,10,58
MB,Buick,Encore GX,2024,Used,10,28900,29885,30692,31407,31570,30536,38150,30
MB,Buick,Encore GX,2026,New,105,35832,37014,39394,41419,44096,39528,10,58
MB,Buick,Envision,2023,Used,14,27221,31508,32166,34045,36819,32220,37309,58
MB,Buick,Envision,2026,New,415,47266,49016,50661,53886,55031,51020,8,53
MB,Buick,Envista,2026,New,83,32003,32736,33751,35424,36112,34190,11,25
MB,Chevrolet,Blazer,2026,New,55,47028,48782,53489,58152,60179,53541,15,24
MB,Chevrolet,Blazer EV,2026,New,10,55038,58374,60088,64609,67070,60656,11,54
MB,Chevrolet,Bolt,2027,New,78,30614,35030,42768,45678,45926,40506,11,22
MB,Chevrolet,Bolt EV,2027,New,14,44932,45709,46382,49054,49079,46883,42,52
MB,Chevrolet,Colorado,2024,Used,12,43078,44049,46248,48846,49892,45762,43798,36
MB,Chevrolet,Colorado,2026,New,61,54215,56128,58010,60844,63358,58302,12,50
MB,Chevrolet,Corvette,2026,New,12,116826,125806,169194,211343,238667,171333,27,56
MB,Chevrolet,Cruze,2017,Used,10,8519,10538,11974,13691,14597,12087,153976,37
MB,Chevrolet,Equinox,2022,Used,23,21587,22598,24497,25812,27487,24198,70358,24
MB,Chevrolet,Equinox,2023,Used,19,23966,24795,27985,29444,31197,27284,64187,38
MB,Chevrolet,Equinox,2024,Used,18,25538,26992,28624,30863,33737,29335,47078,40
MB,Chevrolet,Equinox,2025,Used,10,30946,32386,34395,36436,38089,34491,43410,23
MB,Chevrolet,Equinox,2026,New,34,38427,40432,44810,47199,48430,43869,42,53
MB,Chevrolet,Equinox,2026,Used,16,31999,34198,37902,38961,40664,37060,27769,58
MB,Chevrolet,Equinox,2027,New,230,39494,40089,42899,45093,49499,43287,10,15
MB,Chevrolet,Equinox EV,2026,New,23,39201,47098,48098,50168,51373,47581,7,24
MB,Chevrolet,Express,2026,New,34,57744,57794,58664,60554,65609,59914,16,56
MB,Chevrolet,Silverado,2026,New,22,64651,69251,75441,87556,96580,79088,10,53
MB,Chevrolet,Silverado 1500,2018,Used,11,18989,19850,19900,31975,38198,25625,198400,17
MB,Chevrolet,Silverado 1500,2019,Used,12,18265,32381,35924,39915,39999,33819,131051,34
MB,Chevrolet,Silverado 1500,2021,Used,10,25610,29221,34910,39386,42764,34614,162415,26
MB,Chevrolet,Silverado 1500,2023,Used,27,38641,44405,47499,49747,58610,47062,94901,38
MB,Chevrolet,Silverado 1500,2024,Used,68,44893,48897,51745,57996,65497,54378,50400,52
MB,Chevrolet,Silverado 1500,2025,Used,22,47696,48992,49999,57500,65839,53176,50138,39
MB,Chevrolet,Silverado 1500,2026,New,450,57070,63006,71203,78864,85241,71646,15,26
MB,Chevrolet,Silverado 1500,2026,Used,32,65413,70242,80180,83370,87471,77898,8693,53
MB,Chevrolet,Silverado 2500,2026,New,13,83269,83717,92674,102312,107364,93365,10,38
MB,Chevrolet,Silverado 2500HD,2026,New,71,80449,87456,95107,106949,116149,97308,10,50
MB,Chevrolet,Suburban,2026,New,32,90826,100228,106012,113915,120753,105574,11,53
MB,Chevrolet,Tahoe,2026,New,59,94526,99288,102204,113534,122494,106287,10,25
MB,Chevrolet,TrailBlazer,2026,New,140,33959,34894,37568,40301,42084,37618,11,15
MB,Chevrolet,Traverse,2026,New,57,54763,58394,64059,70764,71710,63777,14,39
MB,Chevrolet,Traverse,2027,New,81,57569,61827,64839,68498,70843,64482,42,12
MB,Chevrolet,Trax,2025,Used,16,25298,25982,26997,27708,28451,26843,26464,26
MB,Chevrolet,Trax,2026,New,378,29356,30100,31446,32738,33939,31545,11,39
MB,Chevrolet,winnipeg,2026,New,51,29960,30974,40086,66812,73024,49236,15,58
MB,Chrysler,Grand Caravan,2024,Used,11,33000,33541,34444,36870,38199,35251,82739,42
MB,Chrysler,Grand Caravan,2026,New,25,48440,49195,49690,50589,51389,49787,12,58
MB,Chrysler,Grand Caravan,2027,New,27,49990,50195,50195,50788,50790,50399,19,59
MB,Chrysler,Pacifica,2026,New,68,44262,48824,58332,61888,65777,56409,15,51
MB,Chrysler,Pacifica,2027,New,73,51159,53838,58864,62775,65352,59000,18,55
MB,Dodge,Charger,2026,New,59,46985,49698,55877,72625,80242,61006,20,22
MB,Dodge,Durango,2023,Used,16,34906,36971,38860,42414,45407,41422,88931,54
MB,Dodge,Durango,2024,Used,13,35749,38776,46316,56001,68320,49870,48600,33
MB,Dodge,Durango,2025,Used,11,37884,42897,48995,62995,99701,58053,24990,54
MB,Dodge,Durango,2026,New,209,53655,57980,63580,68269,75695,63402,15,55
MB,Dodge,Grand Caravan,2019,Used,10,12882,13962,17772,24701,30640,21536,141735,33
MB,Dodge,Hornet,2024,Used,12,24101,27562,34801,48721,53900,37935,9322,60
MB,Ford,Bronco,2026,New,122,56653,60224,65415,74784,88589,70394,22,53
MB,Ford,Bronco Sport,2021,Used,13,19909,20999,22995,25599,26786,23318,108560,43
MB,Ford,Bronco Sport,2022,Used,12,23412,24433,25930,28042,29494,26236,88432,31
MB,Ford,Bronco Sport,2023,Used,17,25142,27446,29672,30490,33454,29392,58912,54
MB,Ford,Bronco Sport,2024,Used,25,28268,29492,31130,33299,35066,31520,43889,38
MB,Ford,Bronco Sport,2025,Used,25,30921,31471,34995,39894,42721,35802,33769,32
MB,Ford,Bronco Sport,2026,New,448,37669,40570,43682,47288,51140,44258,11,50
MB,Ford,Edge,2019,Used,10,12799,16375,19198,20731,22195,18306,139808,14
MB,Ford,Edge,2021,Used,10,18980,23138,25996,27818,28521,25057,97656,30
MB,Ford,Edge,2022,Used,18,24358,25216,28438,30570,33229,28089,89627,37
MB,Ford,Edge,2023,Used,11,23900,24994,26900,30218,31619,27796,86344,30
MB,Ford,Edge,2024,Used,19,26998,27993,30995,35934,42135,33041,67001,43
MB,Ford,Escape,2017,Used,17,13995,13999,15450,17980,18244,16255,131000,32
MB,Ford,Escape,2018,Used,11,9995,11193,11999,13997,16964,13016,173460,31
MB,Ford,Escape,2020,Used,11,16998,19194,21026,23381,27778,21803,74207,17
MB,Ford,Escape,2021,Used,16,16524,19734,20925,27522,32116,23138,92603,36
MB,Ford,Escape,2022,Used,16,21210,22052,23883,26618,27494,24211,80259,38
MB,Ford,Escape,2024,Used,20,26395,27625,30292,33483,36514,31374,57141,34
MB,Ford,Escape,2025,Used,14,27998,31629,33930,35244,35244,32919,46681,33
MB,Ford,Expedition,2027,New,19,106796,109245,113145,114992,116196,111888,10,26
MB,Ford,Explorer,2021,Used,19,23327,25300,32661,37568,39000,31040,101340,22
MB,Ford,Explorer,2022,Used,21,29995,33794,35482,39999,45861,37154,105250,24
MB,Ford,Explorer,2023,Used,10,33449,37832,40448,42557,44063,39644,68204,18
MB,Ford,Explorer,2025,Used,18,45902,47440,58746,61368,63751,55583,34854,31
MB,Ford,Explorer,2026,New,129,55573,59345,61862,66830,69070,62600,14,38
MB,Ford,Explorer,2027,New,36,58995,60482,66915,69845,75194,66438,10,10
MB,Ford,F 150,2026,New,12,71582,71607,75850,83074,88123,77664,20,59
MB,Ford,F 250,2026,New,13,73985,74479,75797,84984,92654,80496,20,59
MB,Ford,F-150,2018,Used,14,18309,22826,28448,29786,39606,29095,176166,28
MB,Ford,F-150,2019,Used,12,21000,21900,23950,25362,30880,24685,200176,20
MB,Ford,F-150,2020,Used,16,25912,31964,33794,38820,41856,34396,136572,32
MB,Ford,F-150,2021,Used,35,29312,35142,39980,48738,57816,41126,106427,25
MB,Ford,F-150,2022,Used,46,34688,39798,45398,51364,54412,45191,95179,35
MB,Ford,F-150,2023,Used,73,42040,46767,52900,59899,63723,53565,78071,38
MB,Ford,F-150,2024,Used,100,49818,53935,58762,66916,72999,60296,46862,52
MB,Ford,F-150,2025,Used,30,51783,53925,59128,72421,79335,64317,35362,40
MB,Ford,F-150,2026,New,1017,67773,71509,79160,86660,95617,80803,17,39
MB,Ford,F-150,2026,Used,19,79649,82010,85480,89780,93910,85277,6823,60
MB,Ford,F-250,2026,New,71,73109,84776,98398,107564,113096,96406,22,59
MB,Ford,F-350,2026,New,22,72808,97920,109533,116666,128716,105737,29,61
MB,Ford,F-350,2027,New,10,118392,119963,130614,136574,139080,128859,,10
MB,Ford,Maverick,2026,New,117,41977,44495,46295,49792,52694,46813,11,43
MB,Ford,Mustang,2026,New,62,42559,48842,61288,70635,76597,65580,22,58
MB,Ford,Mustang Mach-E,2026,New,19,51923,53340,56810,64291,71898,59388,20,27
MB,Ford,Ranger,2026,New,130,51386,55079,57456,61779,82819,60076,15,48
MB,Ford,Super Duty,2026,New,10,81308,86511,99146,102408,105241,95191,0,60
MB,Ford,Super Duty F-250 SRW,2026,New,30,74423,81593,88862,108019,114204,93026,12,54
MB,Ford,Super Duty F-350 SRW,2026,New,10,96409,104860,114524,117718,120468,110864,11,55
MB,Ford,Transit,2026,New,57,65993,69895,80740,84450,89522,79465,17,53
MB,GMC,Acadia,2026,New,54,61103,63743,67282,70294,75784,67407,10,58
MB,GMC,Acadia,2027,New,18,61236,68884,69651,78270,81416,72280,7,8
MB,GMC,Canyon,2026,New,71,57740,59113,60981,64834,70043,62482,10,43
MB,GMC,Savana,2026,New,14,55796,56473,57334,57608,61189,57859,7,58
MB,GMC,Sierra,2026,New,93,69394,72406,84150,107142,118334,89724,10,23
MB,GMC,Sierra 1500,2018,Used,18,21279,23680,27150,27995,35152,28398,170725,23
MB,GMC,Sierra 1500,2019,Used,10,33824,39974,43484,45541,47944,42057,114152,34
MB,GMC,Sierra 1500,2021,Used,18,36445,37487,42443,45997,49992,42945,124596,18
MB,GMC,Sierra 1500,2022,Used,22,43995,44996,52096,57489,61848,51833,94174,34
MB,GMC,Sierra 1500,2023,Used,38,44928,47348,51132,57522,61445,52714,75964,38
MB,GMC,Sierra 1500,2024,Used,116,50243,53916,56687,62841,65956,57568,50944,58
MB,GMC,Sierra 1500,2025,Used,15,59857,61800,67121,69407,70598,65786,46061,43
MB,GMC,Sierra 1500,2026,New,475,63785,70594,74925,85642,93138,77768,10,53
MB,GMC,Sierra 1500,2026,Used,22,65655,72521,79740,86744,94711,80301,9791,58
MB,GMC,Sierra 2500,2026,New,20,92401,101079,108171,117822,119392,108059,10,62
MB,GMC,Sierra 2500HD,2026,New,113,82121,100260,106919,113362,121581,105665,7,43
MB,GMC,Terrain,2022,Used,20,23757,24459,25832,29269,31444,26914,74033,31
MB,GMC,Terrain,2023,Used,12,25646,26163,28601,30295,32370,28282,95706,32
MB,GMC,Terrain,2024,Used,49,26944,28495,29999,31442,33980,29891,63904,38
MB,GMC,Terrain,2026,New,22,40003,42035,45954,49320,54124,45881,11,58
MB,GMC,Terrain,2026,Used,10,37592,42476,45348,45996,48213,44016,15944,30
MB,GMC,Terrain,2027,New,93,43800,46689,49474,52099,53871,49064,10,17
MB,GMC,Yukon,2026,New,124,103549,111262,119463,129807,140522,120688,7,43
MB,Genesis,GV70,2025,Used,11,48468,51932,56785,58170,59824,56092,27030,39
MB,Genesis,GV70,2026,Used,10,65764,68025,68100,73450,74700,69076,2301,39
MB,Honda,Accord,2026,New,28,42353,42362,47836,50053,50053,46815,8,53
MB,Honda,CR-V,2012,Used,13,11760,12999,13999,15450,18360,14661,188000,37
MB,Honda,CR-V,2014,Used,19,13880,14700,15950,18700,19050,16363,173000,7
MB,Honda,CR-V,2015,Used,21,14450,15950,17950,19950,19950,17689,192000,7
MB,Honda,CR-V,2016,Used,18,16210,17459,18950,19950,19965,18585,165868,7
MB,Honda,CR-V,2017,Used,11,17950,18224,19500,23790,24497,20852,184000,10
MB,Honda,CR-V,2018,Used,18,19350,20950,21950,23457,25282,22066,162500,7
MB,Honda,CR-V,2019,Used,18,20252,21087,23090,26916,27995,23736,132424,10
MB,Honda,CR-V,2021,Used,11,27589,28994,30969,31894,33981,30606,78186,11
MB,Honda,CR-V,2022,Used,18,25696,29200,31442,34940,35295,31230,100330,18
MB,Honda,CR-V,2023,Used,13,30001,34890,36885,40989,43013,36838,68640,22
MB,Honda,CR-V,2024,Used,26,34297,36362,40838,42512,43716,39620,48544,27
MB,Honda,CR-V,2025,Used,20,36946,37950,40395,44846,46068,41464,34189,37
MB,Honda,CR-V,2026,New,356,43546,47152,48028,50448,53850,48366,8,43
MB,Honda,CR-V,2026,Used,12,38943,44654,63029,88865,93552,66708,9930,62
MB,Honda,Civic,2012,Used,19,10729,11520,12390,12974,13950,12414,169888,37
MB,Honda,Civic,2022,Used,18,24986,25575,26460,27964,29869,27068,67536,14
MB,Honda,Civic,2024,Used,16,26444,27374,28533,29988,31244,28823,34594,38
MB,Honda,Civic,2025,Used,10,29025,29916,34027,34996,35098,32460,23716,25
MB,Honda,Civic,2026,New,128,32040,35627,37762,41325,41325,37189,8,16
MB,Honda,HR-V,2027,New,60,36983,40061,40061,40778,42861,39976,8,43
MB,Honda,Passport,2026,New,10,61038,61272,62515,64296,64839,62771,10,18
MB,Honda,Pilot,2016,Used,11,19995,20700,21450,23370,23995,21902,195000,7
MB,Honda,Pilot,2026,New,22,62220,65742,68680,69058,70250,66878,10,39
MB,Honda,Ridgeline,2026,New,13,53090,56609,60109,60602,61640,58427,10,30
MB,Hyundai,Elantra,2026,New,167,27355,29083,30967,32892,36653,31506,16,50
MB,Hyundai,IONIQ 5,2026,New,16,56446,59899,60870,61546,66486,61085,16,59
MB,Hyundai,IONIQ 5,2026,Used,10,60367,60873,66484,67073,67269,64109,3134,54
MB,Hyundai,Kona,2024,Used,11,26998,27774,29999,31528,32896,30073,33319,24
MB,Hyundai,Kona,2025,Used,23,30520,30849,31936,32806,32977,31806,41789,38
MB,Hyundai,Kona,2026,New,80,33649,35783,40270,49223,52268,42273,16,50
MB,Hyundai,Kona,2027,New,37,32099,34403,37049,41742,43816,37713,15,22
MB,Hyundai,Kona Electric,2026,New,19,39142,41592,51099,51449,51449,46953,10,36
MB,Hyundai,Palisade,2026,New,94,64949,66365,67292,68491,70492,67097,15,50
MB,Hyundai,Palisade,2027,New,17,59998,60358,64303,69099,70246,64913,15,12
MB,Hyundai,Santa,2026,New,11,52342,55342,61442,61692,62942,58715,15,58
MB,Hyundai,Santa Fe,2017,Used,11,14895,14950,16485,17856,18950,16566,135500,33
MB,Hyundai,Santa Fe,2026,New,64,49157,51700,52853,61308,62937,55358,15,50
MB,Hyundai,Santa Fe,2026,Used,11,48853,52853,52853,60651,61953,55225,80,59
MB,Hyundai,Sonata,2026,New,20,39342,39542,40543,41034,41248,40356,15,59
MB,Hyundai,Tucson,2016,Used,12,13930,15512,16475,17466,18784,17147,138000,20
MB,Hyundai,Tucson,2017,Used,19,13994,16110,17190,18965,21157,17750,124155,15
MB,Hyundai,Tucson,2024,Used,18,28772,28925,30699,32748,37240,31484,51886,46
MB,Hyundai,Tucson,2025,Used,26,32966,33999,34750,36871,44498,36447,37088,27
MB,Hyundai,Tucson,2026,New,399,37739,40817,45199,50896,53353,45962,16,53
MB,Hyundai,Tucson,2026,Used,27,37499,40949,44799,48672,50049,44766,5400,50
MB,Hyundai,Venue,2025,Used,12,23368,24000,24000,24000,24000,23930,41149,0
MB,Hyundai,Venue,2026,New,45,26495,26953,28592,29817,31342,28523,16,59
MB,Jeep,Cherokee,2015,Used,11,11200,11974,12950,13724,13999,12808,173000,37
MB,Jeep,Cherokee,2016,Used,12,8050,10487,13224,14962,17205,12815,180850,27
MB,Jeep,Cherokee,2019,Used,13,13397,15495,18950,21999,22979,18505,134345,37
MB,Jeep,Cherokee,2022,Used,12,25156,27274,29747,32233,33878,29809,71372,38
MB,Jeep,Cherokee,2026,New,280,39848,45968,47430,50127,56900,48182,15,54
MB,Jeep,Compass,2024,Used,37,24940,27326,28576,29991,31004,28991,37336,42
MB,Jeep,Compass,2025,Used,16,25502,27719,29948,35548,37258,31233,25404,54
MB,Jeep,Compass,2026,New,207,34495,38618,42085,46040,49675,42251,15,55
MB,Jeep,Gladiator,2026,New,78,43072,46684,53519,58990,66257,54381,12,22
MB,Jeep,Grand Cherokee,2019,Used,11,19999,20636,25000,29314,32995,25555,107865,50
MB,Jeep,Grand Cherokee,2021,Used,20,23999,26820,29999,33668,36739,30769,105824,52
MB,Jeep,Grand Cherokee,2022,Used,13,28563,30900,33995,43240,43990,37016,67745,50
MB,Jeep,Grand Cherokee,2023,Used,27,32116,34642,39330,43396,54832,41159,62062,38
MB,Jeep,Grand Cherokee,2024,Used,21,29794,35594,39500,43999,45995,40630,60609,36
MB,Jeep,Grand Cherokee,2025,New,19,50899,54582,58600,65605,67275,60016,12,62
MB,Jeep,Grand Cherokee,2026,New,209,41739,63603,68475,71139,76795,65780,15,54
MB,Jeep,Grand Cherokee L,2025,New,18,56072,60052,63995,68861,74104,65624,12,62
MB,Jeep,Grand Cherokee L,2026,New,80,43515,65586,71424,73902,79157,67328,15,58
MB,Jeep,Grand Wagoneer,2026,New,36,72640,75821,96692,99685,105032,91796,14,49
MB,Jeep,Grand Wagoneer L,2026,New,18,74188,75308,85700,94495,101023,86284,20,37
MB,Jeep,Ram,2026,New,15,31844,32357,50299,61352,78465,50688,,60
MB,Jeep,Wrangler,2018,Used,13,22081,22500,27257,28415,29844,27142,101234,37
MB,Jeep,Wrangler,2021,Used,12,27030,29162,33195,37468,48530,35106,94600,38
MB,Jeep,Wrangler,2023,Used,19,35212,35897,39616,44356,47785,40354,40088,38
MB,Jeep,Wrangler,2024,Used,26,32262,35358,46938,53748,61720,47404,36507,32
MB,Jeep,Wrangler,2025,Used,12,33568,37117,56538,64096,64447,50794,7204,54
MB,Jeep,Wrangler,2026,New,237,42437,45980,59890,67365,81604,59706,12,36
MB,Kia,Carnival,2026,New,18,46605,51531,55908,58534,60562,54787,25,51
MB,Kia,Carnival,2027,New,38,49230,51880,53747,55341,58690,53530,25,20
MB,Kia,EV5,2027,New,16,50931,52468,53448,53945,59198,54106,26,8
MB,Kia,EV9,2026,New,17,68481,73819,73966,74545,79315,73923,25,54
MB,Kia,K4,2026,New,87,28394,29683,31400,33400,35104,31639,22,23
MB,Kia,Niro,2026,New,27,33901,34930,36639,39464,41138,36911,25,55
MB,Kia,Niro EV,2026,New,61,43940,51676,51916,51931,51931,50619,22,51
MB,Kia,Seltos,2021,Used,13,17610,18999,21998,22998,24177,21124,99863,33
MB,Kia,Seltos,2024,Used,22,23240,25566,26996,32370,32994,28081,56291,44
MB,Kia,Seltos,2025,Used,18,28684,28989,29777,31248,33329,30463,42290,30
MB,Kia,Seltos,2027,New,124,32120,33780,36780,38558,41300,36780,25,8
MB,Kia,Sorento,2023,Used,10,28880,30823,31240,33520,35284,31931,60436,52
MB,Kia,Sorento,2025,Used,11,39998,40498,42750,44388,45998,42527,29415,55
MB,Kia,Sorento,2026,New,67,46951,48582,49731,51830,60335,51460,25,51
MB,Kia,Sportage,2023,Used,34,26999,27895,29248,32542,35256,29988,61191,32
MB,Kia,Sportage,2024,Used,10,27342,28384,30244,35162,37154,31701,49094,34
MB,Kia,Sportage,2025,Used,14,31617,33998,34992,35562,40766,35577,44854,20
MB,Kia,Sportage,2026,New,208,37281,39009,42750,44881,46750,42613,25,51
MB,Kia,Sportage,2026,Used,18,38790,39040,43262,44902,47162,42500,3953,52
MB,Kia,Sportage,2027,New,112,44830,45972,47830,49200,51506,47779,23,8
MB,Land Rover,Defender,2026,New,11,99017,111352,122867,125434,154707,121799,50,62
MB,Land Rover,Range Rover Sport,2026,New,14,108619,114388,115438,145742,151178,127773,50,62
MB,Lexus,NX,2026,New,13,59909,59909,64703,73287,80458,67835,10,51
MB,Lexus,RX,2026,New,17,66108,66373,73787,81787,83506,74752,10,31
MB,Lincoln,Aviator,2026,New,28,79973,81895,87287,92194,93792,86850,10,60
MB,Lincoln,Nautilus,2026,New,21,64560,67886,69910,81410,84510,73684,10,51
MB,Mazda,CX-30,2026,New,66,33844,37182,41498,43850,45975,40414,5,43
MB,Mazda,CX-5,2016,Used,14,15100,15962,16700,17825,19650,17064,150500,7
MB,Mazda,CX-5,2023,Used,15,32022,32699,33969,34969,35488,33836,50977,17
MB,Mazda,CX-5,2025,Used,23,32239,32968,33998,34778,36798,34194,55759,33
MB,Mazda,CX-5,2026,New,231,41217,42824,44865,49710,52383,46177,5,39
MB,Mazda,CX-70,2026,New,35,54132,58213,60113,64422,64925,60496,5,43
MB,Mazda,CX-90,2026,New,69,53248,55514,60614,65664,67991,60997,9,58
MB,Mazda,Mazda3,2026,New,69,30458,31833,35933,39508,42286,36273,5,43
MB,Mercedes-Benz,GLA-Class,2026,Used,12,45714,58152,60504,60978,61549,57163,90,61
MB,Mercedes-Benz,GLB-Class,2026,Used,10,61302,62744,65004,67369,67839,64202,90,61
MB,Mercedes-Benz,GLC-Class,2026,New,14,71619,72419,75944,78030,83252,77493,90,61
MB,Mercedes-Benz,GLC-Class,2026,Used,10,69954,70608,71692,73902,76679,72917,90,61
MB,Mercedes-Benz,GLC-Class,2027,New,13,75909,80869,82269,84469,87029,82046,90,16
MB,Mercedes-Benz,GLE-Class,2026,New,20,100075,100872,105149,122266,147542,115092,90,61
MB,Mercedes-Benz,Sprinter,2026,New,16,76828,78586,80565,81746,96386,83110,90,61
MB,Mitsubishi,Eclipse Cross,2026,New,72,34647,35127,38447,41924,44008,38859,12,58
MB,Mitsubishi,Outlander,2026,New,197,44724,50047,53537,56485,64335,53774,12,58
MB,Mitsubishi,RVR,2026,New,55,31480,33135,34387,37187,40167,35059,12,46
MB,Nissan,Armada,2026,New,12,95166,102086,108950,110747,111997,105626,12,53
MB,Nissan,Kicks,2024,Used,28,20659,21434,23382,24485,25989,23268,60463,38
MB,Nissan,Kicks,2025,Used,34,23598,24520,25726,32322,37418,28182,31246,36
MB,Nissan,Kicks,2026,New,112,31621,32121,32478,35206,35639,33375,12,55
MB,Nissan,Murano,2023,Used,10,27185,28625,29822,33038,34410,30761,83448,32
MB,Nissan,Pathfinder,2024,Used,19,40980,40997,42700,45999,48187,43347,35993,55
MB,Nissan,Qashqai,2021,Used,10,20115,22114,22997,23261,23999,22410,57701,22
MB,Nissan,Qashqai,2023,Used,29,22986,23199,24000,25961,26982,24567,44500,40
MB,Nissan,Rogue,2017,Used,10,15704,15992,17200,17984,18096,16875,121694,44
MB,Nissan,Rogue,2020,Used,16,18342,18956,20950,21010,22337,20274,102145,48
MB,Nissan,Rogue,2021,Used,13,22104,22663,23998,25999,26980,25274,76392,22
MB,Nissan,Rogue,2023,Used,46,25160,27421,28137,29517,30840,28319,45602,40
MB,Nissan,Rogue,2024,Used,56,26510,27662,28999,31241,34149,29839,27176,36
MB,Nissan,Rogue,2025,Used,21,28980,28991,29988,32283,35989,31484,47727,46
MB,Nissan,Rogue,2026,New,205,37076,41744,45073,49724,50259,44701,14,52
MB,Nissan,Sentra,2024,Used,16,21564,21750,22429,24108,24735,23133,34337,38
MB,Nissan,Sentra,2026,New,45,29881,30114,30964,31291,33751,31119,11,53
MB,Porsche,Cayenne,2026,New,20,136716,138816,139590,153117,188867,151349,12,40
MB,Porsche,Macan,2026,New,38,94539,96734,113046,129945,133426,112656,12,40
MB,Ram,1500,2017,Used,14,13749,15925,20996,23701,25971,20327,179496,32
MB,Ram,1500,2019,Used,28,26940,27962,33782,36464,40010,32537,116832,42
MB,Ram,1500,2021,Used,22,29733,32099,35740,39496,43836,38690,105964,52
MB,Ram,1500,2022,Used,47,31543,35786,40505,48190,52192,43137,94180,52
MB,Ram,1500,2023,Used,25,38045,39826,46991,55783,62500,51942,68114,52
MB,Ram,1500,2024,Used,11,38302,49405,56980,62698,63367,54417,39593,54
MB,Ram,1500,2025,Used,36,51260,56726,61374,72802,82840,64984,29240,52
MB,Ram,1500,2026,New,752,53644,62560,73867,81144,86836,72258,12,52
MB,Ram,1500,2026,Used,24,66931,71228,83565,96290,115838,86196,2352,55
MB,Ram,1500,2027,New,65,69240,73135,77080,89170,95340,81103,15,13
MB,Ram,1500 Classic,2019,Used,16,21900,23971,26898,29491,38220,29119,128045,23
MB,Ram,1500 Classic,2021,Used,17,20570,26726,29821,30999,32939,28882,130653,24
MB,Ram,1500 Classic,2022,Used,21,22950,26950,36700,38326,44999,34948,85550,24
MB,Ram,1500 Classic,2023,Used,20,33532,33995,37908,42863,55205,40963,58807,17
MB,Ram,2500,2024,Used,13,42908,44142,59826,71470,76190,59154,44703,22
MB,Ram,2500,2025,Used,20,48154,49276,82950,92221,108523,77636,9074,56
MB,Ram,2500,2026,New,209,55843,65388,74809,91715,115183,79915,18,22
MB,Ram,2500,2026,Used,16,46684,47056,47536,48814,90778,58060,13142,52
MB,Ram,2500,2027,New,21,82520,88514,104069,106290,125690,101998,,20
MB,Ram,3500,2026,New,65,64148,66304,74440,95195,116850,82483,12,21
MB,Ram,3500,2027,New,11,91089,99346,107530,113580,124485,107386,,21
MB,Ram,ProMaster,2026,New,30,48378,49323,51373,65364,71108,56988,18,21
MB,Subaru,Crosstrek,2026,New,37,36410,43410,43410,43410,43410,42032,10,25
MB,Subaru,Forester,2026,New,107,42010,42010,44510,51510,51510,45496,10,13
MB,Subaru,Outback,2026,New,25,51010,52010,54010,54010,54010,52718,11,13
MB,Toyota,4Runner,2026,New,19,63322,70334,72644,78129,84938,74226,,37
MB,Toyota,C-HR,2018,Used,15,18579,24600,27263,28190,29016,25670,60000,36
MB,Toyota,Camry,2026,New,25,38895,41653,46075,48830,48830,44805,50,43
MB,Toyota,Corolla,2024,Used,19,24995,25986,27890,29998,30492,27973,53444,38
MB,Toyota,Corolla,2026,New,25,28932,29473,31319,33345,36340,32125,10,37
MB,Toyota,Corolla Cross,2026,New,28,33230,34234,37130,41135,41985,37308,,37
MB,Toyota,Crown,2026,New,31,58227,61555,62268,63630,64698,62193,10,37
MB,Toyota,GR Supra,2026,New,10,73323,73325,73325,73654,84732,75648,10,36
MB,Toyota,Grand Highlander,2026,New,15,56495,60368,65870,68000,70130,63872,0,37
MB,Toyota,Highlander,2021,Used,13,35993,36991,40597,41995,43999,40186,99470,17
MB,Toyota,Land Cruiser,2026,New,10,82448,84861,89542,89542,89542,86793,0,37
MB,Toyota,Prius,2026,New,15,39050,41465,43652,46635,47580,43551,312,37
MB,Toyota,Prius,2027,New,10,40304,40584,42195,45122,45679,42855,11,8
MB,Toyota,RAV4,2013,Used,10,15450,16200,18950,18950,19950,17950,151000,7
MB,Toyota,RAV4,2014,Used,14,15100,16075,17950,19700,19950,17771,168450,7
MB,Toyota,RAV4,2015,Used,28,16300,17950,19950,21825,24781,20377,158200,7
MB,Toyota,RAV4,2016,Used,16,18950,20950,23200,23575,24200,22044,162000,7
MB,Toyota,RAV4,2017,Used,24,19800,19950,21950,23101,24650,21876,176500,7
MB,Toyota,RAV4,2018,Used,19,19750,20950,24950,24950,25183,23186,163000,7
MB,Toyota,RAV4,2021,Used,18,27809,30200,34872,36494,39147,34000,92054,8
MB,Toyota,RAV4,2023,Used,12,32537,34164,39295,42800,44581,38643,71776,37
MB,Toyota,RAV4,2024,Used,17,33957,36689,39628,43991,47717,40443,50269,37
MB,Toyota,RAV4,2025,Used,31,37797,39521,44806,46994,48729,43393,30248,24
MB,Toyota,RAV4,2026,New,26,39392,44229,51254,54896,55225,48971,70,30
MB,Toyota,Sequoia,2026,New,17,92020,92020,103315,106113,106438,100812,10,36
MB,Toyota,Sienna,2026,New,34,53645,54710,58470,65481,70405,60485,15,36
MB,Toyota,Tacoma,2024,Used,12,45714,47106,49992,51718,62898,51164,34448,30
MB,Toyota,Tacoma,2026,New,80,38105,42111,50044,59854,71058,52995,11,28
MB,Toyota,Tundra,2025,Used,10,57798,61770,69696,72236,74138,66944,26514,38
MB,Toyota,Tundra,2026,New,65,50071,64422,68801,86500,92146,72441,10,25
MB,Toyota,bZ,2026,New,29,43152,43990,48414,54690,55732,49778,10,43
MB,Volkswagen,Atlas,2024,Used,20,36519,39985,44370,46364,47072,42876,60966,37
MB,Volkswagen,Atlas,2026,New,82,58065,59738,62365,64469,67595,61964,90,62
MB,Volkswagen,Atlas Cross Sport,2026,New,75,58530,58530,60013,61265,63905,60365,90,58
MB,Volkswagen,Golf GTI,2026,New,11,41490,44112,45440,46263,47113,44911,25,62
MB,Volkswagen,Jetta,2026,New,53,27490,28663,31295,34540,34540,31815,90,58
MB,Volkswagen,Taos,2024,Used,15,24997,25248,25995,28292,28783,26851,66163,22
MB,Volkswagen,Taos,2025,Used,11,27901,29500,31491,31491,31954,30892,14752,38
MB,Volkswagen,Taos,2026,New,129,35425,37705,40638,41430,42465,39487,90,58
MB,Volkswagen,Taos,2026,Used,18,32485,34077,35892,38558,38934,36095,3982,59
MB,Volkswagen,Tiguan,2021,Used,10,21806,22085,23350,24966,26099,23737,87618,50
MB,Volkswagen,Tiguan,2024,Used,17,27420,29799,31516,35499,38226,32485,60985,29
MB,Volkswagen,Tiguan,2026,New,135,39963,42562,46192,48892,51963,45789,90,58
MB,Volkswagen,Tiguan,2026,Used,20,38458,39765,42993,46192,47207,42943,1818,63
MB,Volvo,XC40,2026,New,30,56075,56709,57190,60387,63878,58663,50,58
MB,Volvo,XC90,2026,New,10,81965,82612,90460,99338,102909,91360,24,58
NB,Acura,ADX,2026,New,18,51675,51675,53775,56175,56775,54042,15,51
NB,Audi,Q5,2026,New,17,66276,69890,70790,72190,73090,70245,90,58
NB,BMW,3 Series,2026,New,10,68540,69025,69675,79600,81340,73765,10,61
NB,BMW,X1,2026,New,20,56925,58275,60175,63125,64610,60633,10,61
NB,Buick,Enclave,2026,New,23,63739,69399,70809,73871,80053,71405,11,62
NB,Buick,Encore GX,2026,New,89,34642,35238,37148,39481,40937,37574,11,62
NB,Buick,Envision,2026,New,146,46919,48535,51018,53209,55162,51066,10,37
NB,Buick,Envista,2026,New,136,30772,31816,32880,34398,35497,32982,11,30
NB,Chevrolet,Blazer,2026,New,17,48233,48991,54613,58839,60860,54585,16,24
NB,Chevrolet,Bolt,2027,New,32,38293,41064,42858,45386,49439,42996,26,40
NB,Chevrolet,Colorado,2026,New,38,50762,54050,57708,61478,67482,58790,11,31
NB,Chevrolet,Equinox,2026,New,10,41118,41210,43576,45144,45970,43456,8,58
NB,Chevrolet,Equinox,2027,New,80,41038,42982,44471,49243,49875,45518,26,24
NB,Chevrolet,Equinox EV,2026,New,11,43172,44124,47614,51466,55050,47941,26,24
NB,Chevrolet,Express,2026,New,17,61315,64069,64203,64564,66344,63996,15,62
NB,Chevrolet,Silverado,2026,New,115,59716,63462,68326,75187,87524,71419,10,24
NB,Chevrolet,Silverado 1500,2017,Used,10,17867,18655,20995,24019,26095,21403,186112,43
NB,Chevrolet,Silverado 1500,2021,Used,10,32449,35600,37200,39997,42110,37619,94964,35
NB,Chevrolet,Silverado 1500,2024,Used,17,44247,46995,53337,55841,58795,52117,53165,43
NB,Chevrolet,Silverado 1500,2026,New,141,62657,66356,73159,79768,85755,73299,12,33
NB,Chevrolet,Silverado 1500,2026,Used,15,64764,67830,73551,84062,93339,77523,3368,62
NB,Chevrolet,Silverado 2500,2026,New,26,86532,93428,102682,106623,111002,100179,22,43
NB,Chevrolet,Tahoe,2026,New,15,91716,99410,107254,114539,121324,106741,4,51
NB,Chevrolet,TrailBlazer,2026,New,61,34084,35236,38683,39729,41051,37766,15,20
NB,Chevrolet,Traverse,2026,New,29,57141,57843,65994,71463,72453,65227,14,39
NB,Chevrolet,Traverse,2027,New,10,63893,67222,67486,68007,69221,67195,55,10
NB,Chevrolet,Trax,2022,Used,35,17988,17995,18995,19998,20998,19379,63383,33
NB,Chevrolet,Trax,2025,Used,12,25724,26146,26745,27690,27695,26685,22606,48
NB,Chevrolet,Trax,2026,New,124,29689,30961,31928,33144,33841,31952,12,22
NB,Chrysler,Grand Caravan,2027,New,13,49995,49995,49995,50590,50750,50233,0,58
NB,Chrysler,Pacifica,2027,New,25,54203,57275,59290,61075,62632,58784,17,58
NB,Dodge,Charger,2026,New,11,72382,76172,78214,87062,88155,80168,5,58
NB,Dodge,Durango,2026,New,37,61595,66880,71819,76275,82538,71190,5,58
NB,Dodge,Hornet,2024,Used,10,35810,38124,41825,42850,43446,40724,7550,62
NB,Ford,Bronco,2026,New,68,55789,59920,66144,75099,86278,69515,16,56
NB,Ford,Bronco Sport,2022,Used,11,24588,25368,26995,28495,29250,27494,68551,30
NB,Ford,Bronco Sport,2023,Used,15,23897,24766,27988,30448,32785,27932,64129,55
NB,Ford,Bronco Sport,2024,Used,14,28296,30763,32620,34548,42520,33654,36054,58
NB,Ford,Bronco Sport,2025,Used,10,31143,31652,33995,35436,40317,34824,42500,34
NB,Ford,Bronco Sport,2026,New,274,36988,38115,40109,45141,49540,41844,12,60
NB,Ford,Escape,2020,Used,10,14995,16686,19242,22244,23849,19660,105939,35
NB,Ford,Escape,2021,Used,12,19145,20544,21996,25368,33050,24090,73328,48
NB,Ford,Escape,2023,Used,12,24275,26968,28997,32150,37400,30362,45806,59
NB,Ford,Escape,2024,Used,12,26424,27536,29013,33396,38050,31036,46592,59
NB,Ford,Escape,2025,Used,16,27594,29020,31572,32414,35250,31481,36627,38
NB,Ford,Escape,2026,New,11,41994,43044,43844,47594,47744,45089,31,62
NB,Ford,Explorer,2026,New,60,53994,56577,60217,65054,67777,60707,17,58
NB,Ford,F-150,2022,Used,21,32350,33008,40591,44491,46994,39839,107290,33
NB,Ford,F-150,2023,Used,46,41572,45180,53920,59745,62940,52947,66182,35
NB,Ford,F-150,2024,Used,33,47868,53900,57900,68248,69976,59511,48908,39
NB,Ford,F-150,2025,Used,13,53064,53789,68034,75500,101227,74145,22988,37
NB,Ford,F-150,2026,New,446,60631,67679,71514,82266,89690,75256,17,39
NB,Ford,F-250,2026,New,12,80458,90940,97329,106359,107934,97550,10,60
NB,Ford,Maverick,2026,New,97,40014,41334,44854,48622,50755,45049,17,36
NB,Ford,Mustang,2026,New,24,50514,59353,67722,76959,85970,69499,21,58
NB,Ford,Mustang Mach-E,2026,New,29,47937,49498,52662,55882,58492,52859,26,27
NB,Ford,Ranger,2026,New,48,49359,51725,56022,61206,83735,59428,20,39
NB,Ford,Super Duty,2026,New,33,71819,78085,89270,97661,111449,89786,31,39
NB,Ford,Super Duty F-250 SRW,2026,New,16,77324,85255,93906,99204,112488,94112,16,50
NB,Ford,Super Duty F-350 SRW,2026,New,10,91156,95423,97069,105230,117736,100461,17,54
NB,Ford,Transit,2026,New,15,71180,73695,74840,78182,79983,75406,26,60
NB,GMC,Acadia,2026,New,34,56742,61672,64784,68528,69242,64497,12,62
NB,GMC,Acadia,2027,New,17,61666,63618,69129,69768,76411,68081,34,19
NB,GMC,Canyon,2026,New,55,53724,56726,59988,62900,66310,59947,10,58
NB,GMC,Sierra,2026,New,87,59307,62557,68246,79689,104292,74983,7,32
NB,GMC,Sierra 1500,2017,Used,12,15344,18194,19995,27241,27995,21378,183680,30
NB,GMC,Sierra 1500,2023,Used,11,40495,42086,44995,48844,54694,46211,88285,24
NB,GMC,Sierra 1500,2024,Used,18,45490,50245,53716,54959,56733,52043,52995,37
NB,GMC,Sierra 1500,2026,New,235,60192,62094,68059,74328,85115,70617,11,62
NB,GMC,Sierra 1500,2026,Used,12,68005,73623,79268,84788,92855,79994,8246,60
NB,GMC,Sierra 2500,2026,New,61,87544,98228,108218,119311,121392,107923,11,33
NB,GMC,Terrain,2023,Used,11,22899,23948,27194,29260,30995,27172,68543,39
NB,GMC,Terrain,2024,Used,17,27082,28194,29525,30194,33156,29805,58927,51
NB,GMC,Terrain,2026,New,22,35407,37223,40138,42749,45869,40489,12,62
NB,GMC,Terrain,2026,Used,11,38195,38840,40707,41218,47995,41442,9952,58
NB,GMC,Terrain,2027,New,117,42093,43758,47123,49844,53527,47231,11,10
NB,GMC,Yukon,2026,New,37,102399,108533,123528,130498,139157,120219,11,39
NB,Honda,Accord,2026,New,18,38500,38606,41080,46295,48395,42776,15,52
NB,Honda,CR-V,2018,Used,23,15092,15996,18999,21745,22377,18817,150137,37
NB,Honda,CR-V,2019,Used,25,15395,18295,19895,23995,25211,20535,161680,42
NB,Honda,CR-V,2020,Used,15,18676,21005,23499,24496,27998,23208,140938,37
NB,Honda,CR-V,2021,Used,29,21884,22995,25991,26999,28915,25468,103478,50
NB,Honda,CR-V,2022,Used,32,25494,26708,27995,29995,31182,28250,88734,38
NB,Honda,CR-V,2023,Used,37,29995,30995,34397,36395,39710,34261,77000,33
NB,Honda,CR-V,2024,Used,31,32515,33245,36694,39445,41995,36722,63000,37
NB,Honda,CR-V,2025,Used,18,35998,36350,37841,41435,44566,39186,31994,30
NB,Honda,CR-V,2026,New,352,41975,43475,46000,48650,53323,46020,15,30
NB,Honda,CR-V,2026,Used,10,44836,45569,46011,46942,48559,46708,6867,58
NB,Honda,Civic,2022,Used,20,20000,21995,23997,27087,30095,24681,80674,26
NB,Honda,Civic,2026,New,175,30860,32300,34680,36700,39544,34773,15,30
NB,Honda,HR-V,2027,New,79,35123,36400,39050,39050,41223,38011,11,30
NB,Honda,Pilot,2026,New,15,59080,61325,63850,65750,67650,63163,13,30
NB,Honda,Ridgeline,2026,New,11,55740,56176,59113,61340,61740,58858,10,32
NB,Hyundai,Elantra,2022,Used,14,16295,17434,18994,19846,20281,18709,75849,34
NB,Hyundai,Elantra,2026,New,108,25499,27454,30677,31873,34349,30402,17,47
NB,Hyundai,Kona,2022,Used,10,13240,17569,18943,20567,21445,18267,96368,42
NB,Hyundai,Kona,2025,Used,15,27847,28268,28741,29418,29993,28979,40600,47
NB,Hyundai,Kona,2026,New,107,31249,32736,34373,36349,39369,34766,17,31
NB,Hyundai,Kona,2027,New,18,30099,30992,35590,40367,42549,35695,25,5
NB,Hyundai,Kona Electric,2026,New,11,42673,44211,46623,48399,48399,46056,17,8
NB,Hyundai,Palisade,2026,New,33,61074,62949,64699,65349,66660,64073,17,23
NB,Hyundai,Santa Fe,2023,Used,11,25999,27496,28499,33022,33595,29715,68956,55
NB,Hyundai,Santa Fe,2026,New,49,44573,47799,50199,57673,59649,51715,17,23
NB,Hyundai,Sonata,2026,New,12,36333,36610,37098,38749,38749,37635,17,58
NB,Hyundai,Tucson,2022,Used,16,21366,23175,25403,27744,29994,25505,96301,45
NB,Hyundai,Tucson,2023,Used,16,23995,26744,27656,28509,30438,27216,79146,32
NB,Hyundai,Tucson,2025,Used,10,29759,31240,32288,35896,44916,35139,28960,60
NB,Hyundai,Tucson,2026,New,213,37799,39873,43832,47799,50449,43720,17,51
NB,Hyundai,Tucson,2026,Used,18,35533,37930,40861,44048,48223,41301,2407,59
NB,Hyundai,Venue,2026,New,21,25223,26849,27273,28482,29249,27604,25,59
NB,Jeep,Cherokee,2019,Used,12,15330,15920,17894,19123,19945,17587,122592,24
NB,Jeep,Cherokee,2022,Used,13,20986,26495,28388,28995,29889,26822,62454,33
NB,Jeep,Cherokee,2026,New,139,47390,47885,48770,56404,58376,51822,6,55
NB,Jeep,Compass,2026,New,58,35025,36995,42158,45930,47445,41752,5,58
NB,Jeep,Gladiator,2026,New,40,59995,60820,63275,65639,75907,64791,0,58
NB,Jeep,Grand Cherokee,2026,New,54,66838,67680,70330,72531,77140,71475,16,58
NB,Jeep,Grand Cherokee L,2026,New,22,69720,72309,75672,79562,82165,76491,6,58
NB,Jeep,Grand Wagoneer,2026,New,12,97698,98771,99960,102370,107551,102499,16,60
NB,Jeep,Wrangler,2025,Used,14,43412,46872,53863,62687,69906,55541,8177,55
NB,Jeep,Wrangler,2026,New,93,48882,59987,66100,74065,76900,66866,15,58
NB,Kia,Carnival,2026,New,53,48869,51345,53830,58095,58717,54306,25,55
NB,Kia,EV4,2026,New,14,48670,50995,51324,54432,54755,51510,26,55
NB,Kia,K4,2026,New,34,27202,29184,30002,31931,33876,30491,25,28
NB,Kia,Niro,2026,New,18,39710,41708,45231,50945,50945,45658,25,61
NB,Kia,Niro EV,2026,New,25,45352,47730,47945,47980,50945,48181,25,55
NB,Kia,Seltos,2023,Used,11,20296,21697,22999,24295,25995,23476,63000,38
NB,Kia,Seltos,2027,New,39,30980,31602,33567,36584,39867,34159,25,28
NB,Kia,Sorento,2026,New,31,46767,48862,49895,51145,61736,51429,25,55
NB,Kia,Sportage,2023,Used,10,22895,23889,27993,31620,33095,28184,71712,60
NB,Kia,Sportage,2026,New,93,40695,40730,43995,44480,48230,43334,28,55
NB,Kia,Sportage,2027,New,27,44180,44180,47180,48802,51729,47263,25,9
NB,Land Rover,Defender,2026,New,11,91378,97573,100274,127952,152882,117774,20,4
NB,Land Rover,Range Rover Sport,2026,New,14,108121,109691,127502,130871,134306,122032,24,4
NB,Lexus,NX,2026,New,12,62186,62295,63756,68116,78531,66927,18,51
NB,Lincoln,Aviator,2026,New,11,78403,78662,78863,84364,86240,80948,31,42
NB,Lincoln,Nautilus,2026,New,53,62342,65505,68525,73288,74230,69149,17,42
NB,MINI,Cooper,2026,New,12,32350,36055,37940,38415,41205,37459,10,46
NB,MINI,Countryman,2027,New,21,47990,48990,51990,51990,52690,50995,10,46
NB,Mazda,3 Sport,2026,New,12,28195,28420,28695,32420,41210,31795,16,17
NB,Mazda,CX-30,2026,New,50,31595,31895,32142,36520,41526,34794,19,19
NB,Mazda,CX-5,2022,Used,12,22198,25495,27495,28010,28414,26672,94618,48
NB,Mazda,CX-5,2023,Used,13,26533,26923,27988,29888,33795,28507,60447,25
NB,Mazda,CX-5,2025,Used,16,30389,30996,31988,33359,34900,32542,46942,59
NB,Mazda,CX-5,2026,New,174,38995,41495,41918,44895,48665,43027,20,22
NB,Mazda,CX-70,2026,New,26,52045,52445,56945,60882,62395,57075,22,37
NB,Mazda,CX-90,2026,New,51,53395,53395,53795,61792,65145,57209,13,22
NB,Mazda,Cx,2026,New,16,38995,41195,49470,59595,63945,49676,25,55
NB,Mazda,Mazda3,2026,New,66,27895,28195,32245,34908,38595,32453,20,36
NB,Mitsubishi,Eclipse Cross,2026,New,81,29798,29798,33298,36498,38898,33587,10,53
NB,Mitsubishi,Outlander,2025,Used,10,41394,42589,43374,43966,44518,42592,17020,46
NB,Mitsubishi,Outlander,2026,New,106,36398,42198,44898,50998,57098,46058,10,53
NB,Mitsubishi,RVR,2026,New,37,28998,31498,31673,35373,35713,32616,47,53
NB,Nissan,Kicks,2025,Used,12,22772,23990,27498,29245,29824,26817,10948,58
NB,Nissan,Kicks,2026,New,66,29423,31633,31898,34077,36772,32442,19,53
NB,Nissan,Kicks,2027,New,16,30823,31848,32643,33443,34973,32687,,7
NB,Nissan,Rogue,2021,Used,13,16581,19188,20894,23998,25797,20857,94497,36
NB,Nissan,Rogue,2023,Used,16,22190,23745,27995,28977,29714,26482,52762,54
NB,Nissan,Rogue,2024,Used,12,25385,28997,30448,32810,33991,30570,49846,52
NB,Nissan,Rogue,2025,Used,12,27244,27915,29247,29824,34426,29722,53088,38
NB,Nissan,Rogue,2026,New,147,37178,38498,41648,45946,49078,42741,15,43
NB,Nissan,Sentra,2026,New,26,29343,30318,30568,32413,34256,31437,19,54
NB,Ram,1500,2020,Used,12,32141,34731,38486,40216,42689,37530,106068,15
NB,Ram,1500,2022,Used,22,35377,39588,44617,49240,50076,43791,95909,46
NB,Ram,1500,2025,Used,15,47168,51492,55537,64997,69782,57940,23000,32
NB,Ram,1500,2026,New,191,67648,73108,78665,87642,94987,81268,0,55
NB,Ram,1500,2027,New,82,70190,74369,86012,95472,97445,84869,5,4
NB,Ram,1500 Classic,2019,Used,11,22490,24986,25965,26974,27991,25522,139000,24
NB,Ram,2500,2026,New,126,81439,88692,99700,105705,114644,98308,20,58
NB,Ram,2500,2027,New,32,93114,105295,106745,120044,125580,109242,5,4
NB,Ram,3500,2026,New,26,87528,89884,91848,107675,114095,98054,20,60
NB,Subaru,Crosstrek,2024,Used,26,26994,28995,29995,31997,33900,30273,48802,24
NB,Subaru,Crosstrek,2026,New,37,33408,35990,37490,42990,42990,38641,10,4
NB,Subaru,Forester,2026,New,68,37008,41590,46090,48194,51090,45039,10,4
NB,Subaru,Outback,2024,Used,13,27192,27995,32900,36991,39391,32186,76314,33
NB,Subaru,Outback,2026,New,30,50590,50590,51590,53194,53590,51268,10,4
NB,Toyota,Camry,2026,New,10,37035,37959,40730,46134,48177,41861,0,38
NB,Toyota,Corolla,2021,Used,11,19490,20896,21540,22666,23995,21689,83250,34
NB,Toyota,Corolla,2022,Used,10,21939,22436,22996,24740,25095,23469,65375,13
NB,Toyota,Corolla,2026,New,50,28060,28060,28325,30519,32434,29630,10,30
NB,Toyota,RAV4,2019,Used,17,21595,24909,26489,27521,28275,25834,141044,31
NB,Toyota,RAV4,2021,Used,24,26298,27997,29998,31996,32696,30095,88247,15
NB,Toyota,RAV4,2022,Used,26,29225,30993,32742,35791,39244,33299,89592,26
NB,Toyota,RAV4,2023,Used,15,33159,35622,36995,38786,40425,36936,77212,59
NB,Toyota,RAV4,2024,Used,20,35624,37196,40256,44439,47120,40772,42374,28
NB,Toyota,RAV4,2026,New,13,42084,43680,50780,54480,63308,51205,10,9
NB,Toyota,Tacoma,2021,Used,11,39991,40992,42998,44000,44995,42386,85815,23
NB,Toyota,Tacoma,2023,Used,12,44095,45220,46993,49242,52699,47306,60770,52
NB,Toyota,Tacoma,2026,New,37,54005,54605,62455,69260,72822,63132,10,22
NB,Toyota,Tundra,2026,New,67,64969,69100,79259,88484,90598,79361,10,51
NB,Volkswagen,Atlas,2026,New,25,63873,64545,65345,66095,66873,65124,90,38
NB,Volkswagen,Atlas Cross Sport,2026,New,41,60945,61245,64195,64973,64995,63113,10,38
NB,Volkswagen,Jetta,2026,New,31,30395,31449,33949,35411,39849,34132,90,42
NB,Volkswagen,Jetta,2027,New,32,32423,32423,34023,34091,34500,33363,90,0
NB,Volkswagen,Taos,2025,Used,20,28941,29537,30747,31173,32093,30528,34170,31
NB,Volkswagen,Taos,2026,New,34,36898,39670,40920,43198,43902,40925,10,47
NB,Volkswagen,Taos,2026,Used,11,35694,36368,37194,43698,44198,39573,3555,8
NB,Volkswagen,Tiguan,2022,Used,11,23995,26394,26688,27996,27999,26676,76834,25
NB,Volkswagen,Tiguan,2024,Used,14,27992,28682,31008,32594,33365,30699,65124,38
NB,Volkswagen,Tiguan,2026,New,166,43295,45545,47795,49823,50323,47222,90,38
NB,Volkswagen,Tiguan,2026,Used,16,38418,38997,49573,49823,52468,46397,1542,10
NB,Volvo,XC40,2026,New,22,53657,57291,59168,61349,62968,58869,12,50
NB,Volvo,XC60,2025,Used,11,44994,46994,48994,51994,51994,49267,22255,50
NB,Volvo,XC60,2026,New,19,63468,64612,71195,91398,97456,77917,12,50
NB,Volvo,XC60,2027,New,32,67160,68981,71950,76100,82495,73120,12,16
NB,Volvo,XC90,2026,Used,10,71994,72244,73994,74744,79004,75204,20768,14
NB,Volvo,XC90,2027,New,16,84750,86800,87900,91275,93942,89204,12,36
NL,Audi,Q3,2026,New,18,59601,60601,63351,66891,67891,63807,90,58
NL,Audi,Q5,2026,New,25,70855,75191,78351,80242,81541,76952,90,58
NL,BMW,X1,2026,New,11,56900,58050,59100,66350,68300,61523,90,61
NL,BMW,X3,2026,New,10,62800,66300,67050,71088,82535,70820,90,26
NL,Buick,Enclave,2026,New,26,66808,68926,71728,76041,79676,72538,16,55
NL,Buick,Encore GX,2026,New,72,37279,38665,40200,42184,43642,40505,6,54
NL,Buick,Envision,2026,New,78,49688,51690,52338,53729,55687,52652,10,43
NL,Buick,Envista,2026,New,72,33280,34228,35038,36834,37745,35395,12,54
NL,Chevrolet,Blazer,2026,New,12,50902,53173,57807,60093,61868,56668,18,56
NL,Chevrolet,Bolt EV,2027,New,14,43803,44562,47396,50098,53024,47818,90,24
NL,Chevrolet,Colorado,2026,New,58,53118,55560,58582,63300,67226,59504,90,40
NL,Chevrolet,Equinox,2026,New,14,39638,43493,46158,49643,50155,45891,12,54
NL,Chevrolet,Equinox,2027,New,94,41207,43532,44362,46008,49889,45000,90,24
NL,Chevrolet,Silverado 1500,2026,New,191,67434,72761,76907,84002,88833,78101,90,43
NL,Chevrolet,Silverado 1500,2026,Used,19,70389,72356,80082,85768,92067,80484,7106,55
NL,Chevrolet,Silverado 2500,2026,New,17,87605,94038,99599,106779,115033,100385,12,58
NL,Chevrolet,Silverado 2500HD,2026,New,18,96924,104391,105905,107373,116192,106458,90,54
NL,Chevrolet,Suburban,2026,New,10,99861,112262,116404,117478,117857,112840,90,54
NL,Chevrolet,Tahoe,2026,New,20,96163,97681,109126,114633,116911,107625,90,52
NL,Chevrolet,TrailBlazer,2026,New,41,37190,39203,40412,41568,42537,40093,31,54
NL,Chevrolet,Traverse,2026,New,29,59138,60228,61884,66970,72768,63763,52,51
NL,Chevrolet,Traverse,2027,New,10,60852,60852,61347,61422,68126,63108,90,22
NL,Chevrolet,Trax,2026,New,111,31358,32077,33409,34296,34839,33195,25,54
NL,Chrysler,Grand Caravan,2026,New,20,48995,49195,49640,50490,50800,49833,0,55
NL,Dodge,Durango,2026,New,14,56999,57990,59928,61366,72506,61976,13,55
NL,Dodge,Durango,2027,New,18,67830,67930,73328,73675,77344,72028,,16
NL,Ford,Bronco,2025,New,10,57815,58029,67172,77914,81176,69330,121,27
NL,Ford,Bronco,2026,New,69,54151,57541,65360,73526,76771,66228,58,27
NL,Ford,Bronco Sport,2025,New,37,40475,42444,46530,47904,50613,45316,42,34
NL,Ford,Bronco Sport,2025,Used,12,35394,39635,42262,45530,47770,42530,9719,45
NL,Ford,Bronco Sport,2026,New,380,37427,38256,40668,44547,46590,41522,24,39
NL,Ford,Explorer,2026,New,44,52444,54568,59056,61623,66220,59075,35,29
NL,Ford,F-150,2022,Used,20,37590,39734,41492,47623,51995,42744,87937,20
NL,Ford,F-150,2023,Used,26,42990,45992,49791,55494,58784,50296,64322,24
NL,Ford,F-150,2025,New,15,64624,66075,66075,67735,77785,68167,90,62
NL,Ford,F-150,2025,Used,11,51990,54992,69310,77785,81225,67461,10800,15
NL,Ford,F-150,2026,New,364,59166,67535,70690,76818,86478,73200,31,29
NL,Ford,F-150,2026,Used,30,64448,66832,69675,70888,71940,69359,90,62
NL,Ford,Maverick,2026,New,50,40040,41981,44690,49330,50875,45184,90,30
NL,Ford,Mustang,2026,New,10,66889,69968,74391,79634,81366,74951,26,34
NL,Ford,Ranger,2026,New,58,45460,49771,52893,59454,70337,56217,79,27
NL,Ford,Super Duty,2026,New,37,68244,68263,70385,75761,99384,76417,26,52
NL,Ford,Transit,2026,New,18,57628,69445,78132,81370,82322,74795,74,27
NL,GMC,Acadia,2026,New,46,63550,64990,66511,68862,70076,66839,18,54
NL,GMC,Canyon,2026,New,56,60360,61465,62884,64160,69426,63842,18,54
NL,GMC,Sierra,2026,New,13,76632,77878,83168,98422,119830,92259,30,52
NL,GMC,Sierra 1500,2026,New,316,63730,65616,69790,76969,87470,73144,11,54
NL,GMC,Sierra 1500,2026,Used,17,70679,72668,72668,73681,78451,73630,16000,55
NL,GMC,Sierra 2500,2026,New,20,84095,91416,103746,117245,121068,103917,10,55
NL,GMC,Sierra 2500HD,2026,New,60,80318,86730,96574,110040,116663,98536,20,54
NL,GMC,Terrain,2026,New,16,42483,42732,43556,48404,50361,45543,5,54
NL,GMC,Terrain,2027,New,230,43176,43789,48420,50292,52984,47946,12,16
NL,GMC,Yukon,2026,New,31,101966,106544,114283,122214,130183,115139,30,54
NL,Honda,Accord,2026,New,10,41065,48155,48674,48674,48684,47051,12,52
NL,Honda,CR-V,2017,Used,11,13995,14745,16995,17677,18495,16328,157779,37
NL,Honda,CR-V,2019,Used,15,20187,22138,22995,23995,24212,22270,95810,31
NL,Honda,CR-V,2021,Used,14,24555,25912,26902,28326,29573,26863,90390,26
NL,Honda,CR-V,2022,Used,11,23995,25995,27377,31192,32995,27620,113798,33
NL,Honda,CR-V,2023,Used,19,31435,32634,33838,35438,39788,34304,61635,51
NL,Honda,CR-V,2024,Used,20,30883,34932,36942,38349,41808,36477,50032,39
NL,Honda,CR-V,2025,Used,13,29955,31175,35999,44323,45389,37210,12740,23
NL,Honda,CR-V,2026,New,350,42519,45575,46119,49799,53804,47350,10,17
NL,Honda,Civic,2022,Used,13,22909,22995,24397,26888,28316,24935,85241,18
NL,Honda,Civic,2024,Used,10,24836,25335,27858,29188,30488,27940,42006,13
NL,Honda,Civic,2026,New,124,30814,34230,34774,37163,40074,35205,11,40
NL,Honda,HR-V,2027,New,80,35200,38500,39044,39044,41844,38564,11,24
NL,Honda,Ridgeline,2026,New,14,56591,58790,61190,61709,61734,60073,14,28
NL,Hyundai,Elantra,2025,Used,12,19675,20050,23995,24470,26484,23386,10376,20
NL,Hyundai,Elantra,2026,New,117,25849,27649,29849,34349,34737,30929,10,52
NL,Hyundai,Elantra,2026,Used,20,27224,27649,28924,32386,34349,29824,386,62
NL,Hyundai,Kona,2026,New,46,31897,33899,36349,38899,40499,36434,25,39
NL,Hyundai,Kona,2026,Used,12,33629,34724,36849,37562,38919,36399,2316,62
NL,Hyundai,Kona,2027,New,45,32399,34599,34599,37049,40109,35935,10,7
NL,Hyundai,Palisade,2026,New,37,63399,64899,65349,65349,68299,65311,25,26
NL,Hyundai,Santa Fe,2026,New,23,50549,50549,50549,56299,59299,53453,10,32
NL,Hyundai,Tucson,2023,Used,11,23175,24635,25175,27745,28395,25913,37497,19
NL,Hyundai,Tucson,2025,Used,14,31995,35245,48824,53574,55281,44429,10108,58
NL,Hyundai,Tucson,2026,New,87,39829,46045,46699,47049,49999,45822,10,38
NL,Hyundai,Tucson,2026,Used,47,38329,41149,45699,47049,50239,44085,2979,62
NL,Hyundai,Venue,2026,New,10,24649,26412,26749,27086,27404,26624,25,2
NL,Jeep,Cherokee,2026,New,41,48580,48580,49980,55675,57180,52191,0,55
NL,Jeep,Compass,2026,New,47,35050,38842,41085,44185,46720,41202,0,55
NL,Jeep,Gladiator,2026,New,29,55705,58695,60245,67240,75568,63358,20,55
NL,Jeep,Grand Cherokee,2026,New,18,66164,66949,68475,72655,78440,71509,0,55
NL,Jeep,Wrangler,2026,New,71,53720,60035,64020,66620,74270,63599,0,55
NL,Kia,Carnival,2026,New,57,48237,48979,51429,53879,58380,52319,10,33
NL,Kia,K4,2026,New,26,28422,29055,29879,30613,33279,30420,99,25
NL,Kia,Seltos,2022,Used,13,19995,20799,21995,22995,23795,21809,65436,33
NL,Kia,Seltos,2024,Used,11,22995,23828,24634,27248,27995,25376,42903,24
NL,Kia,Seltos,2027,New,25,31101,31479,32630,38930,41661,34680,18,12
NL,Kia,Sorento,2026,New,22,50830,51180,51679,53584,58929,53503,15,57
NL,Kia,Sportage,2023,Used,16,23995,24846,27695,30141,30988,27817,71900,33
NL,Kia,Sportage,2026,New,42,36930,40730,44529,48767,51626,44626,10,34
NL,Kia,Sportage,2027,New,18,44075,44180,44814,48413,50530,46430,10,3
NL,Mazda,CX-30,2026,New,64,31892,32265,35090,40841,43712,36265,13,37
NL,Mazda,CX-5,2023,Used,13,26780,27634,28647,29785,32256,29038,48510,22
NL,Mazda,CX-5,2026,New,121,38790,38995,41940,48995,49440,43821,10,36
NL,Mazda,CX-70,2026,New,26,52245,56440,58865,60882,65167,58996,10,42
NL,Mazda,CX-90,2026,New,49,53010,54844,57690,61740,63790,58332,12,62
NL,Mazda,Mazda3,2026,New,44,28086,29869,31540,37444,39678,33357,15,51
NL,Mercedes-Benz,GLC-Class,2026,New,14,71690,73105,74930,77480,79690,75442,90,51
NL,Mercedes-Benz,GLE-Class,2026,New,14,105335,106361,109211,110771,114287,110634,90,51
NL,Mercedes-Benz,Sprinter,2026,New,11,74741,77676,80529,88082,93916,82536,90,51
NL,Mitsubishi,Eclipse Cross,2026,New,41,35258,35558,38908,42658,44358,39507,100,56
NL,Mitsubishi,Outlander,2026,New,21,44708,47658,47958,55608,55758,50765,100,56
NL,Nissan,Kicks,2026,New,102,31348,31828,32078,34472,37798,33362,11,51
NL,Nissan,Rogue,2023,Used,13,24937,25965,27995,29995,29995,27669,50815,55
NL,Nissan,Rogue,2026,New,206,37278,41128,41786,44478,49078,42676,11,26
NL,Nissan,Sentra,2026,New,70,29218,29468,30568,32413,34223,30948,11,51
NL,Ram,1500,2026,New,174,66975,67570,74852,83715,88964,77294,0,55
NL,Ram,1500,2027,New,64,74855,76425,80760,94290,99709,85220,,14
NL,Ram,2500,2026,New,51,74715,81342,90100,108428,117650,94411,36,55
NL,Ram,2500,2027,New,24,96220,98601,104198,106500,117447,104145,,8
NL,Ram,ProMaster,2026,New,10,70814,71554,72310,72808,73232,72008,0,55
NL,Subaru,Crosstrek,2024,Used,19,28797,28998,29995,30998,31998,30151,50113,33
NL,Subaru,Crosstrek,2026,New,24,35676,38676,44426,45676,45676,41864,90,16
NL,Subaru,Crosstrek,2026,Used,13,36276,38676,38676,45676,45676,40599,3942,61
NL,Subaru,Forester,2026,New,23,39276,39276,46776,53776,53776,46341,90,36
NL,Subaru,Forester,2026,Used,22,39276,44276,47776,48776,53276,46299,3175,61
NL,Toyota,Camry,2026,New,39,34140,36093,38977,44492,46604,40287,10,16
NL,Toyota,Corolla,2026,New,50,24568,27375,29686,31674,35200,29812,10,30
NL,Toyota,Corolla Cross,2026,New,35,30745,32821,36348,37278,38164,35238,5,12
NL,Toyota,Grand Highlander,2026,New,35,52790,53690,61818,63183,66910,59916,,17
NL,Toyota,RAV4,2026,New,68,39441,43182,47014,50415,55634,47198,5,12
NL,Toyota,Sienna,2026,New,39,49310,54662,56869,57815,63153,56761,10,10
NL,Toyota,Tacoma,2026,New,34,44607,45515,55492,69022,78295,59002,10,24
NL,Toyota,Tundra,2026,New,31,61715,68127,78455,84416,87304,75928,5,24
NL,Toyota,bZ,2026,New,13,39313,42319,48020,57053,63284,50694,5,22
NL,Volkswagen,Atlas,2026,New,28,63342,63867,65542,66342,67042,65342,90,62
NL,Volkswagen,Atlas Cross Sport,2026,New,17,61442,62242,64442,64442,64442,63583,90,62
NL,Volkswagen,Tiguan,2026,New,25,41692,45192,49192,49692,52392,47972,90,39
NL,Volkswagen,Tiguan,2026,Used,10,41692,41692,45692,49692,49692,45692,90,62
NL,Volvo,XC60,2027,New,14,65970,70531,72385,77278,87378,74800,14,11
NS,Acura,ADX,2026,New,13,52112,52832,52832,53432,57332,53740,10,22
NS,Audi,A5,2025,New,10,61720,63565,69190,71472,72390,67693,26,58
NS,Audi,Q3,2026,New,26,55200,56540,57300,62690,63745,58128,16,58
NS,Audi,Q5,2025,New,15,70214,71590,72490,72490,72850,71219,22,58
NS,Audi,Q5,2025,Used,10,53890,54464,58842,66715,70915,60856,19084,47
NS,Audi,Q5,2026,New,45,65790,68990,73640,75940,75940,71949,14,58
NS,Audi,Q7,2026,New,15,88415,88615,93865,100240,106625,95642,17,58
NS,BMW,X1,2025,Used,11,40154,42392,43990,43992,44689,43122,26600,38
NS,Buick,Enclave,2026,New,31,62039,65524,68399,69853,70887,67970,9,56
NS,Buick,Encore GX,2026,New,67,34912,36332,37564,40039,41957,38108,10,39
NS,Buick,Envision,2026,New,86,47567,49244,51292,53276,54470,51475,12,43
NS,Buick,Envista,2026,New,36,32264,32644,33908,35694,36594,34189,10,18
NS,Chevrolet,Blazer,2026,New,13,47853,50398,54089,58504,58965,53938,10,58
NS,Chevrolet,Bolt,2027,New,24,39514,40254,43109,44381,47178,42890,7,25
NS,Chevrolet,Colorado,2026,New,31,42299,49815,57443,59654,61888,54654,20,30
NS,Chevrolet,Equinox,2022,Used,13,20052,20491,22477,24777,24976,22635,62390,52
NS,Chevrolet,Equinox,2024,Used,10,23164,24877,26495,28897,30995,26309,52117,38
NS,Chevrolet,Equinox,2026,New,10,41114,41275,43381,47583,49917,44695,200,56
NS,Chevrolet,Equinox,2027,New,63,40386,42354,43549,44840,49400,44160,7,15
NS,Chevrolet,Equinox EV,2026,New,20,43439,47114,48899,49904,52399,48424,30,14
NS,Chevrolet,Silverado,2026,New,125,58976,69439,69439,70363,85764,71931,7,17
NS,Chevrolet,Silverado 1500,2021,Used,13,27972,29998,34990,36995,41453,34419,122577,29
NS,Chevrolet,Silverado 1500,2022,Used,15,27797,34244,39877,46995,49993,39614,98000,21
NS,Chevrolet,Silverado 1500,2023,Used,12,35022,35809,41990,49986,50895,42405,90058,20
NS,Chevrolet,Silverado 1500,2024,Used,22,43638,46200,48994,57370,63105,52448,38934,38
NS,Chevrolet,Silverado 1500,2025,Used,14,43638,44996,49428,51985,58243,48268,52770,38
NS,Chevrolet,Silverado 1500,2026,New,132,60793,66317,73736,82374,87948,74984,30,39
NS,Chevrolet,Silverado 2500,2026,New,33,79759,82116,94617,101883,112919,94419,10,51
NS,Chevrolet,Tahoe,2026,New,16,97696,101668,107498,113951,117939,108044,10,40
NS,Chevrolet,TrailBlazer,2026,New,51,33994,35500,38358,40653,42084,38112,20,51
NS,Chevrolet,Traverse,2026,New,20,57348,59048,63193,70309,70894,63698,8,53
NS,Chevrolet,Trax,2026,New,151,29793,30589,31649,32889,33166,31889,10,58
NS,Chrysler,Grand Caravan,2026,New,12,42561,47932,48388,50515,50590,48155,0,55
NS,Chrysler,Pacifica,2025,Used,12,43068,45064,46494,54245,54995,48833,48626,18
NS,Chrysler,Pacifica,2027,New,32,54985,56176,59835,63799,64260,60163,5,47
NS,Dodge,Durango,2026,New,51,57630,62844,65175,72438,73700,66675,12,50
NS,Dodge,Hornet,2024,Used,15,26179,29995,34975,43942,46990,37179,11287,55
NS,Ford,Bronco,2026,New,68,55016,57336,60344,66502,72273,62431,45,33
NS,Ford,Bronco Sport,2022,Used,13,23145,24900,24999,26994,29195,25716,76563,41
NS,Ford,Bronco Sport,2023,Used,19,24284,24980,25495,28183,31495,28441,69331,37
NS,Ford,Bronco Sport,2024,Used,16,28470,29678,32429,34166,35495,32136,30499,38
NS,Ford,Bronco Sport,2025,New,20,39365,41815,42150,45942,50408,43777,24,60
NS,Ford,Bronco Sport,2025,Used,19,30495,30895,32495,34642,37093,33690,31283,40
NS,Ford,Bronco Sport,2026,New,411,36312,37440,41011,44700,47411,41425,12,43
NS,Ford,Edge,2022,Used,12,18803,21785,25948,27245,28895,25506,85140,42
NS,Ford,Escape,2018,Used,13,2400,8200,12495,13997,17300,11461,140000,22
NS,Ford,Escape,2020,Used,17,14286,17997,20995,22995,35244,21725,104776,38
NS,Ford,Escape,2021,Used,15,18992,19142,21995,22942,24538,21441,92700,47
NS,Ford,Escape,2022,Used,22,19870,21687,22992,25745,26995,23472,70707,40
NS,Ford,Escape,2023,Used,10,20618,24912,26732,28995,31263,26854,69761,35
NS,Ford,Escape,2024,Used,12,26771,27872,30892,32464,33894,30634,44530,43
NS,Ford,Escape,2025,Used,19,29147,31242,32995,34992,36874,32794,20567,47
NS,Ford,Explorer,2026,New,78,54455,55772,60704,63223,67503,60606,33,54
NS,Ford,F 150 Xlt,2026,New,26,69917,70468,70468,72162,74086,71713,8,55
NS,Ford,F 250 Xlt,2026,New,12,74961,74961,83876,83876,84559,80992,16,55
NS,Ford,F-150,2016,Used,10,16785,17498,17997,20554,22389,19179,198892,26
NS,Ford,F-150,2018,Used,10,13850,15268,17992,23389,28253,19807,203772,38
NS,Ford,F-150,2019,Used,13,19799,26995,29985,30789,32167,28609,147202,30
NS,Ford,F-150,2021,Used,14,25748,29988,36858,40434,44194,35438,122944,34
NS,Ford,F-150,2022,Used,28,28615,33946,39082,43238,45880,36810,108058,20
NS,Ford,F-150,2023,Used,46,39040,41365,44219,47888,58742,46014,82009,30
NS,Ford,F-150,2024,Used,37,44324,47789,50987,53995,70212,55367,53079,24
NS,Ford,F-150,2025,Used,21,51799,53789,57149,66785,92526,65270,25100,47
NS,Ford,F-150,2026,New,570,60489,66870,70936,79467,87600,74821,22,34
NS,Ford,F-150,2026,Used,12,60669,67024,74199,94485,112626,81864,7698,62
NS,Ford,F-250,2026,New,31,72778,79582,86909,104110,114474,92333,40,52
NS,Ford,Maverick,2026,New,147,41095,42946,44678,47594,49489,45077,21,43
NS,Ford,Mustang,2026,New,31,40026,48252,61668,75486,85003,62285,17,55
NS,Ford,Mustang Mach-E,2026,New,21,48824,51958,54383,57489,59432,55000,17,38
NS,Ford,Ranger,2026,New,53,50034,51121,53753,58794,61888,56032,25,37
NS,Ford,Super Duty,2026,New,19,70937,75090,86809,109764,127054,93803,26,39
NS,Ford,Super Duty F-250 SRW,2026,New,16,72486,76077,85102,99386,106172,88319,66,51
NS,Ford,Super Duty F-350 SRW,2026,New,11,78942,88892,100020,106106,110635,98427,14,55
NS,Ford,Transit,2025,Used,29,49985,53985,55985,56985,56985,54782,23831,30
NS,Ford,Transit,2026,New,31,64295,68768,72055,75568,78255,72410,20,55
NS,GMC,Acadia,2026,New,34,58450,61408,65103,68594,73408,65220,26,58
NS,GMC,Canyon,2026,New,41,55719,57921,59318,62719,65564,60835,10,55
NS,GMC,Sierra,2026,New,58,66372,73493,84708,116655,122109,91540,7,30
NS,GMC,Sierra 1500,2021,Used,13,28943,34777,35995,41995,44481,37110,140556,11
NS,GMC,Sierra 1500,2022,Used,11,35995,36870,40888,44162,44995,41127,89570,25
NS,GMC,Sierra 1500,2023,Used,14,34036,40475,44995,52232,58788,46058,81754,40
NS,GMC,Sierra 1500,2024,Used,24,41248,49446,52986,56199,68682,52109,63488,38
NS,GMC,Sierra 1500,2026,New,241,63252,67916,75794,83682,95179,77815,12,54
NS,GMC,Sierra 1500,2026,Used,13,61760,66254,74819,81995,83248,74566,7501,54
NS,GMC,Sierra 2500,2026,New,38,84442,91722,106562,119760,124267,105576,9,51
NS,GMC,Sierra 2500HD,2026,New,28,87101,96641,109216,119110,121551,107445,30,43
NS,GMC,Sierra 3500,2026,New,18,113620,120871,122748,133469,135474,123508,80,28
NS,GMC,Terrain,2022,Used,13,22979,23444,24488,24999,25582,24311,76416,51
NS,GMC,Terrain,2024,Used,26,24938,26425,27777,30174,34485,28507,60566,52
NS,GMC,Terrain,2027,New,109,43159,46374,47633,51779,53971,48471,10,28
NS,GMC,Yukon,2026,New,40,100932,107782,117032,128206,136929,118399,7,52
NS,Honda,Accord,2026,New,15,38500,39790,43700,47265,48780,43686,9,52
NS,Honda,CR-V,2018,Used,24,14055,15947,17982,18957,20196,17215,175908,26
NS,Honda,CR-V,2019,Used,14,15500,17638,20495,22183,26485,21449,142163,32
NS,Honda,CR-V,2020,Used,14,21913,23474,25496,27745,28696,25390,87175,24
NS,Honda,CR-V,2021,Used,23,22539,24687,25491,28698,30792,26112,106018,24
NS,Honda,CR-V,2022,Used,19,25358,27098,28495,30068,31198,28574,97644,42
NS,Honda,CR-V,2023,Used,28,27886,31742,34298,35995,38297,33154,84201,50
NS,Honda,CR-V,2024,Used,31,31994,32994,35491,37990,39876,35564,65365,55
NS,Honda,CR-V,2025,Used,28,33209,36360,38248,42770,43991,38795,41350,37
NS,Honda,CR-V,2026,New,473,42525,43375,46125,48650,51450,46527,7,51
NS,Honda,CR-V,2026,Used,15,44178,46622,47995,50366,52371,48193,11289,39
NS,Honda,Civic,2018,Used,14,12734,14942,16990,17971,20486,17340,134270,20
NS,Honda,Civic,2019,Used,15,8500,15394,17953,18948,21599,16523,151000,16
NS,Honda,Civic,2020,Used,11,15990,16374,17595,19994,20876,18354,144733,18
NS,Honda,Civic,2022,Used,20,21766,21995,23442,24996,28626,24388,93410,24
NS,Honda,Civic,2024,Used,25,24759,26995,27994,28994,33402,28292,34051,24
NS,Honda,Civic,2025,Used,17,27578,27995,29995,33236,34573,30637,30004,33
NS,Honda,Civic,2026,New,237,30370,32300,34780,36680,39180,34413,3,25
NS,Honda,HR-V,2024,Used,11,27995,29672,30741,31380,32888,30654,28748,9
NS,Honda,HR-V,2027,New,104,33450,36400,39050,39200,41850,38174,3,51
NS,Honda,Pilot,2026,New,10,63240,64400,64700,66575,67800,64870,10,20
NS,Honda,Ridgeline,2026,New,14,55995,57090,59115,60702,61575,58894,10,18
NS,Hyundai,Elantra,2020,Used,26,13985,13985,14985,15985,15990,14909,55758,38
NS,Hyundai,Elantra,2023,Used,11,19985,21692,22990,24244,24995,23203,55832,11
NS,Hyundai,Elantra,2024,Used,11,21490,22492,22998,24493,25990,24012,50062,25
NS,Hyundai,Elantra,2025,Used,29,23829,24459,24806,25995,29108,25671,37567,38
NS,Hyundai,Elantra,2026,New,142,26713,27799,29849,33749,34349,31002,12,43
NS,Hyundai,Kona,2024,Used,13,26174,26991,28995,29995,32491,29100,38689,25
NS,Hyundai,Kona,2025,Used,33,27917,28090,29345,29990,31565,29330,37430,43
NS,Hyundai,Kona,2026,New,82,31549,33549,36099,36374,39279,35507,9,43
NS,Hyundai,Kona,2027,New,52,32099,34512,36699,39399,40577,36367,10,10
NS,Hyundai,Palisade,2023,Used,11,37975,38920,39995,41618,48985,41335,78180,47
NS,Hyundai,Palisade,2024,Used,11,41477,43444,45062,46835,46990,43218,46687,36
NS,Hyundai,Palisade,2026,New,41,64699,64949,64999,65349,68149,65348,10,30
NS,Hyundai,Santa Cruz,2025,Used,13,36278,36995,38888,40689,40972,38823,35019,47
NS,Hyundai,Santa Fe,2017,Used,11,9995,10888,11755,16394,17995,13866,142165,30
NS,Hyundai,Santa Fe,2026,New,32,46232,47683,50549,59312,59649,52846,17,30
NS,Hyundai,Sonata,2026,New,11,38274,38349,38524,38749,38749,38929,17,43
NS,Hyundai,Tucson,2017,Used,11,9997,11246,13649,14497,15999,13010,131412,25
NS,Hyundai,Tucson,2019,Used,15,11560,13987,14998,16383,17595,15106,126474,43
NS,Hyundai,Tucson,2020,Used,11,14937,16449,16991,18336,20270,17497,119167,24
NS,Hyundai,Tucson,2021,Used,15,17391,18292,19990,21745,22595,19546,91695,32
NS,Hyundai,Tucson,2022,Used,22,19200,20993,22302,26766,28552,23063,85032,24
NS,Hyundai,Tucson,2023,Used,17,23989,24998,27690,28995,30357,26926,92376,24
NS,Hyundai,Tucson,2025,Used,23,29821,31842,36298,44990,48979,38444,31076,55
NS,Hyundai,Tucson,2026,New,211,37499,41199,45949,47449,50199,44690,11,43
NS,Hyundai,Tucson,2026,Used,10,35500,37715,39656,44743,47066,41032,8668,48
NS,Hyundai,Venue,2025,Used,14,22392,22626,22939,23846,24033,23004,38325,38
NS,Hyundai,Venue,2026,New,21,24999,26599,27199,29149,29249,27442,11,11
NS,Infiniti,QX65,2027,New,15,73576,74026,74026,80776,80776,77016,,21
NS,Jeep,Cherokee,2026,New,166,47022,48180,54380,57175,60052,52813,9,47
NS,Jeep,Compass,2025,Used,16,29985,31745,35995,35995,37645,34448,1309,51
NS,Jeep,Compass,2026,New,67,38340,41096,44830,47185,48737,43899,12,55
NS,Jeep,Compass,2026,Used,19,34763,35393,35975,40835,44784,38203,2895,51
NS,Jeep,Gladiator,2026,New,32,59692,60356,61992,66198,76823,64689,2,51
NS,Jeep,Grand Cherokee,2025,New,16,58300,62976,65865,66882,68800,64815,0,55
NS,Jeep,Grand Cherokee,2025,Used,10,52358,55294,60268,65611,68750,60359,10324,26
NS,Jeep,Grand Cherokee,2026,New,45,64567,65180,67880,72480,75640,69294,4,47
NS,Jeep,Grand Cherokee L,2026,New,16,67420,68119,70030,73611,75439,72024,11,55
NS,Jeep,Grand Wagoneer,2026,New,10,98405,99022,106012,123344,127705,109943,12,51
NS,Jeep,Wrangler,2023,Used,18,34994,37074,38985,39995,42595,39257,52311,38
NS,Jeep,Wrangler,2025,Used,12,39574,40774,51835,57661,59980,50242,5294,45
NS,Jeep,Wrangler,2026,New,97,50543,55950,64818,71413,76674,64985,12,51
NS,Kia,Carnival,2026,New,58,50406,52292,54598,58792,60895,55295,30,59
NS,Kia,Carnival,2027,New,24,45330,45639,48580,51230,58230,49816,30,11
NS,Kia,Forte,2023,Used,11,18390,18928,20990,22095,23295,20472,58559,47
NS,Kia,K4,2025,Used,17,22992,22998,24990,25595,26793,24958,31614,38
NS,Kia,K4,2026,New,31,26580,27080,31280,35398,37880,31640,26,12
NS,Kia,Niro,2026,New,22,33230,33356,34980,46989,51380,39960,30,56
NS,Kia,Seltos,2021,Used,15,15096,15996,18495,20186,23591,18547,105042,41
NS,Kia,Seltos,2023,Used,12,21070,22793,24239,24922,25446,23629,76730,45
NS,Kia,Seltos,2024,Used,18,21696,23990,24992,27595,29634,25474,65976,41
NS,Kia,Seltos,2025,Used,13,26858,27899,28495,29161,29930,28276,39335,38
NS,Kia,Seltos,2027,New,48,30980,31744,32980,36264,39826,34391,30,1
NS,Kia,Sorento,2026,New,29,46145,46180,49765,53645,58777,50836,30,52
NS,Kia,Sportage,2023,Used,17,22278,23193,26560,27495,30476,25975,88006,41
NS,Kia,Sportage,2026,New,143,36930,40948,43995,45865,49365,43746,30,42
NS,Kia,Sportage,2027,New,47,44180,44822,46965,49255,51055,47199,30,11
NS,Land Rover,Defender,2026,New,29,88758,96353,110024,120134,136262,110476,8,23
NS,Land Rover,Range Rover Sport,2026,New,12,106610,106700,122418,140315,143240,123585,12,54
NS,Land Rover,Range Rover Velar,2026,New,13,83190,84508,85448,88558,91083,86393,12,58
NS,Lincoln,Nautilus,2026,New,25,65480,67862,70103,73044,76478,70484,24,50
NS,MINI,Cooper,2026,New,11,32350,36690,37690,37690,46740,38115,90,46
NS,MINI,Countryman,2027,New,19,48600,50390,51990,52515,55610,52814,90,46
NS,Mazda,CX-30,2026,New,146,31595,32095,34495,36695,43690,35414,10,51
NS,Mazda,CX-5,2021,Used,14,16895,19847,21412,23970,26395,21591,125551,36
NS,Mazda,CX-5,2025,Used,28,29815,30466,31684,32422,33896,32008,46321,24
NS,Mazda,CX-5,2026,New,290,38995,39790,42290,44870,48995,42787,10,38
NS,Mazda,CX-70,2026,New,30,52840,57790,61665,64952,65164,60789,11,51
NS,Mazda,CX-90,2026,New,64,53395,53795,57995,61945,65944,58450,11,42
NS,Mazda,Mazda3,2026,New,207,28240,29290,32545,36545,39340,33257,10,38
NS,Mercedes-Benz,GLE-Class,2026,New,13,95908,107454,114170,137114,149489,120315,0,61
NS,Mercedes-Benz,Sprinter,2026,New,19,81772,84368,98375,103086,106249,93847,0,32
NS,Mitsubishi,Eclipse Cross,2025,New,12,29616,34536,35398,37948,38083,35436,229,41
NS,Mitsubishi,Eclipse Cross,2026,New,175,32323,35523,35823,39273,41273,36519,6,41
NS,Mitsubishi,Outlander,2024,Used,19,29809,30994,33455,39486,44464,36014,45615,41
NS,Mitsubishi,Outlander,2025,Used,12,31798,31888,32985,39618,46285,36074,25955,35
NS,Mitsubishi,Outlander,2026,New,136,41473,41773,50523,55048,63273,50461,7,34
NS,Mitsubishi,RVR,2026,New,51,29373,31223,34023,35673,38523,33387,6,43
NS,Nissan,Kicks,2021,Used,13,16040,16888,18349,18997,21755,18529,80914,41
NS,Nissan,Kicks,2024,Used,24,19986,21994,23942,25114,25933,23417,29826,30
NS,Nissan,Kicks,2025,New,15,27190,30502,31579,32879,33029,31017,6,58
NS,Nissan,Kicks,2025,Used,24,22146,22790,23795,24988,26695,24078,43670,34
NS,Nissan,Kicks,2026,New,209,30933,31771,33233,34983,37773,33541,5,60
NS,Nissan,LEAF,2026,New,13,48683,50193,51093,52428,56612,51935,36,4
NS,Nissan,Pathfinder,2024,Used,17,41040,41995,44495,46995,49098,44258,40104,43
NS,Nissan,Pathfinder,2026,New,11,58883,63366,64183,65087,65333,63295,2,10
NS,Nissan,Qashqai,2023,Used,17,20540,22690,24985,27980,29984,24979,39099,41
NS,Nissan,Rogue,2021,Used,23,17193,19500,21995,24995,26994,21527,119769,38
NS,Nissan,Rogue,2022,Used,16,20458,21654,23034,25486,27995,23939,82418,34
NS,Nissan,Rogue,2023,Used,52,24076,25958,27674,28996,30829,27396,45892,50
NS,Nissan,Rogue,2024,Used,48,24764,26275,27985,29980,32983,28211,48422,38
NS,Nissan,Rogue,2025,New,16,33313,35435,40278,40278,42428,38538,11,62
NS,Nissan,Rogue,2025,Used,34,27225,28054,28944,30998,33990,30103,47596,42
NS,Nissan,Rogue,2026,New,338,37240,38463,42298,45976,50263,42849,7,54
NS,Nissan,Sentra,2023,Used,12,20007,20747,22841,23030,23735,22024,50946,58
NS,Nissan,Sentra,2024,Used,18,20988,21981,22896,23698,24990,22837,28422,28
NS,Nissan,Sentra,2026,New,84,29468,30564,31886,33339,34516,31810,7,60
NS,Ram,1500,2019,Used,12,28611,29898,33916,36243,40593,33824,142501,38
NS,Ram,1500,2022,Used,20,26296,36490,39485,45235,51177,41308,87116,38
NS,Ram,1500,2025,Used,16,47745,49979,58988,65495,76499,59736,18823,47
NS,Ram,1500,2026,New,295,66655,72830,81170,91132,98558,82399,12,47
NS,Ram,1500,2027,New,99,70419,75360,91070,97700,99678,88918,12,13
NS,Ram,1500 Classic,2023,Used,13,33136,33888,34993,37975,39445,35673,80822,17
NS,Ram,2500,2022,Used,11,44491,51989,59991,65485,69975,64570,97000,29
NS,Ram,2500,2026,New,147,81188,85850,93695,106488,115670,96565,12,47
NS,Ram,2500,2027,New,47,94070,99155,105595,114385,123826,106725,12,2
NS,Ram,3500,2026,New,90,76366,84779,97140,115654,121272,99390,12,47
NS,Ram,3500,2027,New,29,94166,104590,111430,128585,135910,113763,,2
NS,Ram,ProMaster,2025,Used,24,47985,47985,49985,52995,55107,50606,18612,38
NS,Ram,ProMaster,2026,New,12,60126,62830,66835,72864,73430,67148,0,51
NS,Subaru,Crosstrek,2024,Used,19,26808,26997,28995,30246,34195,29657,51117,38
NS,Subaru,Crosstrek,2026,New,53,35990,36408,37908,40908,43408,38595,4,11
NS,Subaru,Forester,2026,New,76,37008,43570,45299,48508,51508,45139,5,42
NS,Subaru,Outback,2026,New,43,43708,50590,51590,54008,54008,50546,4,11
NS,Toyota,Corolla,2022,Used,15,20985,21985,21985,22942,22985,21781,49923,38
NS,Toyota,Corolla,2024,Used,10,22697,24138,24991,26740,32282,26171,60281,38
NS,Toyota,RAV4,2021,Used,14,22739,23960,29492,31990,32693,28358,95402,16
NS,Toyota,RAV4,2022,Used,14,28263,29247,34465,37675,40940,34392,91052,28
NS,Toyota,RAV4,2023,Used,13,29988,30950,33990,38975,39978,34592,85595,14
NS,Toyota,RAV4,2024,Used,13,35108,36999,39990,43745,44791,40127,60330,18
NS,Toyota,RAV4,2025,Used,25,37381,38985,41985,47458,52990,43486,26736,16
NS,Toyota,RAV4,2026,New,25,39824,41650,50900,54256,56304,48621,10,4
NS,Toyota,Tacoma,2023,Used,10,43778,44914,45494,49660,56216,48638,71600,38
NS,Toyota,Tacoma,2026,New,41,51661,55027,62911,68081,81442,63893,10,15
NS,Toyota,Tundra,2024,Used,13,48991,48995,59985,62990,69995,58950,63000,17
NS,Toyota,Tundra,2026,New,44,64770,66326,75536,85410,92202,76645,10,27
NS,Volkswagen,Atlas,2026,New,43,59385,62345,64445,64856,65737,63036,16,54
NS,Volkswagen,Atlas Cross Sport,2026,New,35,60345,60826,63345,63950,64432,62440,11,31
NS,Volkswagen,Golf GTI,2026,New,18,40620,41095,42756,43720,45075,42695,13,38
NS,Volkswagen,Golf R,2026,New,11,54095,56070,57757,59645,59745,57507,14,54
NS,Volkswagen,Jetta,2024,Used,11,22374,23792,25689,26748,27495,25114,79237,52
NS,Volkswagen,Jetta,2025,Used,16,24581,24987,25766,28924,30644,26922,31818,48
NS,Volkswagen,Jetta,2026,New,47,29645,30456,31545,33145,36707,32185,16,55
NS,Volkswagen,Taos,2024,Used,16,24538,24841,24898,29134,33684,27194,55672,50
NS,Volkswagen,Taos,2025,Used,30,27980,28736,29495,30745,32719,29854,37008,41
NS,Volkswagen,Taos,2026,New,45,34810,39570,40981,42170,42594,39828,18,54
NS,Volkswagen,Tiguan,2018,Used,11,10888,10995,13991,16636,17860,13970,153341,25
NS,Volkswagen,Tiguan,2022,Used,13,21995,24990,26689,27995,28689,25912,95280,12
NS,Volkswagen,Tiguan,2023,Used,13,23047,24985,26595,28990,29345,26918,62575,22
NS,Volkswagen,Tiguan,2024,Used,30,25708,28926,32340,36494,38900,32017,59802,49
NS,Volkswagen,Tiguan,2026,New,128,39795,41923,46106,47795,49106,45223,16,42
NS,Volvo,XC40,2026,New,12,50630,51210,54898,60255,60938,55491,100,55
NS,Volvo,XC60,2026,New,10,63550,68224,82092,87780,89675,78470,100,55
NS,Volvo,XC60,2027,New,19,67323,68488,69640,73568,89468,73381,100,23
NS,Volvo,XC90,2026,New,11,85260,87948,99470,100968,101640,95487,100,55
NS,Volvo,XC90,2027,New,12,81835,85544,92830,100215,101542,92680,100,26
NT,Buick,Encore GX,2026,New,12,35442,39016,39125,39653,39920,38948,4,24
NT,Buick,Envision,2026,New,17,50457,50517,53571,53852,54191,52405,4,15
NT,Chevrolet,Blazer,2026,New,10,58100,60262,61846,62689,62699,60287,4,36
NT,Chevrolet,Equinox,2027,New,10,40199,40199,40694,40694,40704,40506,4,20
NT,Chevrolet,Silverado 1500,2026,New,28,60598,60815,70074,75739,76663,68833,4,31
NT,Chevrolet,TrailBlazer,2026,New,12,34841,35233,35233,38700,38700,36367,4,28
NT,Ford,Bronco Sport,2026,New,37,37912,38976,40648,43909,47143,41840,1,17
NT,Ford,F-150,2026,New,45,63990,69594,71820,78410,86637,75096,1,51
NT,GMC,Sierra 1500,2026,New,38,63719,64638,72920,73320,92862,73590,4,36
NT,GMC,Terrain,2027,New,23,42748,44099,52129,53116,53689,49166,4,20
ON,Acura,ADX,2025,Used,34,41116,42825,43770,44993,45495,43498,10460,51
ON,Acura,ADX,2026,New,744,51675,52275,54364,56973,57720,54487,35,46
ON,Acura,ADX,2026,Used,51,48721,50757,53612,57154,75620,55867,2147,55
ON,Acura,ILX,2013,Used,18,6778,7495,10000,11994,12928,9927,179682,37
ON,Acura,ILX,2016,Used,19,11792,12999,13998,14994,15998,13898,145559,12
ON,Acura,ILX,2017,Used,11,9900,14947,16495,19107,20993,16507,102858,22
ON,Acura,Integra,2024,Used,16,33092,34744,35997,51999,55990,41844,36682,23
ON,Acura,Integra,2025,Used,15,37388,38138,39488,39993,40959,38972,14749,56
ON,Acura,Integra,2026,New,75,44770,49103,50710,52432,62595,52063,25,51
ON,Acura,Integra,2026,Used,12,44980,47463,49687,53879,63485,52048,5388,55
ON,Acura,MDX,2011,Used,13,5960,6999,9500,11990,12792,9538,202000,21
ON,Acura,MDX,2013,Used,16,6974,8372,10450,12971,14495,10398,200170,27
ON,Acura,MDX,2014,Used,18,10966,13246,15247,16942,18074,15034,175673,20
ON,Acura,MDX,2016,Used,36,12875,14980,15997,18221,20711,17016,174349,22
ON,Acura,MDX,2017,Used,46,16506,17991,19934,21412,22843,19850,158386,24
ON,Acura,MDX,2018,Used,18,17326,18247,21497,25790,27440,22416,155132,22
ON,Acura,MDX,2019,Used,25,20100,21995,25995,28500,33793,25994,142302,21
ON,Acura,MDX,2020,Used,20,24794,26970,28884,32235,34288,29529,121414,22
ON,Acura,MDX,2022,Used,28,34470,37739,40996,44600,45710,40159,98608,26
ON,Acura,MDX,2023,Used,22,41183,44900,46745,50583,51792,47583,71805,31
ON,Acura,MDX,2024,Used,29,47862,49490,51580,54999,59495,53033,50985,22
ON,Acura,MDX,2025,Used,14,55158,57891,59149,61968,62584,59280,31910,19
ON,Acura,MDX,2026,New,473,73365,75129,77764,82120,94620,80187,50,17
ON,Acura,MDX,2026,Used,48,67278,70141,73912,79962,82508,75648,9920,55
ON,Acura,RDX,2011,Used,14,4840,5996,8992,11495,13554,8888,184110,22
ON,Acura,RDX,2013,Used,15,7695,8995,10495,13237,16795,11305,198640,23
ON,Acura,RDX,2014,Used,24,8995,10742,12999,14995,15876,12783,155938,24
ON,Acura,RDX,2015,Used,15,9020,11119,12995,15294,17298,13313,184591,37
ON,Acura,RDX,2016,Used,18,8939,13995,16497,18566,19146,15502,166680,20
ON,Acura,RDX,2017,Used,30,12994,16845,19292,21871,23044,18899,145740,20
ON,Acura,RDX,2018,Used,23,15595,16995,19500,21344,24850,19602,139622,21
ON,Acura,RDX,2019,Used,30,20999,24117,26984,29582,31726,26787,131984,19
ON,Acura,RDX,2020,Used,26,25364,28416,29996,31346,33672,29806,94066,24
ON,Acura,RDX,2021,Used,30,28345,29958,32496,34997,36525,32629,72290,28
ON,Acura,RDX,2022,Used,21,33490,35495,38500,40999,49100,39602,65860,18
ON,Acura,RDX,2023,Used,18,35802,38623,41676,45294,47230,42281,50072,24
ON,Acura,RDX,2024,Used,39,39794,42498,44888,47748,49678,45053,38526,23
ON,Acura,RDX,2025,Used,35,46743,48292,48998,51254,53402,49577,25635,36
ON,Acura,RDX,2026,New,244,62125,63161,67639,68070,69062,66209,25,62
ON,Acura,RDX,2026,Used,41,57902,60011,63377,68162,69062,63452,6500,60
ON,Acura,TL,2012,Used,17,8199,8999,11990,13998,14997,11721,163000,24
ON,Acura,TL,2013,Used,11,4590,10997,11998,13694,14450,11264,168976,21
ON,Acura,TLX,2015,Used,34,9407,11960,14222,16724,17999,14046,156079,21
ON,Acura,TLX,2016,Used,15,10359,12999,14999,17400,19519,15634,164918,23
ON,Acura,TLX,2018,Used,22,16046,17621,19440,21886,24719,19845,147056,12
ON,Acura,TLX,2019,Used,16,17442,19868,20992,23874,28494,21644,116088,20
ON,Acura,TLX,2020,Used,14,20646,21499,28969,29997,31410,27073,87566,32
ON,Acura,TLX,2021,Used,18,29755,30242,32744,35638,40989,33987,73588,14
ON,Acura,TSX,2012,Used,10,6860,6996,7794,9711,11140,8527,217859,21
ON,Alfa Romeo,Giulia,2026,New,14,71359,72077,72728,73164,73603,72512,20,56
ON,Alfa Romeo,Stelvio,2021,Used,11,24778,24944,25998,27438,27995,28844,72200,38
ON,Alfa Romeo,Stelvio,2022,Used,24,27258,28460,29942,32120,59395,34923,56858,40
ON,Alfa Romeo,Stelvio,2023,Used,10,32695,34913,35498,38718,41095,36374,36344,15
ON,Alfa Romeo,Stelvio,2026,New,53,72162,74083,75336,76045,76198,74655,22,62
ON,Alfa Romeo,Tonale,2026,New,17,60029,60429,62039,62895,64466,61679,0,62
ON,Audi,A3,2015,Used,12,6500,11748,13345,14702,15970,12790,161090,37
ON,Audi,A3,2016,Used,14,9995,10925,12438,13467,16249,12764,131208,22
ON,Audi,A3,2018,Used,21,11599,13800,15498,16995,19998,15822,118035,22
ON,Audi,A3,2019,Used,10,16898,17031,18988,21840,23194,20100,90643,16
ON,Audi,A3,2022,Used,19,24782,26150,27500,28235,29484,26988,59404,16
ON,Audi,A3,2025,Used,23,35745,37878,40046,41297,43900,40279,9665,58
ON,Audi,A3,2026,New,91,40000,46345,52473,55896,58443,50696,90,58
ON,Audi,A3,2026,Used,23,37601,39448,42988,46336,50023,43012,6823,58
ON,Audi,A4,2011,Used,15,4493,6275,9989,11898,14220,9495,144278,37
ON,Audi,A4,2012,Used,15,4377,6224,7499,9175,11048,7928,183350,24
ON,Audi,A4,2013,Used,25,7995,9495,11995,12990,16500,12231,125599,21
ON,Audi,A4,2014,Used,17,8150,9850,13800,14800,17135,12483,160679,21
ON,Audi,A4,2015,Used,30,9889,11196,13299,14871,18060,13640,139531,21
ON,Audi,A4,2016,Used,26,9997,11677,15438,17968,22300,15513,127864,22
ON,Audi,A4,2017,Used,67,12997,14650,16995,18947,24808,17922,128213,22
ON,Audi,A4,2018,Used,40,14854,16968,19147,20999,22588,19459,111961,24
ON,Audi,A4,2019,Used,17,18345,19999,21888,25950,29514,22920,109000,23
ON,Audi,A4,2022,Used,12,26719,27748,28994,30846,32434,29251,50634,24
ON,Audi,A4,2023,Used,27,26594,29189,32988,36872,41279,33730,65275,24
ON,Audi,A4,2024,Used,15,26994,26994,28990,34940,41749,31717,79660,38
ON,Audi,A5,2016,Used,14,11282,13397,15994,19995,21571,16621,135869,26
ON,Audi,A5,2018,Used,25,16997,18888,20999,24499,27717,21720,131761,24
ON,Audi,A5,2019,Used,18,18313,21120,21992,23514,25296,21802,110796,36
ON,Audi,A5,2022,Used,12,33132,34799,36732,39996,40000,37168,63392,39
ON,Audi,A5,2023,Used,31,31988,35988,37999,40444,44988,38692,62416,38
ON,Audi,A5,2025,New,37,65875,67843,69992,73693,74603,70471,160,58
ON,Audi,A5,2025,Used,57,45933,48500,52499,58285,66158,54012,7108,58
ON,Audi,A5,2026,New,126,64953,68285,71390,73646,74809,69135,90,58
ON,Audi,A6,2026,New,37,90895,94252,96540,97467,99792,94694,90,58
ON,Audi,Q3,2015,Used,20,8866,9799,10997,15211,22960,12993,154649,20
ON,Audi,Q3,2016,Used,25,9994,11750,12695,14999,16720,13360,136544,21
ON,Audi,Q3,2017,Used,19,11639,13750,15950,16950,18210,15358,130332,24
ON,Audi,Q3,2018,Used,46,13499,15612,16825,18520,20944,17298,123400,23
ON,Audi,Q3,2020,Used,23,19984,21400,23880,24997,27710,23729,86408,22
ON,Audi,Q3,2021,Used,15,19970,21493,23999,29997,34746,26064,85993,23
ON,Audi,Q3,2022,Used,58,25343,26984,28823,30384,32930,28836,69036,22
ON,Audi,Q3,2023,Used,24,26988,29506,32440,34096,37409,32328,60638,22
ON,Audi,Q3,2024,Used,28,34610,35791,36593,38924,43501,38119,35918,26
ON,Audi,Q3,2025,Used,20,35814,36867,39675,41246,45091,39686,28648,38
ON,Audi,Q3,2026,New,582,40000,56882,58451,62077,63996,56640,90,58
ON,Audi,Q3,2026,Used,37,53321,55016,57127,58159,61112,56894,1499,58
ON,Audi,Q5,2010,Used,12,4086,5724,8742,10196,10935,7926,191676,26
ON,Audi,Q5,2012,Used,18,6788,7922,9850,12350,13417,9968,165770,20
ON,Audi,Q5,2013,Used,14,6999,7548,10498,15372,16592,11607,160390,37
ON,Audi,Q5,2014,Used,39,9440,9995,11800,14249,15196,12141,145251,21
ON,Audi,Q5,2015,Used,31,9500,10944,12800,14247,17995,13058,149000,24
ON,Audi,Q5,2016,Used,28,8999,11870,14648,16340,18096,14132,145900,37
ON,Audi,Q5,2017,Used,44,10996,13318,14948,17124,18785,15262,143176,24
ON,Audi,Q5,2018,Used,80,15999,16999,18888,21559,25059,20140,120819,24
ON,Audi,Q5,2019,Used,49,17974,19888,21999,23400,26228,22720,106099,24
ON,Audi,Q5,2020,Used,33,20191,22891,24888,27888,29954,25952,106500,24
ON,Audi,Q5,2021,Used,36,20939,25965,29683,31996,35278,29117,80125,33
ON,Audi,Q5,2022,Used,60,25962,28529,31848,34140,36390,31195,74554,35
ON,Audi,Q5,2023,Used,95,28655,31560,34900,36990,39756,34372,64700,37
ON,Audi,Q5,2024,Used,66,30492,31196,38925,43794,47282,38383,60770,38
ON,Audi,Q5,2025,New,77,65850,66669,69462,72519,74036,69876,99,58
ON,Audi,Q5,2025,Used,148,47896,51966,54888,60189,71539,56742,9844,55
ON,Audi,Q5,2026,New,1190,65005,68620,72090,74696,76778,69932,90,58
ON,Audi,Q5,2026,Used,94,62700,65260,68937,73437,74803,68897,1754,58
ON,Audi,Q5 Sportback,2022,Used,13,33434,34950,37995,40995,42843,37853,61090,26
ON,Audi,Q5 Sportback,2023,Used,12,34545,35748,37770,39025,39939,37742,73464,42
ON,Audi,Q5 Sportback,2026,New,164,72814,74787,76036,78438,80857,76035,90,58
ON,Audi,Q6 e-tron,2027,New,34,86265,89394,96231,99896,101567,92258,90,58
ON,Audi,Q7,2015,Used,17,10260,12989,16900,18888,21957,16339,184000,20
ON,Audi,Q7,2017,Used,23,15083,17919,19800,22497,37030,21786,147335,22
ON,Audi,Q7,2018,Used,51,18499,19850,21900,25944,28950,23423,138632,21
ON,Audi,Q7,2019,Used,26,19900,20992,24994,25998,27438,24872,134932,23
ON,Audi,Q7,2021,Used,19,30790,31930,32900,35480,39199,33853,89564,24
ON,Audi,Q7,2022,Used,34,33266,34812,37725,40641,44763,37802,82596,32
ON,Audi,Q7,2023,Used,25,36379,43999,48555,52888,58957,48574,71099,30
ON,Audi,Q7,2025,Used,17,62675,64777,69999,72995,74792,69039,20536,40
ON,Audi,Q7,2026,New,411,86021,90003,92769,95538,101743,92092,90,58
ON,Audi,Q7,2026,Used,45,60576,74995,80999,90002,94715,81546,8999,58
ON,Audi,Q8,2019,Used,15,30723,33394,34999,37166,41597,36200,87772,37
ON,Audi,Q8,2020,Used,11,32900,34838,37888,40442,43995,38374,81620,23
ON,Audi,Q8,2022,Used,10,43599,45382,46894,54395,57738,49457,80112,19
ON,Audi,Q8,2023,Used,15,49306,51492,57950,59945,63720,57311,65693,37
ON,Audi,Q8,2024,Used,10,66585,68055,70728,73349,74901,70484,48040,18
ON,Audi,Q8,2025,Used,22,63991,66121,73873,79995,87679,74521,26740,52
ON,Audi,Q8,2026,New,55,101105,102432,103866,108011,112710,104704,90,58
ON,Audi,RS,2026,New,17,171417,178495,183249,187843,191350,175055,90,58
ON,Audi,RS3,2026,New,50,84548,85427,88518,90711,93140,85928,90,58
ON,Audi,S3,2026,New,43,63407,65462,69808,71860,73379,68759,90,58
ON,Audi,S5,2018,Used,25,22866,24800,25888,29959,33779,27437,128000,24
ON,Audi,S5,2019,Used,15,25313,28238,32998,38450,40596,33473,78164,37
ON,Audi,S5,2022,Used,15,39872,43494,45887,50948,56400,47529,54395,37
ON,Audi,S5,2023,Used,13,43356,46777,51333,57880,62068,52523,45816,37
ON,Audi,S5,2024,Used,11,49790,49900,56999,59950,69999,57536,28103,19
ON,Audi,S5,2025,Used,15,64671,64990,67995,69342,72875,68392,14384,39
ON,Audi,S5,2026,New,77,40000,40000,80015,85525,88776,66030,90,58
ON,Audi,SQ5,2018,Used,13,18650,21995,23990,25999,28537,24712,121000,37
ON,Audi,SQ5,2022,Used,23,38198,40176,41995,44748,47977,42610,70946,36
ON,Audi,SQ5,2023,Used,27,41592,44499,46995,49995,51992,47203,62016,38
ON,Audi,SQ5,2024,Used,16,48749,49998,51972,55998,58744,52693,49620,36
ON,Audi,SQ5,2025,Used,23,63189,67499,70988,74448,74995,70609,14858,38
ON,Audi,SQ5,2026,New,287,81156,85229,87863,90280,92298,84856,90,58
ON,Audi,SQ7,2026,New,24,126859,130184,134093,134922,138138,129432,90,58
ON,BMW,2 Series,2025,Used,16,36742,37873,44888,47149,52607,44707,13802,43
ON,BMW,2 Series,2026,New,125,53393,54426,55008,56299,75289,59075,90,50
ON,BMW,2 Series,2026,Used,65,50220,51528,54505,55527,57135,54200,1735,61
ON,BMW,2 Series,2027,New,24,54219,54379,55587,56008,56450,55350,90,10
ON,BMW,3 Series,2008,Used,12,7046,7868,10248,13082,14989,10878,139907,21
ON,BMW,3 Series,2009,Used,21,3999,5900,7995,9999,11999,7836,163443,20
ON,BMW,3 Series,2011,Used,36,4934,6605,9140,11218,13690,9212,144062,21
ON,BMW,3 Series,2012,Used,12,5189,6974,11772,13244,14436,10651,149214,20
ON,BMW,3 Series,2013,Used,52,6539,7998,10795,14998,16024,11348,161720,21
ON,BMW,3 Series,2014,Used,56,8997,10225,12997,16120,18500,13646,151100,21
ON,BMW,3 Series,2015,Used,26,9627,10924,12999,16728,20450,14144,148500,20
ON,BMW,3 Series,2016,Used,22,10727,12412,14996,16757,19988,15481,156000,21
ON,BMW,3 Series,2017,Used,28,10709,11674,14999,20148,26899,17253,144132,20
ON,BMW,3 Series,2018,Used,26,16319,16959,19388,21998,38499,22279,118886,22
ON,BMW,3 Series,2020,Used,27,21298,25594,27968,40250,46279,31341,103081,35
ON,BMW,3 Series,2021,Used,16,25268,26871,28134,31164,42499,30925,89350,26
ON,BMW,3 Series,2022,Used,14,30561,32925,33892,36144,47661,36583,74910,36
ON,BMW,3 Series,2023,Used,41,33880,37900,42915,45677,51990,43501,51775,33
ON,BMW,3 Series,2024,Used,24,45969,47874,55475,58100,62097,54227,19830,54
ON,BMW,3 Series,2025,Used,32,47888,52249,56449,61199,70658,57829,13473,54
ON,BMW,3 Series,2026,New,333,68706,71229,73631,75819,88524,75323,90,53
ON,BMW,3 Series,2026,Used,117,64115,65899,70054,72899,76342,70650,5635,56
ON,BMW,3-Series,2009,Used,10,7179,7524,7995,9496,11027,8411,196976,37
ON,BMW,3-Series,2011,Used,31,5999,6894,8995,11444,17995,11275,152684,37
ON,BMW,3-Series,2012,Used,11,7499,8495,10995,13900,14995,11205,149618,31
ON,BMW,3-Series,2013,Used,25,9349,9999,12320,14490,17957,12632,163000,37
ON,BMW,3-Series,2014,Used,24,9915,9998,11397,13615,15415,12028,148894,37
ON,BMW,3-Series,2015,Used,22,9899,10697,14247,19366,23849,15968,146828,30
ON,BMW,3-Series,2016,Used,19,10597,13150,15995,18799,22309,16656,136000,37
ON,BMW,3-Series,2017,Used,20,13289,13971,16994,18968,21741,17464,144878,22
ON,BMW,3-Series,2018,Used,23,11796,15997,19888,24499,31799,20647,127580,21
ON,BMW,3-Series,2019,Used,13,18174,20985,23900,24995,26596,22807,123662,24
ON,BMW,3-Series,2020,Used,16,24998,28497,34994,47499,50850,37238,81476,8
ON,BMW,3-Series,2022,Used,19,28949,31994,33995,35497,40397,34966,77180,20
ON,BMW,3-Series,2023,Used,17,36740,37990,38999,46980,52599,43132,62680,20
ON,BMW,4 Series,2014,Used,20,9984,12998,16495,20624,22736,16655,153252,22
ON,BMW,4 Series,2015,Used,15,11699,13240,14999,17997,24997,16609,155082,20
ON,BMW,4 Series,2016,Used,10,12257,14367,17907,25281,27089,19152,103680,20
ON,BMW,4 Series,2018,Used,17,18189,20950,28499,31998,35500,27202,124088,21
ON,BMW,4 Series,2019,Used,17,23596,25996,28871,33499,36510,29669,82000,28
ON,BMW,4 Series,2023,Used,10,41610,43890,47394,64173,69998,52635,40825,20
ON,BMW,4 Series,2024,Used,14,45000,56368,59946,64999,70610,59417,35370,20
ON,BMW,4 Series,2025,Used,10,52915,54907,56880,57665,65009,57522,29168,15
ON,BMW,4 Series,2026,New,183,70072,74675,76821,90144,93944,80395,90,53
ON,BMW,4 Series,2026,Used,31,65899,69208,73379,74880,78476,72696,6866,53
ON,BMW,4 Series,2027,New,94,73222,76858,86159,91854,102028,85390,90,43
ON,BMW,4-Series,2014,Used,10,9798,11912,17495,21499,23118,16962,146291,30
ON,BMW,4-Series,2016,Used,16,16400,16998,19882,20499,25968,20398,141816,22
ON,BMW,5 Series,2013,Used,17,7660,8992,11900,13990,19178,12246,154000,21
ON,BMW,5 Series,2014,Used,10,10648,11850,14245,18606,20499,15378,149951,20
ON,BMW,5 Series,2016,Used,14,9999,12996,15400,19724,20630,16069,152826,20
ON,BMW,5 Series,2018,Used,15,22212,27519,29988,32943,37324,29955,126000,38
ON,BMW,5 Series,2019,Used,10,23586,26668,30419,34465,38479,30778,104648,8
ON,BMW,5 Series,2026,Used,35,66821,75447,81068,88899,91857,81583,15698,61
ON,BMW,5 Series,2027,New,36,86938,88896,92298,104824,107614,96370,90,26
ON,BMW,5-Series,2013,Used,13,10179,12990,14998,16999,21039,15327,161735,24
ON,BMW,7 Series,2026,New,18,167975,174423,180868,189686,198312,181556,90,58
ON,BMW,8 Series,2026,New,18,140342,143900,149602,163130,164525,151703,90,58
ON,BMW,M2,2026,New,23,94492,95604,96556,97975,102766,98958,90,34
ON,BMW,M3,2027,New,15,117479,126190,133418,138960,144785,132208,90,42
ON,BMW,M4,2022,Used,13,79919,79999,87888,93998,97280,86891,54288,27
ON,BMW,M4,2027,New,36,128444,131776,139271,144966,146649,138243,90,47
ON,BMW,M5,2026,New,15,154456,159677,163961,166780,172827,163329,90,61
ON,BMW,M5,2027,New,60,156079,157879,166498,171309,176239,165141,90,54
ON,BMW,X1,2012,Used,31,5495,7484,8495,10942,11800,8841,151061,37
ON,BMW,X1,2013,Used,16,7097,9334,11825,14050,16235,11790,134634,22
ON,BMW,X1,2014,Used,18,6959,8123,8995,11117,12680,9586,149094,25
ON,BMW,X1,2015,Used,36,8750,9866,10997,12847,14900,11651,138716,21
ON,BMW,X1,2016,Used,31,11499,12847,13999,14800,15500,13878,136500,21
ON,BMW,X1,2017,Used,26,11444,12840,14239,15599,18942,15050,126402,23
ON,BMW,X1,2018,Used,29,12800,13995,15800,17880,18803,16117,123914,24
ON,BMW,X1,2019,Used,14,15877,17495,18992,19866,20670,18195,97485,37
ON,BMW,X1,2020,Used,10,17779,21200,22332,24338,26235,22741,103476,24
ON,BMW,X1,2021,Used,16,21694,22655,24994,27869,31938,26051,67256,24
ON,BMW,X1,2023,Used,69,30884,33977,36188,37953,39817,35517,42059,31
ON,BMW,X1,2024,Used,28,37344,39663,41344,43995,46927,41805,29054,33
ON,BMW,X1,2025,Used,51,39993,42899,45995,49914,55888,46977,18770,38
ON,BMW,X1,2026,New,779,59254,61240,63338,66318,72171,64309,90,53
ON,BMW,X1,2026,Used,129,52573,56899,60645,63884,68061,60362,4000,58
ON,BMW,X1,2027,New,150,56870,59036,61763,63593,70841,62219,90,25
ON,BMW,X2,2018,Used,20,14355,16974,18694,19928,21949,18861,114985,34
ON,BMW,X2,2025,Used,14,39157,43148,48926,54288,56510,48279,20099,47
ON,BMW,X2,2026,New,258,60389,62514,65928,71418,75634,67153,90,53
ON,BMW,X2,2026,Used,52,54888,58871,62031,65050,70267,62198,5958,54
ON,BMW,X2,2027,New,33,51536,64151,66299,72879,75679,66254,90,22
ON,BMW,X3,2013,Used,41,6888,7998,9999,11990,12995,9949,172509,21
ON,BMW,X3,2014,Used,29,7898,9600,9999,13495,14041,10973,149000,37
ON,BMW,X3,2015,Used,27,9997,12344,13999,16438,20220,15113,143000,24
ON,BMW,X3,2016,Used,17,11592,12495,16480,16995,18290,15496,150000,23
ON,BMW,X3,2017,Used,33,14074,15995,17299,18999,20896,18046,118000,23
ON,BMW,X3,2018,Used,39,17555,19882,21450,24344,29991,22323,122841,21
ON,BMW,X3,2019,Used,37,19253,20799,21770,30992,36337,25244,117667,33
ON,BMW,X3,2020,Used,27,22958,24942,26998,29938,40738,30243,93052,37
ON,BMW,X3,2021,Used,16,24692,25888,29997,32040,34938,29862,89475,37
ON,BMW,X3,2022,Used,46,31430,33495,35873,38748,42440,36283,64696,38
ON,BMW,X3,2023,Used,58,36630,38891,41999,44287,49237,42839,46822,38
ON,BMW,X3,2024,Used,79,37846,44620,47995,50994,61064,48111,39674,37
ON,BMW,X3,2025,Used,27,54592,56794,59990,74899,76899,65480,20589,38
ON,BMW,X3,2026,New,581,65288,67158,72688,77301,85606,73655,90,38
ON,BMW,X3,2026,Used,75,64283,68352,72588,80249,89753,74839,5510,56
ON,BMW,X4,2019,Used,14,26299,27916,29750,32746,35576,31688,108002,27
ON,BMW,X5,2013,Used,18,6346,10249,12997,14998,16824,12290,164622,22
ON,BMW,X5,2015,Used,24,13149,14970,17489,20246,21996,18025,167373,22
ON,BMW,X5,2016,Used,25,13997,16995,19988,23998,32394,21720,126480,37
ON,BMW,X5,2017,Used,22,18095,19916,21967,24665,35872,24901,148320,30
ON,BMW,X5,2018,Used,30,21755,22468,25825,27749,35729,27209,119106,22
ON,BMW,X5,2019,Used,40,32401,32998,35988,41850,47089,37576,103760,34
ON,BMW,X5,2020,Used,14,34216,37194,37984,39974,42871,38478,107660,30
ON,BMW,X5,2021,Used,27,35354,39394,43888,49694,56100,45735,87466,26
ON,BMW,X5,2022,Used,46,42469,44993,47896,51998,60494,50035,71750,37
ON,BMW,X5,2023,Used,43,49782,52500,54888,59956,66590,57438,70592,43
ON,BMW,X5,2024,Used,87,62555,63932,67998,72984,76238,69676,52000,43
ON,BMW,X5,2025,Used,19,69394,76400,83597,90442,107731,87564,29948,36
ON,BMW,X5,2026,New,256,105622,113173,133452,168096,185182,138812,90,54
ON,BMW,X5,2026,Used,64,96297,97875,105835,119648,138628,112336,5944,56
ON,BMW,X6,2023,Used,10,59079,64285,71616,80804,103698,74154,48304,37
ON,BMW,X6,2024,Used,17,75899,77820,80888,82995,90920,82211,46779,37
ON,BMW,X6,2025,Used,10,84710,85467,87732,87904,89407,87393,25638,38
ON,BMW,X6,2026,New,42,116879,119670,128884,180584,194796,145154,90,61
ON,BMW,X6,2026,Used,11,109374,111522,119678,139514,141218,127930,6385,61
ON,BMW,X6,2027,New,55,111046,117915,129308,175544,189183,144518,90,43
ON,BMW,X7,2022,Used,11,59995,61444,63317,69989,78800,65605,66000,22
ON,BMW,X7,2023,Used,11,64682,66888,67995,73239,89964,72033,68084,38
ON,BMW,X7,2024,Used,13,77098,79880,83498,87900,95408,87652,40974,38
ON,BMW,X7,2026,Used,11,113899,116946,122986,133418,144745,133894,11165,58
ON,BMW,X7,2027,New,81,137879,140015,146571,152571,157121,146763,90,39
ON,BMW,i4,2025,Used,18,58567,59891,66888,67662,82411,67118,10748,38
ON,BMW,i4,2026,New,142,76054,81596,86387,90564,94094,85835,90,47
ON,BMW,i4,2026,Used,64,77203,80652,84894,92106,96294,86360,90,56
ON,BMW,iX,2026,New,57,106523,112000,117506,122245,126715,118345,90,54
ON,BMW,iX,2026,Used,48,89925,96899,107709,117215,124037,108311,10556,58
ON,Buick,Enclave,2017,Used,13,10202,11999,14999,19995,23110,19319,171792,37
ON,Buick,Enclave,2022,Used,14,33196,36524,38492,40999,45690,38725,64818,26
ON,Buick,Enclave,2023,Used,10,31816,36971,40091,42527,46801,39368,51077,47
ON,Buick,Enclave,2024,Used,14,38552,45212,47294,49142,49982,45658,50432,40
ON,Buick,Enclave,2025,New,17,58891,61989,64269,66520,67725,64052,11,55
ON,Buick,Enclave,2025,Used,10,48099,51420,58246,64949,66583,57227,17052,14
ON,Buick,Enclave,2026,New,283,64617,67831,70912,72493,80436,71242,10,54
ON,Buick,Enclave,2026,Used,36,65754,66649,68998,72699,76704,70289,9430,53
ON,Buick,Enclave,2027,New,37,70197,71674,72492,80323,81539,74472,27,16
ON,Buick,Encore,2014,Used,20,7445,8870,9950,11121,12295,11027,153396,22
ON,Buick,Encore,2015,Used,21,5999,7990,9578,11499,13500,9801,139977,37
ON,Buick,Encore,2017,Used,31,6495,9938,11995,13948,16995,12384,146533,30
ON,Buick,Encore,2018,Used,33,9082,10999,12990,14998,16267,13077,130155,31
ON,Buick,Encore,2019,Used,35,13118,13998,15888,17443,19294,15791,111708,21
ON,Buick,Encore,2022,Used,12,18099,18995,19974,22174,22969,20443,70026,22
ON,Buick,Encore,2026,New,13,35899,39219,40483,41109,42365,39971,10,55
ON,Buick,Encore GX,2020,Used,13,15801,16880,18921,19950,21236,18535,90482,8
ON,Buick,Encore GX,2021,Used,19,16786,18739,19991,21252,24100,20039,87124,29
ON,Buick,Encore GX,2022,Used,21,19748,20995,23495,24888,26999,23631,65273,25
ON,Buick,Encore GX,2023,Used,20,22489,23668,26147,27221,28995,25314,50738,28
ON,Buick,Encore GX,2024,Used,73,24998,26995,28995,31471,31998,29121,25321,28
ON,Buick,Encore GX,2025,Used,24,28980,30186,30944,32184,39402,32633,17878,38
ON,Buick,Encore GX,2026,New,486,35854,37453,39358,41156,43198,39480,12,43
ON,Buick,Encore GX,2026,Used,44,35189,36948,38271,40782,44112,38912,7189,52
ON,Buick,Envision,2019,Used,13,16938,17049,20990,22995,24598,20149,81506,11
ON,Buick,Envision,2021,Used,23,21099,22000,24895,26296,27127,24228,92567,37
ON,Buick,Envision,2022,Used,33,23920,25898,27575,28956,31053,27721,72537,43
ON,Buick,Envision,2023,Used,60,27440,28857,31467,33995,36906,32067,48310,33
ON,Buick,Envision,2024,Used,43,33110,35404,37977,39946,41574,38370,33285,24
ON,Buick,Envision,2025,New,13,50172,50604,52440,54387,55474,52532,90,54
ON,Buick,Envision,2025,Used,17,39929,41694,44499,45510,49349,44010,12107,43
ON,Buick,Envision,2026,New,1734,47703,49474,51008,54033,55068,51536,10,50
ON,Buick,Envision,2026,Used,146,47016,49705,51072,54094,55739,51647,2558,53
ON,Buick,Envista,2024,Used,66,23992,25760,26988,28899,29844,26770,34761,40
ON,Buick,Envista,2025,Used,34,25279,26620,28646,28997,29941,28230,22132,34
ON,Buick,Envista,2026,New,666,32066,33142,34275,36094,37338,34571,12,40
ON,Buick,Envista,2026,Used,26,30659,31990,33174,35065,36408,33525,304,48
ON,Buick,Verano,2014,Used,10,5350,6620,8897,11747,13150,9927,147944,22
ON,Buick,Verano,2016,Used,10,5674,6059,9860,10990,15018,10287,147525,37
ON,Buick,gmc,2026,New,29,36074,48592,49405,54620,71514,51845,10,59
ON,Cadillac,ATS,2014,Used,10,8699,9622,10744,10949,12733,10914,156536,26
ON,Cadillac,ATS,2015,Used,17,6297,9888,12995,15990,18395,13447,145224,24
ON,Cadillac,ATS,2017,Used,11,12900,12999,14933,17497,18995,15570,144630,18
ON,Cadillac,CT5,2026,New,35,66203,68235,70478,72554,75019,70390,10,17
ON,Cadillac,Escalade,2016,Used,10,24795,26166,29994,31499,42088,34775,152650,32
ON,Cadillac,Escalade,2017,Used,11,28999,29747,34990,38148,39777,34130,157326,23
ON,Cadillac,Escalade,2023,Used,36,81370,93720,99800,108607,109999,102034,59858,20
ON,Cadillac,Escalade,2024,Used,12,92466,97300,106796,121484,124794,110595,32970,26
ON,Cadillac,Escalade,2026,New,143,148829,157829,165376,177662,185650,169081,16,27
ON,Cadillac,Escalade,2026,Used,12,147950,149920,161199,169501,180003,165336,8938,52
ON,Cadillac,LYRIQ,2024,Used,74,42912,43989,46997,51866,54693,48953,42990,26
ON,Cadillac,LYRIQ,2026,New,28,77684,78074,79044,95298,103919,85972,10,33
ON,Cadillac,LYRIQ,2027,New,38,77712,78607,81188,85284,95176,83867,40,10
ON,Cadillac,OPTIQ,2026,New,10,66196,71160,86554,92706,94456,82353,95,27
ON,Cadillac,OPTIQ,2027,New,146,64505,65765,67037,69507,71136,67791,10,10
ON,Cadillac,SRX,2014,Used,11,6998,8896,10990,13992,21480,12417,170271,17
ON,Cadillac,SRX,2015,Used,13,9172,9999,11499,15980,44686,18135,162000,32
ON,Cadillac,VISTIQ,2027,New,41,92951,93591,96437,97547,100463,96870,10,19
ON,Cadillac,XT4,2019,Used,13,21070,21995,23700,24900,24988,22884,104772,23
ON,Cadillac,XT4,2020,Used,18,19696,23238,25588,27745,30280,25566,86370,21
ON,Cadillac,XT4,2021,Used,16,24938,26748,28092,29995,31992,29001,82196,36
ON,Cadillac,XT4,2023,Used,24,30629,32831,34978,36473,38537,36263,59822,35
ON,Cadillac,XT4,2024,Used,57,37292,39117,41375,44000,46731,41624,39746,43
ON,Cadillac,XT4,2025,Used,11,45988,46948,48394,51652,53000,49112,24004,17
ON,Cadillac,XT5,2017,Used,18,15469,16596,19495,21897,22639,19105,132252,37
ON,Cadillac,XT5,2019,Used,15,19910,22238,23500,24250,24959,22776,113300,37
ON,Cadillac,XT5,2021,Used,17,25583,26995,27732,31716,35985,29262,128115,31
ON,Cadillac,XT5,2022,Used,10,28768,29692,33098,36330,38375,33363,64978,37
ON,Cadillac,XT5,2023,Used,21,32888,34899,38190,40995,43194,38289,49100,35
ON,Cadillac,XT5,2024,Used,19,34984,38394,44738,47950,50323,43388,44676,42
ON,Cadillac,XT5,2025,Used,12,46726,47741,55652,60070,63209,55003,20456,37
ON,Cadillac,XT5,2026,New,67,65319,68592,71805,74308,76359,70812,10,19
ON,Cadillac,XT6,2023,Used,13,40166,41999,46695,47498,48457,45216,59174,37
ON,Chevrolet,Blazer,2021,Used,13,20079,22695,25995,28565,30576,25571,108605,52
ON,Chevrolet,Blazer,2022,Used,14,24996,25598,27694,29749,31167,28713,81506,29
ON,Chevrolet,Blazer,2023,Used,25,24072,27995,30187,33888,37176,30472,76616,38
ON,Chevrolet,Blazer,2024,Used,25,27846,29490,34498,39498,41299,34721,53030,24
ON,Chevrolet,Blazer,2025,Used,15,44190,44635,45911,48995,51305,47067,21622,43
ON,Chevrolet,Blazer,2026,New,126,48953,51228,58274,60802,61504,56359,10,32
ON,Chevrolet,Blazer,2026,Used,16,48808,54664,59476,61299,62614,58235,5102,45
ON,Chevrolet,Blazer EV,2026,New,49,58497,60284,62978,72005,75000,65155,10,53
ON,Chevrolet,Bolt,2027,New,1005,36138,37936,41289,44409,46670,41448,10,33
ON,Chevrolet,Bolt,2027,Used,24,34384,36706,40644,46007,49695,41585,9,46
ON,Chevrolet,Bolt EUV,2023,Used,15,23360,23995,24963,26294,30946,25958,90149,12
ON,Chevrolet,Bolt EV,2027,New,211,39399,43414,44430,46735,50002,45041,10,29
ON,Chevrolet,Camaro,2018,Used,11,20999,22890,43998,48156,80516,43042,52326,23
ON,Chevrolet,Colorado,2018,Used,18,13994,15245,22442,25374,26996,20673,177482,22
ON,Chevrolet,Colorado,2019,Used,13,14578,19988,22995,26471,26792,21932,145979,24
ON,Chevrolet,Colorado,2020,Used,13,16595,23995,27500,31500,32905,26622,141800,23
ON,Chevrolet,Colorado,2021,Used,22,16395,23121,30495,34873,36990,29069,105850,14
ON,Chevrolet,Colorado,2022,Used,27,19192,24942,33500,41270,47902,33511,83870,24
ON,Chevrolet,Colorado,2023,Used,17,37547,39900,43195,46498,48959,43089,60117,29
ON,Chevrolet,Colorado,2024,Used,37,41152,45354,47904,51287,55481,48097,34266,23
ON,Chevrolet,Colorado,2026,New,377,50958,54763,57819,61486,67066,58637,11,38
ON,Chevrolet,Colorado,2026,Used,35,50771,54052,56750,60787,63257,57393,7520,52
ON,Chevrolet,Corvette,2019,Used,12,66098,69241,83994,129838,145210,96045,24057,9
ON,Chevrolet,Corvette,2021,Used,11,82888,84924,86995,87448,87999,86590,16694,8
ON,Chevrolet,Corvette,2023,Used,20,83499,89416,93091,98567,106388,97557,15514,38
ON,Chevrolet,Corvette,2024,Used,25,92962,95900,101995,165995,176798,123810,7644,27
ON,Chevrolet,Corvette,2025,New,26,121894,140966,163032,172865,190864,158701,16,53
ON,Chevrolet,Corvette,2025,Used,21,86388,88900,97262,149745,184980,119599,6999,27
ON,Chevrolet,Corvette,2026,New,212,93560,100562,157910,183632,199748,145592,10,53
ON,Chevrolet,Corvette,2026,Used,19,89359,89900,97054,150698,182122,118706,16000,50
ON,Chevrolet,Corvette,2027,New,178,100414,108107,131136,152199,189704,136149,10,25
ON,Chevrolet,Cruze,2011,Used,39,3990,4650,5899,6999,7598,6403,137433,37
ON,Chevrolet,Cruze,2012,Used,50,2995,4904,6199,6998,8074,6035,167321,37
ON,Chevrolet,Cruze,2013,Used,41,3750,5495,6495,7495,8000,6709,155250,24
ON,Chevrolet,Cruze,2014,Used,119,3820,5000,6998,8498,9996,7310,145773,36
ON,Chevrolet,Cruze,2015,Used,71,4950,6499,7998,8997,10999,8078,153080,26
ON,Chevrolet,Cruze,2016,Used,84,4996,6984,8503,9999,11829,8962,147250,29
ON,Chevrolet,Cruze,2017,Used,69,7457,8995,10999,12950,14999,11423,145287,24
ON,Chevrolet,Cruze,2018,Used,62,8904,9995,11500,12995,13999,12028,139430,24
ON,Chevrolet,Cruze,2019,Used,29,9794,10950,12495,13995,17600,12808,114260,34
ON,Chevrolet,Equinox,2010,Used,12,2020,3174,4999,5936,6860,4674,180400,37
ON,Chevrolet,Equinox,2011,Used,11,1999,3970,7900,9450,9995,6702,164000,37
ON,Chevrolet,Equinox,2012,Used,18,3525,5249,7499,8998,10178,7232,151543,37
ON,Chevrolet,Equinox,2013,Used,24,2620,4496,6249,7624,10578,6350,166958,22
ON,Chevrolet,Equinox,2014,Used,28,4080,5537,7990,10246,13566,8258,161773,24
ON,Chevrolet,Equinox,2015,Used,31,3999,6497,7999,11367,12999,8929,132000,30
ON,Chevrolet,Equinox,2016,Used,28,4972,6871,9597,11712,14061,9587,141000,33
ON,Chevrolet,Equinox,2017,Used,54,8900,9550,10722,12999,14806,11279,133675,32
ON,Chevrolet,Equinox,2018,Used,62,9999,11900,14238,17000,17922,14277,129026,25
ON,Chevrolet,Equinox,2019,Used,74,10149,12996,15910,17740,19978,15646,136908,30
ON,Chevrolet,Equinox,2020,Used,66,12993,15918,17940,19997,22996,18278,113586,32
ON,Chevrolet,Equinox,2021,Used,24,11545,16958,18720,22490,24698,18998,112404,34
ON,Chevrolet,Equinox,2022,Used,107,17476,19948,21995,24969,26197,23225,78729,28
ON,Chevrolet,Equinox,2023,Used,59,18976,20350,22495,25498,29031,23087,89831,37
ON,Chevrolet,Equinox,2024,Used,98,23423,24561,26996,29495,30982,27590,60444,37
ON,Chevrolet,Equinox,2025,Used,43,30531,33160,35700,36992,38998,35240,32738,28
ON,Chevrolet,Equinox,2026,New,201,39518,40921,44950,47380,50038,45245,11,53
ON,Chevrolet,Equinox,2026,Used,88,35929,36966,39844,43041,46729,40657,10798,46
ON,Chevrolet,Equinox,2027,New,1514,40740,42570,44480,48960,50492,45257,10,23
ON,Chevrolet,Equinox,2027,Used,21,40847,42704,43299,45394,47750,44006,16000,53
ON,Chevrolet,Equinox EV,2024,Used,10,34448,34985,36912,37745,38751,36880,37612,20
ON,Chevrolet,Equinox EV,2026,New,188,40671,43521,47098,50820,54676,47863,12,16
ON,Chevrolet,Express,2012,Used,10,5899,8874,17445,21474,25319,16407,205236,37
ON,Chevrolet,Express,2016,Used,13,7199,9900,12995,18999,22798,14551,235000,31
ON,Chevrolet,Express,2018,Used,16,11244,14625,17949,22374,24995,18113,187500,30
ON,Chevrolet,Express,2019,Used,11,17495,18782,21999,23747,28500,21545,173722,21
ON,Chevrolet,Express,2020,Used,11,14800,18649,22888,27995,29995,22995,141598,26
ON,Chevrolet,Express,2021,Used,18,21328,26123,34995,38990,39990,33755,35750,23
ON,Chevrolet,Express,2023,Used,16,29489,31983,34990,41990,46552,36635,80782,23
ON,Chevrolet,Express,2024,Used,11,34998,36494,38995,39995,41775,38465,48500,24
ON,Chevrolet,Express,2025,New,85,52611,53921,56033,60294,63151,57255,10,54
ON,Chevrolet,Express,2025,Used,20,44900,45968,46990,48996,57850,49053,4067,34
ON,Chevrolet,Express,2026,New,107,56088,58304,60782,61790,64593,60641,12,53
ON,Chevrolet,Malibu,2013,Used,11,3950,5997,6995,10477,13595,9362,188452,37
ON,Chevrolet,Malibu,2015,Used,17,5892,7888,10319,13495,14074,11043,108688,26
ON,Chevrolet,Malibu,2016,Used,14,7565,9286,10782,12946,14262,10918,150350,34
ON,Chevrolet,Malibu,2018,Used,17,8995,9999,13499,15999,17199,12963,135015,24
ON,Chevrolet,Malibu,2019,Used,22,10095,12925,14727,15813,16855,14167,139878,18
ON,Chevrolet,Malibu,2020,Used,10,14992,15125,17450,18971,23979,18915,88169,28
ON,Chevrolet,Malibu,2022,Used,14,14433,15624,18998,19943,22449,18977,105192,21
ON,Chevrolet,Malibu,2023,Used,48,17999,18997,21792,22990,23992,22092,83035,26
ON,Chevrolet,Malibu,2024,Used,40,20500,20995,23244,24623,26322,23295,65708,24
ON,Chevrolet,Orlando,2012,Used,12,5050,5870,6247,7123,7940,6412,189000,37
ON,Chevrolet,Silverado,2026,New,33,60904,62966,73733,78989,94867,74252,6,50
ON,Chevrolet,Silverado 1500,2010,Used,14,6631,7999,9247,10748,13505,9266,178096,34
ON,Chevrolet,Silverado 1500,2013,Used,22,11149,13575,15075,17719,18899,15707,168024,21
ON,Chevrolet,Silverado 1500,2014,Used,37,12138,14900,16950,18995,21795,16795,194600,24
ON,Chevrolet,Silverado 1500,2015,Used,40,12936,15900,18988,20924,23046,19179,178000,21
ON,Chevrolet,Silverado 1500,2016,Used,48,14439,17871,20497,24016,27595,21122,177588,21
ON,Chevrolet,Silverado 1500,2017,Used,107,16935,19400,23600,26894,29357,23196,168371,21
ON,Chevrolet,Silverado 1500,2018,Used,118,16596,19891,24900,28968,32996,24949,175764,21
ON,Chevrolet,Silverado 1500,2019,Used,58,19280,23999,28899,33674,39645,29028,138508,33
ON,Chevrolet,Silverado 1500,2020,Used,43,20340,26492,30449,36897,39998,31427,146796,24
ON,Chevrolet,Silverado 1500,2021,Used,78,24695,31996,37200,43336,45996,36634,121284,23
ON,Chevrolet,Silverado 1500,2022,Used,92,28995,31961,38995,45077,49998,39638,103492,24
ON,Chevrolet,Silverado 1500,2023,Used,119,36398,40995,46988,52942,58605,46944,79085,30
ON,Chevrolet,Silverado 1500,2024,Used,308,41999,47724,51584,56205,61657,52558,46512,35
ON,Chevrolet,Silverado 1500,2025,New,32,54138,60760,72104,92006,102391,75180,25,58
ON,Chevrolet,Silverado 1500,2025,Used,181,43995,45998,54995,60751,68888,55248,44237,50
ON,Chevrolet,Silverado 1500,2026,New,2895,61698,64890,72718,80244,87291,73449,10,36
ON,Chevrolet,Silverado 1500,2026,Used,154,62776,67996,74419,81899,87511,74721,8021,53
ON,Chevrolet,Silverado 1500 LTD,2022,Used,41,31999,34898,38995,44988,49800,39796,94838,37
ON,Chevrolet,Silverado 2500,2025,Used,19,59384,61992,65980,69988,83327,68317,51841,26
ON,Chevrolet,Silverado 2500,2026,New,76,78719,83432,95879,104529,107791,94924,25,30
ON,Chevrolet,Silverado 2500HD,2022,Used,10,31749,37740,46450,54374,63284,46876,125210,36
ON,Chevrolet,Silverado 2500HD,2023,Used,14,58996,60220,63942,69270,73846,66607,93626,25
ON,Chevrolet,Silverado 2500HD,2024,Used,35,54675,58492,62995,74188,79988,65763,67081,19
ON,Chevrolet,Silverado 2500HD,2025,New,11,71995,72049,87169,92260,107832,85551,12,60
ON,Chevrolet,Silverado 2500HD,2025,Used,25,64992,69500,79995,84995,98112,79843,35003,42
ON,Chevrolet,Silverado 2500HD,2026,New,366,78940,86800,97031,105780,110050,96435,12,43
ON,Chevrolet,Silverado 2500HD,2026,Used,13,86953,88834,100710,109214,112094,99850,10732,47
ON,Chevrolet,Silverado 3500,2026,New,10,94407,99468,107956,120888,123330,107866,6,8
ON,Chevrolet,Silverado 3500HD,2026,New,76,85456,95166,106102,112029,117403,103732,21,43
ON,Chevrolet,Silverado EV,2026,New,11,86294,87838,88581,109175,114538,97104,16,50
ON,Chevrolet,Sonic,2018,Used,13,7900,8988,9896,10000,10791,9431,130690,26
ON,Chevrolet,Spark,2017,Used,10,6246,8121,9992,11368,12560,9763,105364,22
ON,Chevrolet,Spark,2019,Used,11,9495,9992,11297,13349,14990,11587,112400,24
ON,Chevrolet,Spark,2020,Used,11,11989,12144,14270,15860,17990,14082,85452,30
ON,Chevrolet,Spark,2022,Used,13,12758,12995,14995,16500,17999,15188,71195,38
ON,Chevrolet,Suburban,2019,Used,10,24699,29748,35948,44577,46499,37364,164178,30
ON,Chevrolet,Suburban,2023,Used,11,56899,62995,69989,74238,77995,67966,93096,38
ON,Chevrolet,Suburban,2026,New,216,96699,103473,112082,121747,125944,111990,13,46
ON,Chevrolet,Suburban,2026,Used,10,100277,114660,119320,122735,127572,116344,9532,52
ON,Chevrolet,Tahoe,2021,Used,10,49195,53896,57847,59994,60299,55912,111224,38
ON,Chevrolet,Tahoe,2023,Used,14,50728,55897,70799,76284,81485,66506,82190,46
ON,Chevrolet,Tahoe,2024,Used,16,74997,76448,79997,83745,87442,80651,50979,22
ON,Chevrolet,Tahoe,2026,New,346,94822,99887,107914,116279,122156,107802,12,38
ON,Chevrolet,Tahoe,2026,Used,27,94605,100732,106969,118717,125573,109679,8813,53
ON,Chevrolet,TrailBlazer,2021,Used,11,16888,18225,20495,23248,24495,21138,102446,8
ON,Chevrolet,TrailBlazer,2022,Used,10,17795,20150,21297,22368,23081,20827,87981,53
ON,Chevrolet,TrailBlazer,2023,Used,35,20389,22834,24682,26040,26987,24321,66459,29
ON,Chevrolet,TrailBlazer,2024,Used,48,23863,24968,25992,27134,28640,26162,61722,42
ON,Chevrolet,TrailBlazer,2025,Used,31,26495,27805,28988,30450,30888,28887,38727,24
ON,Chevrolet,TrailBlazer,2026,New,547,34321,36384,38515,40122,41594,38346,10,37
ON,Chevrolet,TrailBlazer,2026,Used,51,33523,34952,36552,39167,40280,36762,6441,52
ON,Chevrolet,Trailblazer,2021,Used,10,15999,16874,18494,20371,23797,19075,110579,35
ON,Chevrolet,Trailblazer,2022,Used,12,19184,21340,22750,23924,24899,22471,77804,36
ON,Chevrolet,Trailblazer,2023,Used,13,21908,23495,23998,26888,28991,25007,51565,37
ON,Chevrolet,Trailblazer,2024,Used,18,23596,26221,26995,28370,31795,27309,30089,32
ON,Chevrolet,Traverse,2017,Used,13,5772,10995,12995,14990,15649,12241,170815,37
ON,Chevrolet,Traverse,2019,Used,19,13598,16244,19995,23858,27610,20256,168032,21
ON,Chevrolet,Traverse,2020,Used,13,19276,24995,29999,32999,33999,27263,106587,28
ON,Chevrolet,Traverse,2022,Used,12,28648,30749,33990,36797,39468,33781,110624,28
ON,Chevrolet,Traverse,2023,Used,21,32160,35500,39995,42978,45489,39258,89245,38
ON,Chevrolet,Traverse,2024,Used,12,44196,46366,48219,50658,54959,48958,46914,22
ON,Chevrolet,Traverse,2025,Used,14,49183,53231,56747,57971,59870,56021,28596,46
ON,Chevrolet,Traverse,2026,New,320,59142,60631,65441,71120,72548,65901,14,50
ON,Chevrolet,Traverse,2026,Used,64,56091,60966,68240,70916,72724,65981,6701,53
ON,Chevrolet,Traverse,2027,New,239,59584,62468,66925,68950,71434,66023,15,10
ON,Chevrolet,Trax,2013,Used,14,4493,4957,6498,9370,10696,7221,146001,30
ON,Chevrolet,Trax,2014,Used,15,4051,5472,7495,7995,8597,6848,173751,27
ON,Chevrolet,Trax,2015,Used,27,4888,6942,8399,10672,11711,8505,150049,28
ON,Chevrolet,Trax,2016,Used,23,5999,6444,7995,9298,11796,8313,155126,31
ON,Chevrolet,Trax,2017,Used,14,7989,8496,10746,11995,13544,10521,137978,23
ON,Chevrolet,Trax,2018,Used,15,10966,11450,13495,14750,17357,13387,104000,20
ON,Chevrolet,Trax,2019,Used,20,9499,10963,12974,14822,19479,13540,127142,23
ON,Chevrolet,Trax,2024,Used,64,21689,22968,24995,26671,27668,24761,37620,34
ON,Chevrolet,Trax,2025,Used,136,23934,24995,26144,27452,28694,26554,25626,28
ON,Chevrolet,Trax,2026,New,1775,29926,30767,32002,33265,34239,32169,10,50
ON,Chevrolet,Trax,2026,Used,113,28259,29036,30794,32129,33481,30728,965,46
ON,Chevrolet,Volt,2017,Used,12,9099,10510,11944,13044,13914,11678,165449,28
ON,Chevrolet,Volt,2018,Used,15,7877,9499,12995,15304,16855,12762,142786,35
ON,Chrysler,200,2012,Used,17,2059,3750,5250,7900,8399,5455,160400,24
ON,Chrysler,200,2013,Used,11,4250,5750,6899,8398,9999,7038,134000,37
ON,Chrysler,200,2015,Used,47,5833,7101,8995,10999,13349,9604,148780,35
ON,Chrysler,200,2016,Used,15,6494,7700,8998,11740,14810,9706,137992,23
ON,Chrysler,300,2012,Used,13,6360,6999,8495,9999,13460,9163,174000,27
ON,Chrysler,300,2013,Used,11,6950,7245,8499,11997,15800,10861,178600,21
ON,Chrysler,300,2015,Used,13,9110,9999,12995,15485,15959,13376,166807,21
ON,Chrysler,300,2018,Used,17,12887,14450,17999,19980,23399,18140,136000,21
ON,Chrysler,300,2019,Used,12,14098,14994,16999,19112,19944,17607,141422,23
ON,Chrysler,300,2023,Used,33,26990,26999,29990,32990,38885,31889,85597,16
ON,Chrysler,Grand Caravan,2022,Used,12,23650,24997,26744,28123,29998,28000,97966,34
ON,Chrysler,Grand Caravan,2023,Used,14,27416,28995,29700,30458,32604,30074,79702,35
ON,Chrysler,Grand Caravan,2024,Used,81,30695,31555,33500,36998,41980,34892,75933,37
ON,Chrysler,Grand Caravan,2025,Used,23,38392,40999,43795,44892,49708,43885,17516,53
ON,Chrysler,Grand Caravan,2026,New,200,46780,47857,48995,49590,50309,48733,10,55
ON,Chrysler,Grand Caravan,2026,Used,36,44992,45953,47499,48918,49402,47288,2240,55
ON,Chrysler,Grand Caravan,2027,New,260,49836,49995,50590,51056,51431,50534,0,54
ON,Chrysler,Pacifica,2017,Used,49,9720,13999,16500,18995,21270,17093,169000,20
ON,Chrysler,Pacifica,2018,Used,28,13315,15968,18749,21420,23290,19715,158503,28
ON,Chrysler,Pacifica,2019,Used,19,16218,17495,21995,25448,27194,21445,143256,37
ON,Chrysler,Pacifica,2020,Used,19,16779,21992,27495,28700,30198,25200,134150,22
ON,Chrysler,Pacifica,2021,Used,12,23355,27200,29997,33369,36809,29716,92837,30
ON,Chrysler,Pacifica,2022,Used,54,27135,28850,32248,36489,41665,33231,94111,37
ON,Chrysler,Pacifica,2023,Used,55,28996,29994,31995,36586,41450,34064,95551,37
ON,Chrysler,Pacifica,2024,Used,126,31578,34038,41950,47995,54996,42515,40108,43
ON,Chrysler,Pacifica,2025,Used,52,38755,39145,41221,43196,47932,42341,62498,29
ON,Chrysler,Pacifica,2026,New,198,53685,55887,58507,61625,65375,59010,10,55
ON,Chrysler,Pacifica,2026,Used,34,48004,49996,54745,58364,61992,55033,7888,55
ON,Chrysler,Pacifica,2027,New,560,53612,55180,57454,61485,64482,58589,7,53
ON,Chrysler,Pacifica,2027,Used,11,52995,53372,54715,56747,57815,56369,1500,53
ON,Chrysler,Town,2012,Used,11,1999,3450,8499,12395,13750,10348,199000,24
ON,Chrysler,Town,2014,Used,16,6994,9412,13249,14112,15284,11796,164015,24
ON,Chrysler,Town,2015,Used,22,5164,9924,13225,15300,16720,12075,172366,22
ON,Chrysler,Town,2016,Used,11,9900,11448,12700,14742,17880,15807,187777,22
ON,Dodge,1500,2011,Used,14,4661,6746,11994,13964,16048,10839,199410,24
ON,Dodge,1500,2012,Used,13,4596,8450,14900,15990,17199,12779,237084,20
ON,Dodge,Challenger,2016,Used,11,17110,25942,39888,51495,70000,40102,74300,21
ON,Dodge,Challenger,2017,Used,11,16999,19944,32900,45950,49582,33842,97500,20
ON,Dodge,Challenger,2018,Used,16,19494,24160,44888,80125,111832,61735,58910,27
ON,Dodge,Challenger,2019,Used,21,27999,31880,43995,83995,101010,54781,48299,38
ON,Dodge,Challenger,2020,Used,14,27886,29172,31490,39724,56996,40016,58284,29
ON,Dodge,Challenger,2021,Used,21,32880,34888,37999,43888,44990,43197,61405,21
ON,Dodge,Challenger,2022,Used,21,32988,40488,44990,52500,65999,49617,56575,20
ON,Dodge,Challenger,2023,Used,60,38782,43498,48494,68444,100090,63185,28467,26
ON,Dodge,Charger,2017,Used,13,13099,14995,18995,20499,26717,20759,148757,21
ON,Dodge,Charger,2018,Used,16,15494,16891,18864,22269,35938,22922,156105,20
ON,Dodge,Charger,2019,Used,15,10599,12448,15888,20497,22512,16863,142291,20
ON,Dodge,Charger,2021,Used,37,22479,23996,28490,33995,44596,31613,90972,24
ON,Dodge,Charger,2022,Used,22,29554,31177,34435,45249,60899,41498,67408,25
ON,Dodge,Charger,2023,Used,161,30990,32950,35999,39900,49999,40041,71381,20
ON,Dodge,Charger,2026,New,198,66203,70680,78288,84751,87390,77454,10,55
ON,Dodge,Charger,2026,Used,14,67946,70496,74574,76836,80864,74058,4279,58
ON,Dodge,Charger,2027,New,13,70256,71388,75032,79978,84959,76350,15,32
ON,Dodge,Dart,2013,Used,20,4724,6371,7947,9425,12099,8163,163074,21
ON,Dodge,Dart,2014,Used,11,5535,6997,7495,8250,8990,7755,125800,37
ON,Dodge,Durango,2015,Used,17,13948,14988,15999,17990,19755,16275,166419,23
ON,Dodge,Durango,2016,Used,11,14900,16894,18888,21249,27999,19286,173500,24
ON,Dodge,Durango,2017,Used,16,13795,16874,19494,21249,24442,19247,161937,30
ON,Dodge,Durango,2018,Used,20,17791,19710,21474,25836,29011,22409,156290,21
ON,Dodge,Durango,2019,Used,10,16949,20971,25498,28850,32839,26726,148234,24
ON,Dodge,Durango,2020,Used,13,23576,26244,31595,32500,44195,31641,98742,38
ON,Dodge,Durango,2021,Used,40,25845,30872,36194,39620,42932,36235,99212,38
ON,Dodge,Durango,2022,Used,61,32930,35498,38495,42759,48998,39750,78663,31
ON,Dodge,Durango,2023,Used,57,37902,39900,42990,45999,59708,46101,67950,37
ON,Dodge,Durango,2024,Used,122,41545,43972,46247,49993,54409,47731,49183,47
ON,Dodge,Durango,2025,Used,91,44995,46492,48990,53350,59610,54468,49925,38
ON,Dodge,Durango,2026,New,1086,58380,61681,65175,69721,74775,66195,0,54
ON,Dodge,Durango,2026,Used,69,52899,57944,60868,66875,72340,62922,7802,53
ON,Dodge,Durango,2027,New,50,71698,73574,73675,74875,75034,73463,15,9
ON,Dodge,Grand Caravan,2009,Used,13,2575,2999,3999,4895,5898,4351,229205,37
ON,Dodge,Grand Caravan,2010,Used,50,3449,4490,4994,5995,7491,5450,184705,37
ON,Dodge,Grand Caravan,2011,Used,25,2999,4500,6999,8500,8999,6544,155800,29
ON,Dodge,Grand Caravan,2012,Used,49,3994,5499,6250,9699,11575,7953,190086,37
ON,Dodge,Grand Caravan,2013,Used,73,4490,6500,7999,10595,12909,8785,183000,36
ON,Dodge,Grand Caravan,2014,Used,108,3995,5971,8999,11890,14647,9443,161580,24
ON,Dodge,Grand Caravan,2015,Used,106,5974,7575,9997,12719,14864,10259,168824,24
ON,Dodge,Grand Caravan,2016,Used,164,6620,9000,11899,13991,17997,12409,150837,24
ON,Dodge,Grand Caravan,2017,Used,157,6895,9595,12800,15495,18176,12915,155630,24
ON,Dodge,Grand Caravan,2018,Used,60,9449,12374,14294,17499,19059,15318,158009,26
ON,Dodge,Grand Caravan,2019,Used,143,10988,14836,17995,20498,23866,18041,134021,22
ON,Dodge,Grand Caravan,2020,Used,74,11448,14623,17998,22082,24998,18541,142694,20
ON,Dodge,Hornet,2023,Used,34,23597,24930,25988,28772,32835,27205,33002,47
ON,Dodge,Hornet,2024,Used,129,26997,29995,34995,39998,47988,35845,13078,55
ON,Dodge,Journey,2010,Used,26,2200,3591,5500,6945,7495,5124,193850,37
ON,Dodge,Journey,2011,Used,16,1500,2375,5447,6373,8497,4976,163000,37
ON,Dodge,Journey,2012,Used,48,2999,4866,6716,7958,9996,6635,169614,37
ON,Dodge,Journey,2013,Used,44,4560,5893,7649,10123,11845,8020,155116,31
ON,Dodge,Journey,2014,Used,42,5519,6122,7497,9938,11719,8643,184167,36
ON,Dodge,Journey,2015,Used,87,5650,6995,8495,10588,11997,9232,163912,36
ON,Dodge,Journey,2016,Used,58,5639,6999,9099,10895,13149,9554,163828,37
ON,Dodge,Journey,2017,Used,49,6914,8933,9980,11450,15099,10509,151000,21
ON,Dodge,Journey,2018,Used,19,8976,9745,11995,13924,14349,11834,144238,18
ON,Fiat,500,2012,Used,20,3895,5484,5995,6999,7744,6395,135022,28
ON,Fiat,500,2013,Used,24,4134,4987,5999,8646,15620,8533,128555,36
ON,Fiat,500,2015,Used,11,6999,7247,8288,9444,9989,10068,118278,27
ON,Fiat,500L,2014,Used,27,4909,6448,7990,9398,10987,7900,125000,26
ON,Fiat,500L,2015,Used,11,4888,7497,9990,10745,11450,8727,107663,31
ON,Fiat,500e,2026,New,39,20000,32180,34985,34985,34995,32808,10,55
ON,Ford,Bronco,2021,Used,24,31386,32971,35924,41190,46941,37797,89847,37
ON,Ford,Bronco,2022,Used,87,33987,36060,38995,44948,47465,40846,70300,36
ON,Ford,Bronco,2023,Used,54,42264,45022,48744,53936,56775,49204,49518,27
ON,Ford,Bronco,2024,Used,61,44973,46999,51838,56981,61888,52808,34590,25
ON,Ford,Bronco,2025,New,35,66834,75205,112810,120448,121322,99686,32,59
ON,Ford,Bronco,2025,Used,35,47488,56892,60981,66080,74967,63534,16000,46
ON,Ford,Bronco,2026,New,690,55078,59813,64458,73636,85592,68755,20,32
ON,Ford,Bronco,2026,Used,31,59189,63876,72674,81122,87127,73744,6336,53
ON,Ford,Bronco Sport,2021,Used,58,18610,19999,22442,24983,26151,22493,102394,23
ON,Ford,Bronco Sport,2022,Used,97,22352,23999,26000,27995,30000,26430,69837,30
ON,Ford,Bronco Sport,2023,Used,143,24650,25999,27795,29927,31998,28295,57082,33
ON,Ford,Bronco Sport,2024,Used,210,26995,28052,29997,32995,36496,31383,34459,38
ON,Ford,Bronco Sport,2025,New,120,39713,42859,45738,49150,53732,45963,22,52
ON,Ford,Bronco Sport,2025,Used,114,28642,31345,34995,39873,44083,35955,16384,47
ON,Ford,Bronco Sport,2026,New,3458,36413,38290,41936,45890,50108,42622,14,51
ON,Ford,Bronco Sport,2026,Used,175,36152,37660,40150,45138,49318,41648,5000,54
ON,Ford,EcoSport,2018,Used,21,9999,11998,12500,13999,15800,13047,106252,33
ON,Ford,EcoSport,2019,Used,10,8695,11619,12997,14994,15528,12743,107615,30
ON,Ford,EcoSport,2020,Used,21,10990,13450,14788,17888,18995,15541,97817,21
ON,Ford,EcoSport,2022,Used,18,18950,19688,20352,21968,23795,20895,57624,26
ON,Ford,Econoline,2011,Used,14,7999,10499,13450,14875,19260,13313,159201,24
ON,Ford,Econoline,2012,Used,14,9993,11916,13249,15598,18348,13766,159450,38
ON,Ford,Econoline,2013,Used,10,11440,13425,16499,18749,20179,16209,108657,37
ON,Ford,Edge,2010,Used,10,2724,4425,6224,6780,7295,5792,209223,22
ON,Ford,Edge,2011,Used,25,2199,3495,6995,9950,11599,6902,182360,24
ON,Ford,Edge,2013,Used,47,3996,6745,9900,11249,13560,8985,175380,21
ON,Ford,Edge,2014,Used,17,6930,7990,8450,9995,12695,9120,176000,32
ON,Ford,Edge,2015,Used,39,6689,8497,11900,14344,16170,11700,155287,24
ON,Ford,Edge,2016,Used,51,8120,9939,12400,15300,16999,13395,144000,24
ON,Ford,Edge,2017,Used,51,10995,12500,14399,16514,18880,14901,132600,24
ON,Ford,Edge,2018,Used,53,10999,12998,14995,17800,18994,15290,136500,24
ON,Ford,Edge,2019,Used,81,13637,15950,17888,19988,20999,17731,128879,24
ON,Ford,Edge,2020,Used,57,15526,16990,19995,22858,24815,19997,103414,35
ON,Ford,Edge,2021,Used,44,20088,21971,23495,25550,27408,23573,89740,22
ON,Ford,Edge,2022,Used,117,20806,22995,26297,28034,31616,26323,84000,25
ON,Ford,Edge,2023,Used,78,22641,23995,25746,27998,30501,26555,93625,37
ON,Ford,Edge,2024,Used,149,25785,26999,31495,35488,37800,31718,61488,31
ON,Ford,Escape,2008,Used,11,1995,5345,6960,7742,8990,6326,167450,37
ON,Ford,Escape,2009,Used,13,1860,2495,3800,6200,6974,4583,183000,36
ON,Ford,Escape,2010,Used,16,2745,3587,5000,5999,7172,5173,190852,37
ON,Ford,Escape,2011,Used,36,4850,5524,6997,8124,9488,7059,144658,24
ON,Ford,Escape,2012,Used,27,4270,4996,7499,8572,9992,7093,146419,24
ON,Ford,Escape,2013,Used,84,4759,6434,7990,9999,12704,8742,166508,24
ON,Ford,Escape,2014,Used,97,4572,6450,7995,9895,11625,8381,167000,36
ON,Ford,Escape,2015,Used,67,6650,7886,9995,11997,15665,11059,159723,32
ON,Ford,Escape,2016,Used,58,4922,7121,9650,11600,13995,10450,167840,37
ON,Ford,Escape,2017,Used,182,6995,9054,11150,13772,14999,11435,147388,24
ON,Ford,Escape,2018,Used,154,8579,10499,12995,15078,17353,13373,149018,24
ON,Ford,Escape,2019,Used,92,9954,11995,14800,16996,19998,14837,124440,32
ON,Ford,Escape,2020,Used,136,12997,15984,17999,21008,23944,18521,100088,24
ON,Ford,Escape,2021,Used,89,13986,16999,20500,22990,26097,20597,95121,30
ON,Ford,Escape,2022,Used,170,17999,20995,22995,24995,25990,22724,72692,32
ON,Ford,Escape,2023,Used,145,23493,25550,27860,29995,32999,27819,56433,37
ON,Ford,Escape,2024,Used,155,23811,26582,28900,31950,35778,29732,54002,38
ON,Ford,Escape,2025,New,47,34295,37220,41870,46042,48623,41470,29,58
ON,Ford,Escape,2025,Used,197,28991,30999,33506,37449,42050,34422,23743,52
ON,Ford,Escape,2026,New,26,39475,40940,42706,44772,48569,43083,12,39
ON,Ford,Escape,2026,Used,31,37995,39294,40981,45708,49017,42413,8326,59
ON,Ford,Expedition,2019,Used,12,29298,33413,36786,38240,39786,34441,138848,24
ON,Ford,Expedition,2021,Used,15,38280,42999,47995,53215,55909,47633,117812,38
ON,Ford,Expedition,2022,Used,21,44495,47474,51242,56981,57995,51538,121790,38
ON,Ford,Expedition,2023,Used,22,48200,55496,62750,67666,73489,61336,82120,34
ON,Ford,Expedition,2024,Used,41,52695,58500,69995,79472,85995,69341,62714,52
ON,Ford,Expedition,2025,Used,14,90464,92221,96702,102388,104982,97408,21982,52
ON,Ford,Expedition,2026,New,38,100424,106852,111092,116720,118872,109296,15,58
ON,Ford,Expedition,2027,New,118,105295,109017,113440,116022,118245,112355,20,34
ON,Ford,Explorer,2011,Used,10,3810,5112,6475,9999,11190,7344,181221,37
ON,Ford,Explorer,2013,Used,26,4895,6849,9744,13462,17350,10298,182972,24
ON,Ford,Explorer,2014,Used,19,7736,9192,10999,16474,17174,12920,171835,32
ON,Ford,Explorer,2015,Used,30,9895,11568,12999,15498,19541,14249,170498,23
ON,Ford,Explorer,2016,Used,42,10090,12811,14850,16946,19888,15321,152182,24
ON,Ford,Explorer,2017,Used,112,10234,12994,14999,17912,19994,15283,156250,24
ON,Ford,Explorer,2018,Used,55,11977,15992,17850,20448,27333,18900,153159,32
ON,Ford,Explorer,2019,Used,36,11282,16356,21358,22996,26852,19940,149479,28
ON,Ford,Explorer,2020,Used,76,20499,23801,26306,29990,34252,26819,129444,32
ON,Ford,Explorer,2021,Used,70,23410,26032,30070,33928,36501,29651,107336,24
ON,Ford,Explorer,2022,Used,126,28250,31998,35999,39487,41500,35374,84790,32
ON,Ford,Explorer,2023,Used,93,33496,36499,38995,42420,47770,39715,72523,32
ON,Ford,Explorer,2024,Used,36,33195,34116,38633,46975,53495,41502,74762,40
ON,Ford,Explorer,2025,New,13,53498,59730,60703,63410,64645,60321,28,60
ON,Ford,Explorer,2025,Used,88,43962,47826,55797,59998,63997,55015,26203,38
ON,Ford,Explorer,2026,New,1063,52838,56611,61039,66775,69782,61628,17,52
ON,Ford,Explorer,2026,Used,118,53221,58443,61750,67064,73560,62409,10128,54
ON,Ford,Explorer,2027,New,220,57847,60093,63619,67239,74948,64537,1,29
ON,Ford,F 150 Lariat,2026,New,31,89426,90906,93701,95981,96631,92649,14,55
ON,Ford,F 150 Stx,2026,New,16,66576,66576,69851,70377,71451,69372,38,55
ON,Ford,F 150 Tremor,2026,New,11,87636,93928,99306,100163,100845,96561,35,55
ON,Ford,F 150 Xlt,2026,New,132,68341,70732,78616,83633,85919,77465,10,51
ON,Ford,F 250,2026,New,10,69063,77039,111686,118431,119631,100612,,51
ON,Ford,F-150,2009,Used,14,4109,6875,10598,12675,14846,9793,204816,37
ON,Ford,F-150,2010,Used,46,3992,6992,10595,11998,13972,9901,201500,37
ON,Ford,F-150,2011,Used,32,4775,5728,11445,15148,16898,10790,197318,37
ON,Ford,F-150,2012,Used,44,7215,10997,12995,15991,18969,13217,186298,21
ON,Ford,F-150,2013,Used,66,7224,9996,12999,14997,16998,12436,199302,28
ON,Ford,F-150,2014,Used,61,9899,11995,14988,16995,19999,14642,190000,21
ON,Ford,F-150,2015,Used,41,11999,14398,17499,23323,26998,18432,214940,24
ON,Ford,F-150,2016,Used,105,13986,16950,19989,23499,27142,19887,201000,23
ON,Ford,F-150,2017,Used,77,14505,18398,21995,25995,28179,22455,181124,21
ON,Ford,F-150,2018,Used,164,15996,19853,23999,28704,32995,24543,170250,24
ON,Ford,F-150,2019,Used,153,17908,22799,26995,31495,36900,27572,152100,24
ON,Ford,F-150,2020,Used,129,19934,23995,29998,35516,41796,30448,143000,24
ON,Ford,F-150,2021,Used,185,21938,26499,34987,39995,46673,34576,135301,28
ON,Ford,F-150,2022,Used,304,29998,36995,41995,47501,52476,42268,98742,26
ON,Ford,F-150,2023,Used,303,39610,44998,50888,57942,65239,52921,70461,29
ON,Ford,F-150,2024,Used,320,45200,48995,53938,62913,67964,56380,43563,28
ON,Ford,F-150,2025,New,56,53749,65422,75332,83895,93449,76835,12,52
ON,Ford,F-150,2025,Used,157,49999,53945,62888,74000,88153,66001,22854,43
ON,Ford,F-150,2026,New,7159,65144,69919,77141,85129,94293,79109,20,42
ON,Ford,F-150,2026,Used,240,67121,69480,76686,85807,94196,78472,3272,53
ON,Ford,F-150 Lightning,2023,Used,22,57908,60093,63994,66365,72392,63033,68761,28
ON,Ford,F-150 Lightning,2024,Used,10,55408,57646,65388,70674,73799,65097,41007,11
ON,Ford,F-250,2022,Used,29,39799,41999,46900,68988,75776,53720,121528,38
ON,Ford,F-250,2023,Used,14,56800,62990,68498,70725,71966,66588,82848,33
ON,Ford,F-250,2026,New,218,74581,88192,100536,112337,121656,100092,18,54
ON,Ford,F-250,2026,Used,12,66355,87640,103667,108433,117311,97422,11173,46
ON,Ford,F-250,2027,New,60,67001,67001,86210,122483,128846,92009,15,8
ON,Ford,F-350,2026,New,113,75184,83179,96115,110449,117384,97064,15,54
ON,Ford,F-350,2027,New,17,78817,81695,95158,110102,132533,100950,150,12
ON,Ford,F150,2026,New,10,69270,77207,82804,87694,90104,81598,,36
ON,Ford,Fiesta,2011,Used,12,2048,2722,4142,5125,6355,4059,180246,37
ON,Ford,Fiesta,2012,Used,11,4499,4999,5500,6748,7999,8217,161987,36
ON,Ford,Fiesta,2013,Used,16,3994,4291,6875,7546,9223,6475,154725,37
ON,Ford,Fiesta,2014,Used,15,3170,4498,6490,7398,10478,6522,173000,24
ON,Ford,Fiesta,2015,Used,11,3998,4992,6499,8488,10800,7127,123549,25
ON,Ford,Flex,2016,Used,10,9438,11248,13997,17300,21800,14666,165642,10
ON,Ford,Focus,2010,Used,14,2322,3246,5000,5875,6494,4675,165389,26
ON,Ford,Focus,2012,Used,40,2486,3000,5999,7998,9410,6002,164358,37
ON,Ford,Focus,2013,Used,56,4650,5995,6748,8123,9472,7080,145650,20
ON,Ford,Focus,2014,Used,57,4355,5999,7995,9877,11588,8166,153411,33
ON,Ford,Focus,2015,Used,46,4622,5612,7097,9224,11248,7846,158284,34
ON,Ford,Focus,2016,Used,32,5499,6500,8498,10247,12894,9427,141767,24
ON,Ford,Focus,2017,Used,24,7087,8498,10974,32900,35330,17404,124808,37
ON,Ford,Focus,2018,Used,29,7995,9999,11999,13975,17282,13177,110450,37
ON,Ford,Fusion,2010,Used,10,2959,3585,6499,7875,11120,8314,173388,30
ON,Ford,Fusion,2011,Used,10,4101,4562,4997,7368,8099,5661,183029,37
ON,Ford,Fusion,2012,Used,23,2600,4672,5999,7448,10395,8200,176102,36
ON,Ford,Fusion,2013,Used,31,6250,6970,8977,12499,13495,9494,140000,37
ON,Ford,Fusion,2014,Used,31,5750,6250,6999,8999,10995,7970,184328,37
ON,Ford,Fusion,2015,Used,28,6800,7974,9995,11112,13277,9802,148398,36
ON,Ford,Fusion,2016,Used,26,5874,7239,9742,10999,13645,9486,164776,37
ON,Ford,Fusion,2017,Used,50,8564,9996,11822,13832,15049,11880,140956,30
ON,Ford,Fusion,2018,Used,32,9084,9999,12997,15992,18898,14038,150612,20
ON,Ford,Fusion,2019,Used,21,11999,13950,15999,18999,21888,17230,100000,24
ON,Ford,Fusion,2020,Used,10,12699,14490,16996,18344,29502,17836,126454,32
ON,Ford,Maverick,2022,Used,38,26060,27452,29998,33590,34616,30213,80665,22
ON,Ford,Maverick,2023,Used,30,29799,31268,33949,35867,37002,33638,62196,38
ON,Ford,Maverick,2024,Used,46,31992,34116,37990,39756,42106,37408,35325,30
ON,Ford,Maverick,2025,New,23,40044,41948,43045,45862,47392,43907,12,52
ON,Ford,Maverick,2025,Used,50,37475,38986,41764,45107,46995,41947,14528,38
ON,Ford,Maverick,2026,New,1066,40266,42389,45008,48256,50789,45334,25,42
ON,Ford,Maverick,2026,Used,49,40100,41513,45894,48974,51354,45660,16000,46
ON,Ford,Mustang,2007,Used,11,15777,16992,26999,45000,59888,36803,57730,36
ON,Ford,Mustang,2014,Used,21,14799,16999,20990,25034,30245,24912,88842,21
ON,Ford,Mustang,2015,Used,25,13538,15977,21991,25995,35515,22663,110604,36
ON,Ford,Mustang,2016,Used,26,15492,17066,20725,32462,38589,25904,112000,23
ON,Ford,Mustang,2017,Used,36,15484,18999,26996,39996,79940,35470,90410,22
ON,Ford,Mustang,2018,Used,23,17769,19994,23999,32950,36393,28670,95465,21
ON,Ford,Mustang,2019,Used,43,19589,21940,24998,33444,41520,28620,87590,30
ON,Ford,Mustang,2020,Used,27,24525,25997,31499,45296,55752,41492,53810,19
ON,Ford,Mustang,2021,Used,33,29010,31988,37880,49881,113398,51173,36791,26
ON,Ford,Mustang,2022,Used,54,33609,37247,44747,48875,70240,47492,30414,38
ON,Ford,Mustang,2023,Used,14,34294,35196,42494,55042,62926,46326,35488,38
ON,Ford,Mustang,2024,Used,54,36219,38119,49944,58734,79549,52037,21554,36
ON,Ford,Mustang,2025,New,31,44835,56283,67098,74092,78375,70167,53,60
ON,Ford,Mustang,2025,Used,65,37992,39125,42899,56782,68597,49232,22460,38
ON,Ford,Mustang,2026,New,524,42674,47875,59984,72618,84857,64327,13,58
ON,Ford,Mustang,2026,Used,15,42132,53074,67288,72270,76859,62486,5212,54
ON,Ford,Mustang Mach-E,2021,Used,13,21396,25999,28981,32995,34798,29019,109000,31
ON,Ford,Mustang Mach-E,2022,Used,23,30209,33097,36998,44247,52335,39394,48641,20
ON,Ford,Mustang Mach-E,2023,Used,24,32793,34918,36436,39336,44461,38265,53591,22
ON,Ford,Mustang Mach-E,2025,Used,22,45349,48914,51925,59746,61769,53286,15632,54
ON,Ford,Mustang Mach-E,2026,New,182,48474,50548,54565,57994,64268,55341,25,22
ON,Ford,Police Interceptor Utility,2020,Used,14,9865,11496,13499,14999,15650,13394,192244,20
ON,Ford,Ranger,2011,Used,10,5000,7874,10492,13596,16010,10737,194479,37
ON,Ford,Ranger,2019,Used,14,20470,24996,26908,29748,31566,26305,150422,38
ON,Ford,Ranger,2020,Used,30,23997,27976,31395,33830,36238,31018,93272,22
ON,Ford,Ranger,2021,Used,18,29349,29996,32990,34968,38006,32665,92319,20
ON,Ford,Ranger,2022,Used,11,29990,29992,35860,36498,37017,33612,89000,24
ON,Ford,Ranger,2023,Used,15,31976,34243,36995,37848,42195,36458,99114,43
ON,Ford,Ranger,2024,Used,36,38944,40375,42997,49048,64747,47222,46088,31
ON,Ford,Ranger,2025,New,30,50435,52974,58651,63341,80403,61172,20,62
ON,Ford,Ranger,2025,Used,17,43500,46495,48617,53207,65450,52634,11796,36
ON,Ford,Ranger,2026,New,867,47412,50527,54199,58451,63507,55921,18,50
ON,Ford,Ranger,2026,Used,27,46814,49360,52367,56050,61922,53990,15955,53
ON,Ford,Super Duty,2026,New,75,68178,77940,94315,108130,115927,93652,10,60
ON,Ford,Super Duty F-250 SRW,2016,Used,12,19079,19875,27400,29922,32609,25999,164582,20
ON,Ford,Super Duty F-250 SRW,2022,Used,19,44795,52944,61495,69442,75919,60287,115423,25
ON,Ford,Super Duty F-250 SRW,2026,New,168,80690,85205,97807,109812,113739,96982,26,50
ON,Ford,Super Duty F-250 SRW,2026,Used,18,73888,80441,97127,107338,111140,94831,16000,53
ON,Ford,Super Duty F-250 SRW,2027,New,10,82646,93695,99670,125550,126465,104833,90,25
ON,Ford,Super Duty F-250 SRW XL,2026,New,24,69592,76546,79079,79623,88115,79003,499,16
ON,Ford,Super Duty F-250 SRW XLT,2026,New,13,71135,73118,82909,91984,98366,83679,50,60
ON,Ford,Super Duty F-350 SRW,2026,New,64,75943,86482,98301,107761,117456,97961,30,54
ON,Ford,Super Duty F-450 DRW,2026,New,17,104417,108421,126799,139739,142981,122871,52,12
ON,Ford,SuperDuty,2026,New,29,79829,80830,104705,116454,119619,101285,26,11
ON,Ford,Taurus,2013,Used,11,2500,4748,9250,9997,10990,7466,171995,24
ON,Ford,Transit,2015,Used,17,13293,14950,18499,24990,28097,19219,193983,24
ON,Ford,Transit,2016,Used,23,13840,15450,21995,31492,33699,23149,175937,21
ON,Ford,Transit,2017,Used,35,13831,16999,21900,24248,26900,21256,172354,24
ON,Ford,Transit,2018,Used,42,11099,14999,18984,24998,26995,20109,180000,26
ON,Ford,Transit,2019,Used,60,17450,19998,23498,25996,34081,24313,151746,23
ON,Ford,Transit,2020,Used,51,18995,23439,26980,32940,34999,27484,144000,23
ON,Ford,Transit,2021,Used,42,23629,26214,29442,32871,40448,31575,132012,23
ON,Ford,Transit,2022,Used,28,26396,34748,39995,46960,59790,41875,70864,23
ON,Ford,Transit,2023,Used,42,35046,36696,38845,44921,57869,42357,92244,32
ON,Ford,Transit,2024,Used,49,40709,44994,48999,51395,60997,49855,57950,25
ON,Ford,Transit,2025,New,44,57826,59802,63220,70676,73416,65329,28,58
ON,Ford,Transit,2025,Used,40,52558,53888,56997,59244,69636,57952,31567,36
ON,Ford,Transit,2026,New,361,63888,67980,72090,77382,82888,72898,25,52
ON,Ford,Transit,2027,New,95,66894,68456,71114,76257,80384,72855,10,29
ON,Ford,Transit Connect,2018,Used,18,9348,13166,17444,21994,22946,17290,164000,18
ON,Ford,Transit Connect,2020,Used,19,12799,15638,22995,24632,27279,20851,118648,21
ON,Ford,Transit Connect,2021,Used,18,15689,19733,24995,26740,29996,24151,122478,24
ON,Ford,Transit Connect,2023,Used,14,24295,27232,33995,36946,36999,32193,94876,15
ON,Ford,Transit-250,2026,New,13,68225,71367,73292,74345,76104,72350,10,43
ON,Ford,Transit-250,2027,New,18,66182,69092,71323,73944,78543,71842,15,29
ON,GMC,Acadia,2016,Used,11,8995,9995,10900,11747,13999,11160,176031,30
ON,GMC,Acadia,2017,Used,17,12140,16550,17586,18000,20129,17085,147969,36
ON,GMC,Acadia,2018,Used,11,13858,13994,17695,19995,21716,17158,179590,37
ON,GMC,Acadia,2019,Used,11,16699,19468,22991,24245,26999,22004,114523,23
ON,GMC,Acadia,2020,Used,13,24084,24995,28500,31998,33199,28404,110865,21
ON,GMC,Acadia,2021,Used,13,23119,24995,31998,35950,36974,30499,100802,24
ON,GMC,Acadia,2022,Used,11,28944,29633,33999,36943,38795,33736,78777,42
ON,GMC,Acadia,2023,Used,42,31099,33593,35997,39790,42450,36873,66794,37
ON,GMC,Acadia,2025,Used,15,44595,48938,52298,57220,61156,51841,30000,22
ON,GMC,Acadia,2026,New,326,62382,65150,67268,70258,77634,68547,10,53
ON,GMC,Acadia,2026,Used,53,60005,64758,66983,71580,76864,68229,6307,53
ON,GMC,Acadia,2027,New,70,63166,65772,69624,78416,81140,71328,10,20
ON,GMC,Canyon,2018,Used,14,13281,16787,26194,28372,30164,22825,125822,25
ON,GMC,Canyon,2021,Used,18,30395,32115,34995,36910,40845,34980,89929,30
ON,GMC,Canyon,2022,Used,18,30488,35140,39994,41375,46052,38762,66704,12
ON,GMC,Canyon,2023,Used,13,40976,42987,45000,49079,51860,46019,61736,22
ON,GMC,Canyon,2024,Used,28,46733,47970,51478,53995,56295,51273,43500,24
ON,GMC,Canyon,2025,Used,10,48599,49078,50087,56068,58296,52253,21046,11
ON,GMC,Canyon,2026,New,438,57855,59922,61866,66032,69844,63105,10,42
ON,GMC,Canyon,2026,Used,33,55103,57720,61608,65758,68457,61986,4200,50
ON,GMC,HUMMER EV,2026,New,81,132792,135047,137142,139108,149289,138163,11,53
ON,GMC,HUMMER EV,2026,Used,10,115984,134369,136040,140118,169336,139193,6477,53
ON,GMC,Savana,2016,Used,12,11049,11872,14992,22241,24800,16819,202316,16
ON,GMC,Savana,2017,Used,10,12699,13995,15983,19495,22310,16884,231835,28
ON,GMC,Savana,2018,Used,25,12796,15000,19999,24999,37798,23150,152000,16
ON,GMC,Savana,2019,Used,13,14997,21995,22999,33999,33999,25315,142258,23
ON,GMC,Savana,2020,Used,22,16995,17221,20946,25749,31741,22106,133811,28
ON,GMC,Savana,2023,Used,12,29539,29968,34445,39995,50920,36288,47458,30
ON,GMC,Savana,2024,Used,16,37192,37998,40299,41962,46694,42293,48218,35
ON,GMC,Savana,2025,New,63,53406,56064,58443,61618,62724,58407,10,54
ON,GMC,Savana,2026,New,117,56135,58026,61110,63313,67844,61352,10,55
ON,GMC,Sierra,2026,New,104,68776,71783,74686,89172,107239,82750,12,37
ON,GMC,Sierra,2026,Used,13,65019,69226,72729,93598,110170,81064,882,62
ON,GMC,Sierra 1500,2011,Used,10,7150,8749,15948,18745,19635,13897,141000,30
ON,GMC,Sierra 1500,2012,Used,10,6310,7015,12958,14496,15505,11198,261245,37
ON,GMC,Sierra 1500,2013,Used,22,3101,6217,11748,12980,17350,10604,208924,16
ON,GMC,Sierra 1500,2014,Used,30,10899,14999,16844,18659,19910,16022,196390,21
ON,GMC,Sierra 1500,2015,Used,43,14998,16947,19950,21745,24155,19641,181100,24
ON,GMC,Sierra 1500,2016,Used,59,13995,16999,20900,24450,26128,20983,176000,21
ON,GMC,Sierra 1500,2017,Used,106,17694,19982,24700,28500,32244,24905,174480,21
ON,GMC,Sierra 1500,2018,Used,89,17577,20999,24998,28500,31176,25349,167000,21
ON,GMC,Sierra 1500,2019,Used,41,23995,27995,31998,38978,41688,32871,130728,23
ON,GMC,Sierra 1500,2020,Used,33,25059,30565,36216,43500,48843,36652,142785,24
ON,GMC,Sierra 1500,2021,Used,85,28395,33999,39579,45900,49263,39343,120294,23
ON,GMC,Sierra 1500,2022,Used,90,34920,40772,46941,50914,55798,46490,91524,24
ON,GMC,Sierra 1500,2023,Used,121,39498,42995,49995,55980,59995,49967,73591,32
ON,GMC,Sierra 1500,2024,Used,315,47195,50997,55555,60756,66182,56298,52004,35
ON,GMC,Sierra 1500,2025,New,18,60507,61493,73016,81919,108364,76675,50,56
ON,GMC,Sierra 1500,2025,Used,198,56055,62752,67898,70995,74995,67209,30816,42
ON,GMC,Sierra 1500,2026,New,4091,64067,70399,75935,86355,96772,78969,11,39
ON,GMC,Sierra 1500,2026,Used,312,64757,71638,74995,86540,97274,79071,6706,50
ON,GMC,Sierra 1500 Limited,2019,Used,10,16986,20471,21997,24499,26813,22775,166254,24
ON,GMC,Sierra 1500 Limited,2022,Used,31,27999,39496,45888,49680,49998,43461,106111,37
ON,GMC,Sierra 2500,2026,New,78,83137,107268,116499,121949,127687,111635,25,53
ON,GMC,Sierra 2500HD,2022,Used,12,60486,66377,70132,73374,74940,68978,99613,28
ON,GMC,Sierra 2500HD,2023,Used,17,64847,69900,72980,74898,78338,71504,100130,38
ON,GMC,Sierra 2500HD,2024,Used,32,59209,79240,89633,92413,94896,84465,59137,39
ON,GMC,Sierra 2500HD,2025,New,25,77393,83893,107176,115646,116832,98858,23,56
ON,GMC,Sierra 2500HD,2025,Used,17,74569,86999,91800,96999,99995,88193,32199,51
ON,GMC,Sierra 2500HD,2026,New,954,83182,99105,108949,118844,122698,107335,11,47
ON,GMC,Sierra 2500HD,2026,Used,23,88356,103348,115084,117695,122487,110191,8000,50
ON,GMC,Sierra 3500,2026,New,25,100186,113600,120836,124551,126642,116702,65,53
ON,GMC,Sierra 3500HD,2026,New,196,88918,103612,112598,122992,126658,111483,10,50
ON,GMC,Terrain,2012,Used,17,2795,3498,5995,8895,9970,6289,153457,37
ON,GMC,Terrain,2013,Used,19,3698,4995,7499,10990,11960,7693,153990,24
ON,GMC,Terrain,2014,Used,27,4773,4997,9495,11970,12379,8779,154405,29
ON,GMC,Terrain,2015,Used,22,4639,5994,8999,12998,14809,9569,145765,24
ON,GMC,Terrain,2016,Used,13,7174,10498,12495,15450,16680,12593,124658,21
ON,GMC,Terrain,2017,Used,41,4999,7990,10488,12499,13995,10702,152000,23
ON,GMC,Terrain,2018,Used,34,11926,13074,15574,16998,18881,15338,153434,28
ON,GMC,Terrain,2019,Used,41,12400,13700,16888,19999,22795,17153,124575,37
ON,GMC,Terrain,2020,Used,32,15955,18742,21994,24023,25955,21374,93094,31
ON,GMC,Terrain,2021,Used,16,14492,17132,22093,23596,23988,20559,81814,16
ON,GMC,Terrain,2022,Used,90,19921,22995,24583,25995,27995,24469,78824,27
ON,GMC,Terrain,2023,Used,61,22888,25190,28980,29995,32900,28008,72495,36
ON,GMC,Terrain,2024,Used,231,25488,27797,31698,34916,36495,31279,41116,30
ON,GMC,Terrain,2025,Used,12,35012,35408,35994,36624,39695,36468,17687,16
ON,GMC,Terrain,2026,New,129,41270,43268,46978,51135,55041,48069,25,51
ON,GMC,Terrain,2026,Used,78,36993,40064,44746,49870,51619,44443,10338,46
ON,GMC,Terrain,2027,New,1467,42956,46107,49343,53218,54938,49312,10,21
ON,GMC,Terrain,2027,Used,47,44791,45338,48088,50954,54410,48723,10,42
ON,GMC,Yukon,2015,Used,10,17570,19971,24450,26725,33599,24481,181478,24
ON,GMC,Yukon,2016,Used,17,15597,17800,22999,26499,27199,22060,231261,21
ON,GMC,Yukon,2017,Used,19,24997,25940,29998,33748,40125,31098,172392,21
ON,GMC,Yukon,2021,Used,20,40889,47995,55998,60227,65295,54133,158448,38
ON,GMC,Yukon,2023,Used,39,61560,68258,76000,79997,85035,74305,81936,32
ON,GMC,Yukon,2024,Used,34,57565,70241,83408,89332,91963,79390,57000,36
ON,GMC,Yukon,2025,Used,15,88169,93488,97595,107444,112187,100094,27987,38
ON,GMC,Yukon,2026,New,813,106106,112301,120559,128059,137633,120617,11,42
ON,GMC,Yukon,2026,Used,46,102171,108522,120610,130369,138548,120271,6980,53
ON,GMC,gmc,2026,New,45,65881,67369,69086,92794,108365,80417,10,59
ON,Genesis,G70,2019,Used,12,17178,19664,19999,22141,22981,20219,120870,14
ON,Genesis,G70,2020,Used,12,20232,22776,24635,25165,25998,24532,102054,38
ON,Genesis,G70,2024,Used,11,35950,36224,42488,43743,44998,40627,26991,33
ON,Genesis,G70,2026,Used,27,49995,52242,57499,65070,67000,58075,5000,27
ON,Genesis,GV70,2022,Used,22,30991,32068,34548,37718,40800,35129,86827,22
ON,Genesis,GV70,2023,Used,24,39921,41358,44942,49004,52061,45100,65514,24
ON,Genesis,GV70,2024,Used,18,44097,44864,47432,48746,58563,48586,35727,34
ON,Genesis,GV70,2025,Used,29,47998,50888,54995,58995,65035,55234,28011,38
ON,Genesis,GV70,2026,Used,40,63800,64690,71344,76409,82099,71507,5000,18
ON,Genesis,GV80,2021,Used,11,32988,34894,36888,38242,39777,36429,97380,36
ON,Genesis,GV80,2023,Used,11,42999,44848,46990,46998,48895,46059,89247,31
ON,Genesis,GV80,2024,Used,12,42596,48873,54990,60991,64627,54682,44717,31
ON,Genesis,GV80,2025,Used,14,64101,66424,76348,79998,81334,73574,29333,38
ON,Genesis,GV80,2026,Used,28,76990,90014,96888,98355,102298,93649,6506,39
ON,Honda,Accord,2007,Used,14,4089,4492,4950,7624,8549,5886,210698,37
ON,Honda,Accord,2008,Used,36,4650,5499,6775,7995,8747,7339,213900,37
ON,Honda,Accord,2009,Used,20,4945,5216,7198,9999,10658,8703,167375,28
ON,Honda,Accord,2010,Used,28,4494,6674,8184,9992,11033,8010,190578,24
ON,Honda,Accord,2011,Used,11,2000,6695,8950,9997,9999,7793,221683,21
ON,Honda,Accord,2012,Used,16,5492,6970,10000,11625,13497,9566,182026,24
ON,Honda,Accord,2013,Used,34,7992,8837,11494,13999,15315,11923,180494,36
ON,Honda,Accord,2014,Used,36,8498,9938,11944,14062,15494,12291,168444,27
ON,Honda,Accord,2015,Used,44,10600,12371,13775,14724,16995,13923,178588,21
ON,Honda,Accord,2016,Used,43,12458,14247,15990,16992,21589,16444,173295,24
ON,Honda,Accord,2017,Used,65,12800,14770,17324,19490,21737,17531,149850,20
ON,Honda,Accord,2018,Used,108,15896,16994,18485,20628,24460,19407,156043,21
ON,Honda,Accord,2019,Used,59,16884,18984,21416,24669,27119,21488,129320,30
ON,Honda,Accord,2020,Used,41,16999,19950,22499,25990,28989,23073,117000,21
ON,Honda,Accord,2021,Used,32,21891,23216,24972,28491,30199,25313,100808,20
ON,Honda,Accord,2022,Used,29,24940,25999,28500,29990,31837,28183,73843,35
ON,Honda,Accord,2023,Used,45,25199,27498,28888,33895,35540,30038,66000,23
ON,Honda,Accord,2024,Used,47,28968,29989,32984,36240,39202,33588,43286,29
ON,Honda,Accord,2025,New,27,40061,40877,41569,43974,47973,42410,24,58
ON,Honda,Accord,2025,Used,36,34248,35900,37945,41491,43044,38575,15063,42
ON,Honda,Accord,2026,New,698,42116,46969,48970,49822,49931,47698,15,53
ON,Honda,Accord,2026,Used,27,41466,45474,48016,49831,50378,46878,4056,56
ON,Honda,CR-V,2007,Used,13,3016,3950,6490,7295,8438,5899,232000,37
ON,Honda,CR-V,2008,Used,24,3608,5572,7747,8995,12900,8121,227802,27
ON,Honda,CR-V,2009,Used,19,4059,4999,5999,9744,11191,7348,245130,20
ON,Honda,CR-V,2010,Used,29,5658,7900,8998,10250,12896,9005,215941,24
ON,Honda,CR-V,2011,Used,46,5900,7499,9312,10994,12872,9235,196435,22
ON,Honda,CR-V,2012,Used,31,7988,9898,10995,12950,13995,11194,192238,24
ON,Honda,CR-V,2013,Used,38,9331,10124,12945,14371,14992,12358,181944,21
ON,Honda,CR-V,2014,Used,70,9220,10925,13900,15000,16990,13359,168422,21
ON,Honda,CR-V,2015,Used,76,10450,12746,14991,16549,19198,14860,166145,24
ON,Honda,CR-V,2016,Used,82,10548,12097,15894,17375,20805,15217,171886,24
ON,Honda,CR-V,2017,Used,141,14995,16700,17999,20995,23795,19169,160973,21
ON,Honda,CR-V,2018,Used,131,16699,17995,19999,22970,26277,20933,140820,23
ON,Honda,CR-V,2019,Used,138,17958,19496,21522,24897,26834,22206,125932,22
ON,Honda,CR-V,2020,Used,114,21478,23554,25144,27864,31349,25974,98399,24
ON,Honda,CR-V,2021,Used,141,22499,24500,26685,28950,31221,27085,93527,24
ON,Honda,CR-V,2022,Used,145,24997,26990,29500,31900,32999,29349,82862,24
ON,Honda,CR-V,2023,Used,212,29027,30995,32999,35991,38999,33503,73553,28
ON,Honda,CR-V,2024,Used,480,31990,33999,36894,39496,41891,36731,52276,36
ON,Honda,CR-V,2025,Used,295,33680,35944,38500,40900,43746,38569,36001,25
ON,Honda,CR-V,2026,New,4267,43310,46596,48650,52399,54639,48847,15,36
ON,Honda,CR-V,2026,Used,342,42509,45018,48308,51498,54271,48168,9704,41
ON,Honda,Civic,2004,Used,10,3441,4245,5247,5498,7199,5293,198067,37
ON,Honda,Civic,2005,Used,11,2950,3240,3995,5248,6195,4359,213979,37
ON,Honda,Civic,2006,Used,30,1995,3199,3995,5296,7545,4352,225780,37
ON,Honda,Civic,2007,Used,33,3460,3995,4990,6000,7640,5234,213712,37
ON,Honda,Civic,2008,Used,50,3459,3996,4870,6498,7019,5160,218894,37
ON,Honda,Civic,2009,Used,68,3346,4374,5494,7120,8995,5870,213450,37
ON,Honda,Civic,2010,Used,50,4941,5300,6675,8499,9639,7510,192822,37
ON,Honda,Civic,2011,Used,25,4468,4995,6495,7995,8579,7290,185433,37
ON,Honda,Civic,2012,Used,165,4995,6000,7800,9995,11557,8331,196787,37
ON,Honda,Civic,2013,Used,98,6440,7990,9972,11812,13995,9995,183032,32
ON,Honda,Civic,2014,Used,102,7049,8960,10995,13995,15447,11696,184895,24
ON,Honda,Civic,2015,Used,154,8990,9995,11995,13938,15841,12360,160725,22
ON,Honda,Civic,2016,Used,165,10497,11999,14495,15994,17844,14061,163800,24
ON,Honda,Civic,2017,Used,208,11000,13221,15738,17692,19990,16027,151959,22
ON,Honda,Civic,2018,Used,206,11995,14062,16600,18899,20385,16550,137216,23
ON,Honda,Civic,2019,Used,167,14590,15995,17999,20497,24194,18611,123867,24
ON,Honda,Civic,2020,Used,176,14999,17995,19940,21991,24990,20169,98397,21
ON,Honda,Civic,2021,Used,120,16809,19373,20995,23490,25449,21527,87460,24
ON,Honda,Civic,2022,Used,316,19995,21999,23999,25954,28940,24300,80408,20
ON,Honda,Civic,2023,Used,175,23039,24989,26486,28746,30500,26664,58041,24
ON,Honda,Civic,2024,Used,289,24660,25995,27807,29795,31490,27909,48996,25
ON,Honda,Civic,2025,New,20,10000,34977,37910,39999,40027,33972,520,20
ON,Honda,Civic,2025,Used,228,27900,29941,31950,33991,35475,31924,32187,21
ON,Honda,Civic,2026,New,2810,31942,34780,36478,40180,41227,36775,20,36
ON,Honda,Civic,2026,Used,203,30884,31997,34990,36990,40180,35179,1811,36
ON,Honda,Cr,2026,New,167,43290,47067,47197,50431,54342,48454,12,55
ON,Honda,Cr,2026,Used,12,45101,49546,52074,54599,54599,51244,11320,51
ON,Honda,Fit,2015,Used,18,8699,10915,12245,14995,19524,13744,139029,34
ON,Honda,Fit,2016,Used,15,7700,8720,13999,15186,15981,12222,131501,21
ON,Honda,HR-V,2016,Used,36,11234,12722,13749,16862,18745,14913,158728,26
ON,Honda,HR-V,2017,Used,15,11700,13544,15995,18792,23986,17006,155500,21
ON,Honda,HR-V,2018,Used,24,14264,15800,17495,19645,21276,17547,133250,21
ON,Honda,HR-V,2019,Used,15,16492,17435,20808,22443,24195,20323,90518,21
ON,Honda,HR-V,2020,Used,15,16768,19494,21995,23692,26790,21834,106464,37
ON,Honda,HR-V,2021,Used,15,19798,22330,24995,25901,26827,23711,61020,25
ON,Honda,HR-V,2022,Used,12,19836,22880,24208,25724,28350,24367,89386,24
ON,Honda,HR-V,2023,Used,40,24882,25860,27470,28925,29989,27531,63891,20
ON,Honda,HR-V,2024,Used,50,26459,27991,29998,32916,34044,30388,36148,10
ON,Honda,HR-V,2025,Used,51,29857,31986,33869,34992,36490,33460,24020,20
ON,Honda,HR-V,2026,New,23,35515,37648,39339,39717,41896,38710,51,55
ON,Honda,HR-V,2026,Used,25,33975,34995,35954,38800,39431,36491,10226,32
ON,Honda,HR-V,2027,New,836,34496,38534,40084,42200,42903,39477,20,32
ON,Honda,HR-V,2027,Used,13,37107,39072,39921,41315,43463,40171,1020,41
ON,Honda,Hr,2027,New,22,33814,34492,40049,40092,42837,38477,8,55
ON,Honda,Odyssey,2008,Used,17,2797,4500,5490,7079,8197,5601,228000,37
ON,Honda,Odyssey,2010,Used,18,4234,5596,7675,8965,9999,7163,226536,24
ON,Honda,Odyssey,2011,Used,28,6620,8373,10244,12624,14995,10607,203903,32
ON,Honda,Odyssey,2012,Used,31,5480,7997,11995,14992,16999,11482,186294,24
ON,Honda,Odyssey,2013,Used,24,6686,9922,10948,12995,14693,11037,203664,21
ON,Honda,Odyssey,2014,Used,54,9148,11460,13497,15666,18481,14318,182454,21
ON,Honda,Odyssey,2015,Used,44,10924,12441,14596,15998,18495,14488,186952,24
ON,Honda,Odyssey,2016,Used,48,9998,12641,14745,19784,21369,16016,185100,20
ON,Honda,Odyssey,2017,Used,23,12910,17400,19280,22247,25694,19938,174863,23
ON,Honda,Odyssey,2018,Used,51,16999,19998,23950,25992,28500,23183,155546,24
ON,Honda,Odyssey,2019,Used,39,19359,20795,22999,29236,34191,25113,162661,20
ON,Honda,Odyssey,2020,Used,26,22794,24992,29725,36968,41966,31066,123372,25
ON,Honda,Odyssey,2022,Used,26,32884,37046,38479,40878,42992,38660,85139,22
ON,Honda,Odyssey,2023,Used,33,39537,40890,41988,43900,44497,42096,74807,29
ON,Honda,Odyssey,2024,Used,49,43560,44981,47311,49919,50768,47452,47577,43
ON,Honda,Odyssey,2025,Used,34,46284,49400,51356,52850,54189,50992,24864,43
ON,Honda,Odyssey,2026,New,230,55218,58024,63236,64414,65415,61215,15,51
ON,Honda,Odyssey,2026,Used,20,53855,56525,59949,63798,64897,59940,8282,54
ON,Honda,Passport,2019,Used,15,21135,22804,26900,29493,30296,25892,120929,23
ON,Honda,Passport,2021,Used,17,29753,31900,33300,33995,34759,33303,84451,16
ON,Honda,Passport,2022,Used,14,30126,33284,35124,38644,41217,35808,77222,52
ON,Honda,Passport,2023,Used,12,34643,34964,37992,40945,41998,38197,79014,34
ON,Honda,Passport,2026,New,56,60634,61100,64307,65101,65575,63778,25,12
ON,Honda,Passport,2026,Used,34,58150,58924,60550,62742,64503,60952,18086,29
ON,Honda,Pilot,2012,Used,15,7399,9294,12995,15499,19333,13121,173100,20
ON,Honda,Pilot,2013,Used,13,7436,10500,12888,14488,14999,12665,197251,21
ON,Honda,Pilot,2015,Used,18,8006,9132,13950,21862,26080,15783,201712,22
ON,Honda,Pilot,2016,Used,52,15515,16968,18475,21571,23450,19337,179034,22
ON,Honda,Pilot,2017,Used,39,14946,16587,18995,22096,24915,19499,171365,37
ON,Honda,Pilot,2018,Used,16,18984,21499,22995,26078,32492,24600,141366,33
ON,Honda,Pilot,2019,Used,30,19475,21241,25450,28834,31095,25832,134402,20
ON,Honda,Pilot,2020,Used,25,22992,27395,29995,32500,36084,30061,112468,19
ON,Honda,Pilot,2021,Used,45,26935,29880,32900,35108,37995,32951,111120,22
ON,Honda,Pilot,2022,Used,62,31998,34660,37497,39897,42458,37142,79099,22
ON,Honda,Pilot,2023,Used,47,42374,44660,46988,49274,51463,47136,70831,43
ON,Honda,Pilot,2024,Used,30,43679,44374,48963,52146,53000,48635,70800,36
ON,Honda,Pilot,2025,Used,70,50376,51924,54369,55998,57089,54230,38063,43
ON,Honda,Pilot,2026,New,184,59407,65145,68577,69422,70196,66672,20,23
ON,Honda,Pilot,2026,Used,22,63920,65092,68546,69809,70748,67897,5642,55
ON,Honda,Prelude,2026,New,16,52245,53059,53744,56216,59678,54925,15,38
ON,Honda,Prologue,2026,New,13,67280,67640,68430,72740,72794,69555,41,47
ON,Honda,Ridgeline,2017,Used,25,16899,18999,20995,24000,29143,21742,183045,25
ON,Honda,Ridgeline,2018,Used,17,15912,22000,24999,27287,28856,24757,155725,23
ON,Honda,Ridgeline,2019,Used,24,22616,23992,27313,29249,33399,27226,138334,21
ON,Honda,Ridgeline,2021,Used,10,28795,31829,34992,37580,39416,34972,106153,19
ON,Honda,Ridgeline,2022,Used,25,35764,38383,39993,41995,44726,40319,75000,22
ON,Honda,Ridgeline,2023,Used,21,40904,41995,44395,45521,46200,43283,55633,36
ON,Honda,Ridgeline,2024,Used,14,44528,45995,46714,48224,50369,47020,52986,30
ON,Honda,Ridgeline,2025,Used,24,48265,49900,52398,53536,54845,51822,28106,22
ON,Honda,Ridgeline,2026,New,153,56700,59734,60935,62739,62792,60627,15,36
ON,Hyundai,Accent,2008,Used,11,3995,4097,4500,5745,6399,4974,153499,37
ON,Hyundai,Accent,2009,Used,11,2500,3992,4999,6246,6767,4930,135625,37
ON,Hyundai,Accent,2012,Used,15,4352,6345,7499,8332,8848,7180,131280,24
ON,Hyundai,Accent,2013,Used,35,4400,5944,7300,8198,8997,7037,149831,33
ON,Hyundai,Accent,2014,Used,23,3699,5744,6995,8894,10750,7077,175000,21
ON,Hyundai,Accent,2015,Used,29,5397,5990,6995,8995,11598,7692,152511,24
ON,Hyundai,Accent,2016,Used,26,6747,7999,8969,9995,11742,9205,129122,24
ON,Hyundai,Accent,2017,Used,24,6259,6998,9398,11996,14570,9819,110244,26
ON,Hyundai,Accent,2019,Used,30,9995,11520,11944,11944,13990,11893,153844,38
ON,Hyundai,Elantra,2009,Used,24,3261,4296,5494,6846,8684,6933,176484,37
ON,Hyundai,Elantra,2010,Used,19,3572,4645,5495,5995,6558,5157,185700,37
ON,Hyundai,Elantra,2011,Used,30,2860,5512,6595,7870,9990,6541,164178,37
ON,Hyundai,Elantra,2012,Used,36,3892,4964,6474,8924,9746,6860,160894,37
ON,Hyundai,Elantra,2013,Used,132,4024,6086,7497,8999,9999,7497,141000,24
ON,Hyundai,Elantra,2014,Used,68,5936,6998,8995,10496,12147,8789,138022,27
ON,Hyundai,Elantra,2015,Used,68,5994,6999,8725,9996,12648,9117,140577,34
ON,Hyundai,Elantra,2016,Used,104,6989,7994,9999,11495,12998,9961,131126,24
ON,Hyundai,Elantra,2017,Used,175,7999,9995,11495,13695,17896,12752,135000,23
ON,Hyundai,Elantra,2018,Used,137,8270,10499,12499,14499,16920,13358,131250,24
ON,Hyundai,Elantra,2019,Used,83,9958,11497,13990,15499,17557,13789,146946,22
ON,Hyundai,Elantra,2020,Used,144,12988,13972,14998,16999,20732,16053,105000,24
ON,Hyundai,Elantra,2021,Used,126,13997,15960,17984,19990,22797,18077,97471,23
ON,Hyundai,Elantra,2022,Used,167,15954,17888,18999,20995,24450,19731,86987,29
ON,Hyundai,Elantra,2023,Used,183,17990,19840,21990,23939,26990,22264,67381,22
ON,Hyundai,Elantra,2024,Used,143,19906,21969,23299,24996,27495,23439,43700,36
ON,Hyundai,Elantra,2025,New,116,28850,31132,33968,42124,44024,35962,50,55
ON,Hyundai,Elantra,2025,Used,280,22599,23995,25938,29000,33354,26931,23512,38
ON,Hyundai,Elantra,2026,New,2689,26699,28544,30899,34349,35752,31867,20,55
ON,Hyundai,Elantra,2026,Used,161,25695,27292,29849,33939,34995,30884,7890,38
ON,Hyundai,Genesis,2013,Used,18,7639,8665,10997,12912,14860,11135,131960,22
ON,Hyundai,Genesis,2015,Used,25,10995,11998,14800,16888,19195,14849,141726,20
ON,Hyundai,Genesis,2016,Used,11,9993,11497,13888,17100,17888,14159,141000,20
ON,Hyundai,IONIQ 5,2024,Used,18,26775,28700,37538,44616,46216,37003,19880,23
ON,Hyundai,IONIQ 5,2026,New,126,42450,47000,60096,64993,67396,57194,26,28
ON,Hyundai,IONIQ 9,2026,New,64,78305,80071,83649,85034,87267,82642,39,55
ON,Hyundai,IONIQ 9,2026,Used,12,79489,81304,83785,84506,84978,81912,9730,32
ON,Hyundai,Kona,2018,Used,29,11829,12990,14888,16262,17197,15235,128000,37
ON,Hyundai,Kona,2019,Used,43,12634,13972,16495,18494,19957,16444,116919,28
ON,Hyundai,Kona,2020,Used,44,13646,14964,17238,19246,21435,17223,105654,16
ON,Hyundai,Kona,2021,Used,38,14998,16998,19106,21442,24858,19845,91036,30
ON,Hyundai,Kona,2022,Used,60,18880,19997,21860,24528,27496,22334,75349,30
ON,Hyundai,Kona,2023,Used,90,20498,21984,23361,25494,27545,23942,59946,31
ON,Hyundai,Kona,2024,Used,114,23996,24999,27274,29898,31266,27587,44752,36
ON,Hyundai,Kona,2025,New,38,35190,37080,37823,38570,39401,37728,50,55
ON,Hyundai,Kona,2025,Used,148,27496,28710,30854,33728,36618,31477,20612,50
ON,Hyundai,Kona,2026,New,1098,31919,33649,36349,39760,42428,36701,25,55
ON,Hyundai,Kona,2026,Used,103,30835,32000,36099,39106,41937,35843,9940,34
ON,Hyundai,Kona,2027,New,566,31894,34249,37049,39749,42549,36922,25,12
ON,Hyundai,Kona,2027,Used,61,33045,35345,37845,39945,42995,37481,24000,8
ON,Hyundai,Kona Electric,2026,New,129,46401,47245,48399,50999,51915,48825,25,17
ON,Hyundai,Kona Electric,2026,Used,21,45595,45595,45595,48245,49995,47324,24000,8
ON,Hyundai,Palisade,2020,Used,37,18532,22888,24463,26995,30397,25302,133422,18
ON,Hyundai,Palisade,2021,Used,40,23659,26990,29910,32971,34447,29470,96634,26
ON,Hyundai,Palisade,2022,Used,43,27991,30732,33592,35745,39760,33462,94698,37
ON,Hyundai,Palisade,2023,Used,81,36820,38750,40392,42697,44321,40556,65700,38
ON,Hyundai,Palisade,2024,Used,97,37973,39999,45495,47900,48864,43993,50363,50
ON,Hyundai,Palisade,2025,Used,70,45738,47109,50432,53396,56238,50382,32732,51
ON,Hyundai,Palisade,2026,New,1274,62999,64899,65759,66406,68549,65249,25,37
ON,Hyundai,Palisade,2026,Used,170,58995,60005,64800,66156,69145,63666,12466,38
ON,Hyundai,Palisade,2027,New,89,58684,62525,67373,69591,71623,65953,25,11
ON,Hyundai,Palisade,2027,Used,13,64925,67195,69145,72045,72325,68772,24000,8
ON,Hyundai,Santa,2026,New,10,47522,50911,54136,59805,60802,54630,0,62
ON,Hyundai,Santa Cruz,2022,Used,27,26337,28195,29995,31996,32988,30668,81015,24
ON,Hyundai,Santa Cruz,2023,Used,24,29737,29915,31444,34006,34990,32063,67568,24
ON,Hyundai,Santa Cruz,2024,Used,37,31571,33420,34988,38913,39995,36288,55822,43
ON,Hyundai,Santa Cruz,2025,Used,17,35680,36988,37650,45499,50358,40712,39435,43
ON,Hyundai,Santa Fe,2009,Used,11,4195,4600,5998,7997,9800,6443,144023,37
ON,Hyundai,Santa Fe,2010,Used,16,3450,4742,7497,8496,12748,8110,193344,28
ON,Hyundai,Santa Fe,2011,Used,18,3956,4575,7122,8874,11148,7114,177468,22
ON,Hyundai,Santa Fe,2012,Used,19,5835,5997,7888,8995,9579,7773,170077,37
ON,Hyundai,Santa Fe,2013,Used,57,7895,9499,10999,12990,15999,11840,141343,21
ON,Hyundai,Santa Fe,2014,Used,58,7836,8996,10988,12494,14800,10930,157278,24
ON,Hyundai,Santa Fe,2015,Used,51,8700,9942,11995,13598,15999,12295,149742,37
ON,Hyundai,Santa Fe,2016,Used,61,9800,10950,12599,13999,14999,12271,145000,31
ON,Hyundai,Santa Fe,2017,Used,131,9787,11995,13800,14999,17599,14198,135650,24
ON,Hyundai,Santa Fe,2018,Used,73,11589,13900,14991,16699,18480,15182,136921,37
ON,Hyundai,Santa Fe,2019,Used,87,14626,15925,17888,20248,22995,18422,127322,30
ON,Hyundai,Santa Fe,2020,Used,89,16990,18558,20990,23697,26734,21265,108116,37
ON,Hyundai,Santa Fe,2021,Used,52,19088,21882,24944,27504,30363,24763,95242,24
ON,Hyundai,Santa Fe,2022,Used,65,23502,24890,26203,28775,32503,27182,82227,36
ON,Hyundai,Santa Fe,2023,Used,111,26199,28248,29999,32310,34988,30741,69690,31
ON,Hyundai,Santa Fe,2024,Used,88,38998,40884,42744,45184,47052,43160,35250,42
ON,Hyundai,Santa Fe,2025,New,29,53212,53545,54998,57549,57901,55077,75,55
ON,Hyundai,Santa Fe,2025,Used,122,38982,42116,45990,50111,54889,46463,23794,50
ON,Hyundai,Santa Fe,2026,New,1177,47409,51044,58469,60149,60899,55923,25,39
ON,Hyundai,Santa Fe,2026,Used,139,47185,50549,57549,60295,61908,55885,24000,8
ON,Hyundai,Santa Fe,2027,New,36,49190,52275,53265,59680,61015,55238,25,8
ON,Hyundai,Santa Fe XL,2015,Used,11,9900,10245,11220,13450,18888,13836,161648,37
ON,Hyundai,Santa Fe XL,2017,Used,28,10995,12712,13648,15999,17996,13876,141610,21
ON,Hyundai,Santa Fe XL,2018,Used,15,11598,13875,15995,16995,17645,15155,141500,17
ON,Hyundai,Sonata,2011,Used,17,3288,4950,6499,7999,9197,6495,172561,24
ON,Hyundai,Sonata,2012,Used,22,4380,6495,7698,9325,10447,7465,188408,20
ON,Hyundai,Sonata,2013,Used,40,5000,7366,8248,9891,11076,8406,136552,24
ON,Hyundai,Sonata,2014,Used,16,6972,6996,9195,10961,11744,9177,165059,20
ON,Hyundai,Sonata,2015,Used,49,7809,8995,11995,12999,14995,11714,137918,24
ON,Hyundai,Sonata,2016,Used,46,7994,8962,11247,13373,14992,11704,144500,24
ON,Hyundai,Sonata,2017,Used,36,7948,9847,12147,13560,15516,11758,132500,37
ON,Hyundai,Sonata,2018,Used,27,9993,10925,12488,14997,17835,13889,137864,30
ON,Hyundai,Sonata,2019,Used,19,10895,12372,13999,15594,16096,13458,137780,36
ON,Hyundai,Sonata,2020,Used,10,15988,16988,20184,23708,24134,20255,95772,36
ON,Hyundai,Sonata,2021,Used,28,15963,16929,19250,22221,24992,20019,109980,37
ON,Hyundai,Sonata,2022,Used,31,15988,17992,21995,25204,27495,22074,81393,30
ON,Hyundai,Sonata,2023,Used,27,20777,21974,22995,25990,27873,24121,79445,33
ON,Hyundai,Sonata,2024,Used,24,26891,27934,29754,32120,34731,30484,33813,55
ON,Hyundai,Sonata,2025,New,37,33611,35768,38069,41932,42455,38478,21,55
ON,Hyundai,Sonata,2025,Used,68,28348,28998,33202,35991,41784,33473,15814,54
ON,Hyundai,Sonata,2026,New,568,38299,38649,39294,39927,41515,39544,25,55
ON,Hyundai,Sonata,2026,Used,44,36695,36965,37972,39715,42498,38681,11359,45
ON,Hyundai,Tucson,2011,Used,17,5555,6999,8787,9499,10395,8125,160500,37
ON,Hyundai,Tucson,2012,Used,20,6835,8369,10995,11924,13095,10268,129869,30
ON,Hyundai,Tucson,2013,Used,21,7995,8989,10797,12995,13888,11513,153048,37
ON,Hyundai,Tucson,2014,Used,27,7532,8174,9850,12875,13680,10385,149620,37
ON,Hyundai,Tucson,2015,Used,25,7032,8995,9999,11000,12297,10028,135891,37
ON,Hyundai,Tucson,2016,Used,96,9995,10995,12998,14825,17497,14218,129000,24
ON,Hyundai,Tucson,2017,Used,137,10995,12390,13995,15800,17652,14483,131800,23
ON,Hyundai,Tucson,2018,Used,66,11925,12995,14314,15722,16954,14685,125829,24
ON,Hyundai,Tucson,2019,Used,81,13696,14950,16499,18888,20195,16909,123000,28
ON,Hyundai,Tucson,2020,Used,44,15996,16993,18994,20498,22726,19175,108116,31
ON,Hyundai,Tucson,2021,Used,55,17115,18308,20888,22660,25011,20851,98896,33
ON,Hyundai,Tucson,2022,Used,126,19992,21442,24742,27721,29974,24871,84310,28
ON,Hyundai,Tucson,2023,Used,118,21935,25489,28048,31422,33800,28152,77207,26
ON,Hyundai,Tucson,2024,Used,138,25890,28496,30910,34302,37687,31355,45805,37
ON,Hyundai,Tucson,2025,New,19,37349,38817,41641,45028,50103,43020,50,55
ON,Hyundai,Tucson,2025,Used,228,31996,34498,39906,43525,47540,39468,19325,47
ON,Hyundai,Tucson,2026,New,4319,38407,41578,46670,50328,51297,45692,25,52
ON,Hyundai,Tucson,2026,Used,482,37450,40124,43997,49346,51384,44427,9136,43
ON,Hyundai,Veloster,2012,Used,11,4500,5948,7900,8374,8995,7257,158196,18
ON,Hyundai,Veloster,2013,Used,13,5397,6998,8277,8995,11630,8326,158000,20
ON,Hyundai,Veloster,2016,Used,14,6148,6699,7997,9866,10663,8453,157636,18
ON,Hyundai,Veloster,2019,Used,11,9450,12497,14995,15848,16990,13861,134604,37
ON,Hyundai,Venue,2020,Used,21,11988,13700,14966,16999,18792,15084,107466,35
ON,Hyundai,Venue,2021,Used,28,14572,16299,17547,18546,19492,17290,78016,30
ON,Hyundai,Venue,2022,Used,34,15657,16661,17995,19681,21665,18196,60876,24
ON,Hyundai,Venue,2023,Used,50,15881,17123,19468,20999,22775,19503,51904,29
ON,Hyundai,Venue,2024,Used,51,18075,19560,20698,22348,23999,21037,52102,35
ON,Hyundai,Venue,2025,New,17,23423,24224,26396,28796,30223,26874,50,59
ON,Hyundai,Venue,2025,Used,85,20567,21500,22888,24495,26688,23594,27830,43
ON,Hyundai,Venue,2026,New,805,25007,26295,27820,29249,30195,27859,22,50
ON,Hyundai,Venue,2026,Used,73,25138,26399,27645,28145,30345,27564,24000,8
ON,Infiniti,EX35,2008,Used,10,3436,3698,4974,7961,9091,5787,183014,37
ON,Infiniti,EX35,2010,Used,11,3999,4689,5950,8200,15500,7755,199800,32
ON,Infiniti,G37,2009,Used,10,5984,7238,8990,10500,13295,9477,146262,29
ON,Infiniti,JX35,2013,Used,21,5000,5599,8995,13499,14950,9131,193000,32
ON,Infiniti,Q50,2014,Used,14,6140,7995,10997,14372,17509,12409,187276,28
ON,Infiniti,Q50,2015,Used,13,7798,12499,14995,15990,17346,14062,158000,21
ON,Infiniti,Q50,2016,Used,13,8358,12400,12995,15790,18234,14198,132000,37
ON,Infiniti,Q50,2017,Used,20,8899,14104,16972,18912,19379,16083,151690,21
ON,Infiniti,Q50,2018,Used,13,15197,17195,18999,23990,27996,20768,115318,33
ON,Infiniti,Q50,2024,Used,13,34169,35875,36571,36985,45789,38117,30954,16
ON,Infiniti,QX30,2017,Used,10,9170,10499,13997,15746,16084,13017,109130,23
ON,Infiniti,QX50,2019,Used,26,15225,16014,17938,19897,20998,18568,98076,24
ON,Infiniti,QX50,2021,Used,15,21319,21948,23777,25494,26595,23541,70381,24
ON,Infiniti,QX50,2022,Used,15,23892,25420,26595,27934,29195,26366,66988,17
ON,Infiniti,QX50,2025,New,48,44991,47973,49356,61590,62040,52606,50,61
ON,Infiniti,QX50,2025,Used,64,43003,43990,44973,47100,62181,47384,1500,57
ON,Infiniti,QX55,2022,Used,12,25119,26548,27320,28746,33599,28036,70295,29
ON,Infiniti,QX60,2014,Used,16,6248,8500,10939,14479,18575,11771,169000,20
ON,Infiniti,QX60,2015,Used,20,9270,9998,12244,14138,22520,13562,147241,23
ON,Infiniti,QX60,2016,Used,13,9991,10300,12999,19998,23579,15234,173290,37
ON,Infiniti,QX60,2017,Used,41,10495,11999,14200,16999,19999,15195,147671,24
ON,Infiniti,QX60,2018,Used,15,13394,14898,15995,17448,20193,16045,129250,30
ON,Infiniti,QX60,2019,Used,15,10597,13642,16995,18748,22397,17037,143100,24
ON,Infiniti,QX60,2020,Used,18,17111,18446,22497,24741,28516,22158,129508,30
ON,Infiniti,QX60,2022,Used,17,32273,33697,37989,39399,39985,36577,68069,35
ON,Infiniti,QX60,2023,Used,36,31697,38878,41046,45062,48438,41285,54404,30
ON,Infiniti,QX60,2024,Used,62,40218,41720,43710,46299,48975,44432,38073,24
ON,Infiniti,QX60,2025,Used,30,49565,49999,51900,56181,56989,53043,9774,54
ON,Infiniti,QX60,2026,New,49,69690,70738,73740,73952,82320,74369,55,52
ON,Infiniti,QX60,2026,Used,35,67373,70290,73290,74456,82932,73526,90,59
ON,Infiniti,QX60,2027,New,123,71190,71290,73567,81540,82952,75286,55,20
ON,Infiniti,QX65,2027,New,184,70290,73190,74111,80040,80759,75972,50,34
ON,Infiniti,QX65,2027,Used,18,71112,73290,75351,81092,84240,76612,90,47
ON,Infiniti,QX80,2024,Used,15,42199,45994,52995,55795,56635,51135,60563,30
ON,Infiniti,QX80,2026,New,54,105723,110690,122340,131702,133497,120830,55,54
ON,Infiniti,QX80,2026,Used,45,93746,99972,105273,115723,122432,106480,6500,59
ON,Infiniti,QX80,2027,New,32,111361,123958,132590,135043,139173,129013,55,37
ON,Jaguar,F-PACE,2017,Used,21,13800,13999,16499,18900,22506,17012,146537,26
ON,Jaguar,F-PACE,2018,Used,21,14500,16990,18998,24999,26111,20182,115935,38
ON,Jaguar,F-PACE,2019,Used,16,15919,18632,21894,24961,24998,21506,96712,36
ON,Jaguar,F-PACE,2020,Used,14,19649,23488,27894,32248,35910,27891,93092,37
ON,Jaguar,F-PACE,2023,Used,17,39474,40995,42998,49400,71473,48789,55098,37
ON,Jaguar,F-PACE,2026,New,96,75084,77155,80656,87389,91686,83866,90,58
ON,Jaguar,F-PACE,2026,Used,17,64598,69888,75000,80000,84399,76166,9899,58
ON,Jaguar,XE,2017,Used,12,10210,13336,13990,16124,18890,14608,123462,22
ON,Jeep,Cherokee,2014,Used,38,7255,8573,10048,11724,13299,10233,152584,35
ON,Jeep,Cherokee,2015,Used,60,5999,8719,10506,13459,15085,10920,148000,23
ON,Jeep,Cherokee,2016,Used,89,7972,9995,11495,13235,15835,11901,154977,23
ON,Jeep,Cherokee,2017,Used,42,8455,9883,13494,15871,17860,12960,154104,25
ON,Jeep,Cherokee,2018,Used,27,10890,11490,13499,16748,20198,14623,158000,37
ON,Jeep,Cherokee,2019,Used,89,12093,14950,17900,19995,21999,17712,131500,33
ON,Jeep,Cherokee,2020,Used,29,15482,17995,21599,23000,26076,20728,105425,24
ON,Jeep,Cherokee,2021,Used,49,19998,22438,24990,26995,28568,24383,102508,25
ON,Jeep,Cherokee,2022,Used,76,24204,26800,27995,29896,31132,28027,75274,33
ON,Jeep,Cherokee,2023,Used,27,31183,31992,33400,34996,37075,33534,42352,53
ON,Jeep,Cherokee,2026,New,1462,46260,47885,53796,56797,58874,52422,0,54
ON,Jeep,Cherokee,2026,Used,96,44305,46225,49995,54505,57420,51335,5176,50
ON,Jeep,Cherokee,2027,New,38,47973,49380,54880,59915,61830,54606,50,14
ON,Jeep,Compass,2012,Used,11,2695,4874,6900,8633,9799,6614,194350,17
ON,Jeep,Compass,2015,Used,15,4999,7282,9750,9995,10991,8891,152000,32
ON,Jeep,Compass,2016,Used,19,7820,8925,10400,11456,12428,10449,121601,22
ON,Jeep,Compass,2017,Used,16,9194,10866,12994,14495,16995,12771,147030,37
ON,Jeep,Compass,2018,Used,50,10404,13124,14988,17935,18910,15167,132879,24
ON,Jeep,Compass,2019,Used,28,13410,15373,17450,19824,22384,17693,110814,36
ON,Jeep,Compass,2020,Used,14,16913,17123,18806,19791,20232,18304,106160,30
ON,Jeep,Compass,2021,Used,46,17938,19990,22258,23976,24994,21878,86177,36
ON,Jeep,Compass,2022,Used,63,20775,22628,25500,26950,28862,25045,61208,39
ON,Jeep,Compass,2023,Used,39,23974,25434,27490,29895,33194,27955,37800,51
ON,Jeep,Compass,2024,Used,186,25992,27412,28995,29995,32117,28983,29780,52
ON,Jeep,Compass,2025,New,57,31249,32895,34289,35690,37569,34744,6,55
ON,Jeep,Compass,2025,Used,133,28613,29992,31995,34988,37672,32644,9731,53
ON,Jeep,Compass,2026,New,981,36847,39988,43187,45995,48205,43094,10,55
ON,Jeep,Compass,2026,Used,122,32993,35986,38992,41979,47137,39441,3438,55
ON,Jeep,Gladiator,2020,Used,17,29476,31999,34400,39490,40357,35281,95462,23
ON,Jeep,Gladiator,2021,Used,28,30999,33945,35995,39891,40698,36830,87260,31
ON,Jeep,Gladiator,2022,Used,16,36246,37374,40748,43249,45972,41019,67512,44
ON,Jeep,Gladiator,2023,Used,33,40577,42975,45100,47921,49475,45276,48030,33
ON,Jeep,Gladiator,2026,New,382,56998,58998,61010,64040,75117,63223,8,55
ON,Jeep,Gladiator,2026,Used,12,55849,58232,60142,70018,78328,64373,9408,46
ON,Jeep,Gladiator,2027,New,13,59255,59995,60734,73475,77087,65314,,15
ON,Jeep,Grand Cherokee,2011,Used,16,4250,4998,6998,10248,12220,8119,201435,28
ON,Jeep,Grand Cherokee,2012,Used,12,5999,6748,9988,11974,14945,9817,195295,28
ON,Jeep,Grand Cherokee,2014,Used,33,7460,10799,13888,15995,17069,13467,194887,22
ON,Jeep,Grand Cherokee,2015,Used,39,10519,13011,15000,18747,21918,15772,153376,21
ON,Jeep,Grand Cherokee,2016,Used,16,9998,14746,16448,21983,30540,19274,154806,28
ON,Jeep,Grand Cherokee,2017,Used,27,14555,15844,19988,23300,42398,22244,159320,18
ON,Jeep,Grand Cherokee,2018,Used,39,17371,18650,21900,23600,28828,24161,133292,21
ON,Jeep,Grand Cherokee,2019,Used,50,17848,20221,23600,26374,30150,25351,127424,37
ON,Jeep,Grand Cherokee,2020,Used,53,21809,23995,26992,29617,31678,27601,118326,24
ON,Jeep,Grand Cherokee,2021,Used,85,24272,26900,29992,33489,36370,30133,102903,28
ON,Jeep,Grand Cherokee,2022,Used,80,29741,32666,35995,42066,46517,37367,70986,45
ON,Jeep,Grand Cherokee,2023,Used,146,31895,35967,43992,49995,59939,44642,59775,46
ON,Jeep,Grand Cherokee,2024,Used,91,36495,38916,40998,47897,57310,43685,49355,38
ON,Jeep,Grand Cherokee,2025,New,43,53568,55806,58105,65386,72109,61450,0,55
ON,Jeep,Grand Cherokee,2025,Used,105,49329,53142,58480,65886,68886,59159,7933,55
ON,Jeep,Grand Cherokee,2026,New,651,63428,65824,68498,72185,74452,69451,0,54
ON,Jeep,Grand Cherokee,2026,Used,21,57998,64995,67998,76698,82696,69705,2600,51
ON,Jeep,Grand Cherokee,2027,New,22,71475,74463,77815,86622,89856,79534,,17
ON,Jeep,Grand Cherokee L,2021,Used,26,29222,29993,33448,38607,42248,34750,99222,38
ON,Jeep,Grand Cherokee L,2022,Used,35,32357,36378,39400,42912,47177,40180,80432,38
ON,Jeep,Grand Cherokee L,2023,Used,32,30094,36240,43248,48991,54978,42371,67656,36
ON,Jeep,Grand Cherokee L,2024,Used,71,36000,37938,42990,53749,61889,45900,71282,51
ON,Jeep,Grand Cherokee L,2025,New,25,57000,58295,61395,66643,71240,63242,11,55
ON,Jeep,Grand Cherokee L,2025,Used,52,54604,56406,59092,66207,73739,61849,8788,53
ON,Jeep,Grand Cherokee L,2026,New,293,67012,70280,72885,75480,77072,72950,6,55
ON,Jeep,Grand Cherokee L,2027,New,23,73594,76822,80823,90204,92471,81349,,20
ON,Jeep,Grand Wagoneer,2022,Used,11,54995,56423,59987,67994,69999,61455,74271,52
ON,Jeep,Grand Wagoneer,2026,New,125,93231,97585,100034,107215,121118,103399,9,54
ON,Jeep,Grand Wagoneer,2026,Used,11,97295,99076,100435,112290,119777,105105,9000,47
ON,Jeep,Grand Wagoneer L,2026,New,24,98257,103663,108148,113271,132618,111296,0,53
ON,Jeep,Patriot,2015,Used,14,4650,5965,7972,9980,11749,7956,178000,21
ON,Jeep,Patriot,2016,Used,28,5138,7746,10474,11656,12992,9814,157924,38
ON,Jeep,Wagoneer,2022,Used,18,44544,45563,47934,54879,59266,51169,87817,47
ON,Jeep,Wagoneer,2023,Used,18,53899,57949,61406,68210,69999,62443,56430,53
ON,Jeep,Wagoneer,2024,Used,22,46048,49169,52995,55745,70795,54739,91678,28
ON,Jeep,Wagoneer,2025,New,21,75000,78998,82485,87785,88645,83011,10,55
ON,Jeep,Wagoneer,2025,Used,14,55098,63021,75650,84468,89395,73705,11254,48
ON,Jeep,Wrangler,2008,Used,13,5916,8945,9950,11492,11997,9877,211063,24
ON,Jeep,Wrangler,2012,Used,14,11298,13996,14725,15999,16982,14554,168606,24
ON,Jeep,Wrangler,2013,Used,19,12900,13974,16600,18774,21195,17061,167586,24
ON,Jeep,Wrangler,2014,Used,34,12162,13999,17692,18994,19998,16549,172097,22
ON,Jeep,Wrangler,2015,Used,36,13748,14971,16244,19597,20995,17157,153978,24
ON,Jeep,Wrangler,2016,Used,53,14909,16500,19497,20992,23741,19037,145003,24
ON,Jeep,Wrangler,2017,Used,36,15650,18741,20400,23786,28347,21784,130988,26
ON,Jeep,Wrangler,2018,Used,74,17266,19996,23892,27682,29995,23812,126209,30
ON,Jeep,Wrangler,2019,Used,76,19997,22996,25942,29204,31537,26387,116885,24
ON,Jeep,Wrangler,2020,Used,61,24800,26770,29950,33520,36316,30277,101453,36
ON,Jeep,Wrangler,2021,Used,186,28272,30790,33892,36992,39948,34115,82594,32
ON,Jeep,Wrangler,2022,Used,113,30135,33900,36995,39988,41999,37187,74099,29
ON,Jeep,Wrangler,2023,Used,249,34994,36984,38940,41295,45039,39487,54872,30
ON,Jeep,Wrangler,2024,Used,204,37119,42505,46996,52995,61348,48897,30610,43
ON,Jeep,Wrangler,2025,New,14,54373,56912,62970,75603,78138,65340,25,57
ON,Jeep,Wrangler,2025,Used,140,45895,51623,54995,59032,64031,55471,2350,55
ON,Jeep,Wrangler,2026,New,1245,56808,60625,64980,70121,77397,66842,0,55
ON,Jeep,Wrangler,2026,Used,58,50684,57608,62410,69953,78140,63586,3020,55
ON,Jeep,Wrangler,2027,New,114,56628,71319,73583,77388,88110,74035,15,8
ON,Kia,Carnival,2022,Used,10,19999,26165,32452,35221,38467,30963,122400,24
ON,Kia,Carnival,2023,Used,16,31358,32374,34548,37865,39221,35260,77750,22
ON,Kia,Carnival,2024,Used,40,31940,36359,39752,43676,45899,39615,68254,40
ON,Kia,Carnival,2025,Used,40,40000,43744,46442,49137,54245,46924,35386,43
ON,Kia,Carnival,2026,New,241,46507,49752,53345,56380,59597,53128,25,54
ON,Kia,Carnival,2026,Used,70,44819,48685,53308,57388,58283,52650,5496,53
ON,Kia,Carnival,2027,New,361,48830,51730,54348,57476,59600,54178,20,8
ON,Kia,Carnival,2027,Used,20,48871,51918,54257,59332,61981,54569,24000,13
ON,Kia,EV4,2026,New,72,46674,49820,52054,54530,55267,51492,25,53
ON,Kia,EV5,2027,New,85,50030,51095,52595,58225,61542,54638,35,25
ON,Kia,EV6,2024,Used,10,39200,39982,42162,45020,51657,44793,42517,34
ON,Kia,EV9,2026,New,118,63701,72995,74615,82030,83322,75664,35,51
ON,Kia,EV9,2026,Used,24,65005,69745,77498,81832,82066,74835,13962,26
ON,Kia,Forte,2010,Used,13,1919,3999,4990,7490,8396,5212,202168,37
ON,Kia,Forte,2011,Used,10,3000,4546,5744,8166,9095,6076,178306,37
ON,Kia,Forte,2012,Used,11,2995,4998,5900,7097,8695,5815,200000,31
ON,Kia,Forte,2014,Used,32,5500,5988,6999,8248,9449,7141,169118,26
ON,Kia,Forte,2015,Used,25,5928,6800,7990,9999,11740,8585,148000,24
ON,Kia,Forte,2016,Used,28,6046,7063,8747,10996,12733,9156,141008,24
ON,Kia,Forte,2017,Used,26,7495,8309,9766,10337,11990,9617,149656,27
ON,Kia,Forte,2018,Used,35,6393,7999,9995,11998,13766,10271,152323,37
ON,Kia,Forte,2019,Used,23,9891,10925,12500,15600,17482,13415,133300,30
ON,Kia,Forte,2020,Used,49,11393,13490,15499,17499,18999,15428,97000,37
ON,Kia,Forte,2021,Used,46,14000,14991,16662,18741,21240,17243,88550,37
ON,Kia,Forte,2022,Used,39,14898,17297,18698,19995,22297,19444,83384,37
ON,Kia,Forte,2023,Used,58,17993,18888,20100,21896,22809,20472,69471,34
ON,Kia,Forte,2024,Used,48,18855,19995,21499,22772,23990,21399,60128,30
ON,Kia,K4,2025,New,23,26977,27360,29080,30049,33903,29689,50,58
ON,Kia,K4,2025,Used,84,23495,24810,25999,28058,29983,26550,19691,38
ON,Kia,K4,2026,New,500,27539,30123,32035,34345,37876,32377,31,42
ON,Kia,K4,2026,Used,48,22500,22960,25992,30131,34955,27216,9422,13
ON,Kia,Niro,2023,Used,12,25891,26745,29497,30864,31895,29535,56170,62
ON,Kia,Niro,2025,New,11,34319,38166,40719,42878,43135,40020,20,62
ON,Kia,Niro,2025,Used,21,29012,31688,33145,34745,35986,33213,17124,43
ON,Kia,Niro,2026,New,330,33690,35816,38674,43187,48643,40064,26,53
ON,Kia,Niro,2026,Used,44,34897,35282,38582,48032,48032,41231,24000,13
ON,Kia,Niro EV,2023,Used,10,26764,27888,29942,31496,34184,30722,64777,12
ON,Kia,Niro EV,2026,New,527,43575,45161,50179,51032,55945,49048,22,53
ON,Kia,Optima,2012,Used,13,6042,6350,7995,9999,11795,8465,149280,24
ON,Kia,Optima,2013,Used,23,3850,5992,8998,9966,11698,8061,159659,18
ON,Kia,Optima,2015,Used,19,7720,8699,9999,12200,13596,10557,133000,23
ON,Kia,Optima,2016,Used,16,5248,7799,9650,11524,13248,9510,161478,38
ON,Kia,Optima,2018,Used,14,6764,8616,11989,15671,16754,11705,128082,37
ON,Kia,Rio,2013,Used,29,4810,4995,6895,7988,8920,6590,156448,24
ON,Kia,Rio,2014,Used,14,4242,4990,5497,7346,9043,6189,172071,37
ON,Kia,Rio,2016,Used,12,7319,7777,8497,10122,10947,9160,122286,20
ON,Kia,Rio,2018,Used,12,8899,9365,10995,13999,17449,12070,137676,35
ON,Kia,Rio,2023,Used,14,15965,17071,17835,18842,19806,18469,78262,27
ON,Kia,Rondo,2012,Used,11,2995,3099,6499,6997,7500,5550,169554,31
ON,Kia,Rondo,2014,Used,20,4648,4995,7497,8840,10986,7328,157416,37
ON,Kia,Sedona,2016,Used,18,9939,11121,12100,13624,16195,13452,158046,22
ON,Kia,Sedona,2017,Used,15,8195,11200,14900,16704,18531,13757,170000,24
ON,Kia,Sedona,2018,Used,10,9799,11498,13247,18290,25610,15757,162250,30
ON,Kia,Sedona,2019,Used,17,12297,14488,15980,19990,20995,17530,158424,24
ON,Kia,Sedona,2020,Used,14,15536,17172,22758,24995,25832,21072,132472,20
ON,Kia,Seltos,2021,Used,66,15598,17123,18999,20796,22222,19142,106570,24
ON,Kia,Seltos,2022,Used,43,17882,19942,21499,22996,24890,21461,84167,29
ON,Kia,Seltos,2023,Used,93,21570,22799,23999,25988,27399,24238,57173,29
ON,Kia,Seltos,2024,Used,126,22418,23891,25155,27998,30706,25986,63215,36
ON,Kia,Seltos,2025,Used,63,24920,26500,28444,32492,34694,29369,38647,38
ON,Kia,Seltos,2026,New,102,34378,39732,40481,41185,43031,39613,25,58
ON,Kia,Seltos,2026,Used,85,26916,29599,32822,36888,39455,33197,11215,43
ON,Kia,Seltos,2027,New,808,30980,32272,33895,38913,41780,35407,24,16
ON,Kia,Seltos,2027,Used,49,31731,31731,33731,40031,42531,36056,24000,15
ON,Kia,Sorento,2012,Used,15,3997,5749,6999,10497,12320,8137,136101,21
ON,Kia,Sorento,2013,Used,17,6069,6995,9995,11988,14200,9972,157000,37
ON,Kia,Sorento,2014,Used,14,5010,7249,8997,10742,11346,8787,183246,24
ON,Kia,Sorento,2015,Used,35,6253,8247,9995,12198,14300,10108,156108,23
ON,Kia,Sorento,2016,Used,47,8952,9995,11989,13948,16920,12914,150707,23
ON,Kia,Sorento,2017,Used,27,9995,10997,12600,14888,15679,12591,142386,20
ON,Kia,Sorento,2018,Used,28,8966,10999,13247,14998,23521,14506,161500,37
ON,Kia,Sorento,2019,Used,47,11973,14250,16980,18997,21393,16721,132201,33
ON,Kia,Sorento,2020,Used,32,13016,14442,18470,20998,24849,18202,131176,29
ON,Kia,Sorento,2021,Used,32,20995,22978,24938,26411,28405,24727,89169,20
ON,Kia,Sorento,2022,Used,34,25295,26913,28442,31634,33152,28972,93716,32
ON,Kia,Sorento,2023,Used,45,28992,29995,33999,35790,36510,33214,59015,38
ON,Kia,Sorento,2024,Used,35,33156,36339,38999,42256,44398,38999,44894,43
ON,Kia,Sorento,2025,Used,108,37399,39999,43788,48370,52154,44401,20497,48
ON,Kia,Sorento,2026,New,575,46819,48880,51060,55145,59742,52316,23,53
ON,Kia,Sorento,2026,Used,60,48026,49631,53280,59320,63245,54352,13472,47
ON,Kia,Soul,2013,Used,23,2920,5388,7850,9822,9999,7330,138000,24
ON,Kia,Soul,2014,Used,20,4899,6800,7598,8959,9917,7740,169500,25
ON,Kia,Soul,2015,Used,38,5845,6999,7972,9721,10801,8267,153976,37
ON,Kia,Soul,2016,Used,40,5981,6998,8900,10995,12616,9271,148550,24
ON,Kia,Soul,2017,Used,16,8148,9956,11414,12850,14899,12401,122864,32
ON,Kia,Soul,2018,Used,25,8395,9995,10950,11500,12351,10594,129100,24
ON,Kia,Soul,2019,Used,25,8194,9699,12780,15988,17435,12867,108060,29
ON,Kia,Soul,2020,Used,50,10847,12991,14724,16998,18938,15026,116674,30
ON,Kia,Soul,2021,Used,23,11860,14862,15995,19706,22000,16896,104833,24
ON,Kia,Soul,2022,Used,23,15160,17586,19980,21240,22995,19689,71704,26
ON,Kia,Soul,2023,Used,24,19429,19971,21622,23120,25345,22489,69488,38
ON,Kia,Sportage,2017,Used,44,10148,11664,12980,14917,15997,13432,126538,24
ON,Kia,Sportage,2018,Used,20,9407,11419,15190,16815,18896,13928,135034,37
ON,Kia,Sportage,2019,Used,20,9770,11798,14844,16996,19029,14622,126710,20
ON,Kia,Sportage,2020,Used,34,14290,16221,17939,19871,20877,17936,109876,35
ON,Kia,Sportage,2021,Used,19,17950,19624,20144,22839,24379,20912,81000,17
ON,Kia,Sportage,2022,Used,30,18653,21120,22398,23995,25864,22515,72302,43
ON,Kia,Sportage,2023,Used,176,23576,25015,27946,31408,33992,28369,65313,37
ON,Kia,Sportage,2024,Used,104,23426,25464,28987,31496,33994,28651,60169,43
ON,Kia,Sportage,2025,Used,53,28456,31348,34095,38299,43386,35157,24926,38
ON,Kia,Sportage,2026,New,1531,37845,41600,44027,45900,48927,43834,25,47
ON,Kia,Sportage,2026,Used,218,35172,37716,41980,45481,48486,41860,14968,36
ON,Kia,Sportage,2027,New,711,44180,44939,47180,50430,51560,47582,21,23
ON,Kia,Sportage,2027,Used,46,44781,44931,47931,51181,51431,47966,24000,13
ON,Kia,Telluride,2020,Used,25,19498,22147,26995,29999,35168,26784,138995,37
ON,Kia,Telluride,2021,Used,11,19587,24688,28545,29925,29999,26501,141686,22
ON,Kia,Telluride,2022,Used,18,30208,32165,34994,38316,43998,35872,98747,44
ON,Kia,Telluride,2023,Used,46,36946,38770,40990,44790,46998,41602,64788,52
ON,Kia,Telluride,2024,Used,25,39195,42687,44999,46990,48809,44896,56100,43
ON,Land Rover,Defender,2022,Used,12,53910,54666,58944,70425,75720,62663,68548,38
ON,Land Rover,Defender,2023,Used,44,53994,55966,59644,65805,83346,63455,60778,26
ON,Land Rover,Defender,2024,Used,33,63198,68888,72995,83790,93632,77086,37500,25
ON,Land Rover,Defender,2025,Used,40,68780,72442,76944,92248,99233,84870,18602,42
ON,Land Rover,Defender,2026,New,246,92060,97152,106629,118801,145198,112349,88,39
ON,Land Rover,Defender,2026,Used,27,84993,87940,90171,104604,116659,99277,300,53
ON,Land Rover,Discovery,2026,New,16,89136,90405,92466,96376,98804,93814,88,58
ON,Land Rover,Discovery Sport,2016,Used,20,9999,11860,12997,15749,16908,13693,121440,38
ON,Land Rover,Discovery Sport,2017,Used,15,12176,12999,13999,15474,18860,14908,131153,29
ON,Land Rover,Discovery Sport,2020,Used,10,17988,19366,23469,27391,28919,23588,92276,26
ON,Land Rover,Discovery Sport,2023,Used,12,32518,32944,34790,34995,35799,34159,44126,38
ON,Land Rover,Discovery Sport,2026,New,16,67418,67950,68852,70034,72172,69415,89,58
ON,Land Rover,Range Rover,2019,Used,15,39239,42444,47998,51497,55999,51525,111709,23
ON,Land Rover,Range Rover,2020,Used,23,37198,40469,47975,56754,62320,55343,91500,38
ON,Land Rover,Range Rover,2022,Used,11,51988,54999,61999,66950,69499,61031,71000,23
ON,Land Rover,Range Rover,2023,Used,38,99385,109220,114949,124707,136498,118478,61576,35
ON,Land Rover,Range Rover,2024,Used,11,126777,128485,136980,142442,155800,139378,36391,37
ON,Land Rover,Range Rover,2025,Used,12,139389,144488,148376,160592,171049,152604,26064,52
ON,Land Rover,Range Rover,2026,New,86,164680,180540,191946,201915,226339,193386,89,39
ON,Land Rover,Range Rover,2026,Used,10,162475,168404,179370,191798,234798,195454,3287,46
ON,Land Rover,Range Rover Evoque,2016,Used,10,12644,13998,14499,16444,16910,14625,133373,20
ON,Land Rover,Range Rover Evoque,2017,Used,10,12898,15260,18224,19582,22064,18463,77230,37
ON,Land Rover,Range Rover Evoque,2018,Used,15,16395,17720,18780,21091,23945,20257,95506,38
ON,Land Rover,Range Rover Evoque,2020,Used,33,21536,22995,24995,27900,29698,25202,79005,37
ON,Land Rover,Range Rover Evoque,2023,Used,22,33529,34121,36939,39373,39997,36936,43802,36
ON,Land Rover,Range Rover Evoque,2024,Used,11,40888,41498,42499,44743,45888,43158,28112,26
ON,Land Rover,Range Rover Evoque,2025,Used,14,46295,48486,50748,52998,62670,52543,12030,58
ON,Land Rover,Range Rover Evoque,2026,New,40,66998,69174,71100,72634,73367,70915,80,58
ON,Land Rover,Range Rover Evoque,2026,Used,40,49995,49995,52996,55998,60089,54169,11106,58
ON,Land Rover,Range Rover Sport,2014,Used,13,16160,18995,19999,32950,33966,24413,146558,24
ON,Land Rover,Range Rover Sport,2015,Used,11,12999,19844,23499,26499,29900,23952,151610,24
ON,Land Rover,Range Rover Sport,2016,Used,29,18792,19999,22990,29990,44096,27476,139000,24
ON,Land Rover,Range Rover Sport,2017,Used,23,18377,22494,25995,32694,34976,27201,121600,37
ON,Land Rover,Range Rover Sport,2018,Used,10,30702,33234,37749,42996,45999,38720,83074,30
ON,Land Rover,Range Rover Sport,2019,Used,17,33591,34999,38777,47990,55592,42290,87703,24
ON,Land Rover,Range Rover Sport,2020,Used,24,33076,34964,38330,43541,51610,40467,100047,37
ON,Land Rover,Range Rover Sport,2021,Used,18,39395,42996,45494,49968,57490,48440,92674,36
ON,Land Rover,Range Rover Sport,2022,Used,32,44999,51350,56442,63992,69794,58341,70197,38
ON,Land Rover,Range Rover Sport,2023,Used,30,76871,79882,84498,86999,92078,85131,51106,37
ON,Land Rover,Range Rover Sport,2024,Used,16,84492,89410,92388,96874,102400,92836,51237,27
ON,Land Rover,Range Rover Sport,2025,New,14,117726,120916,133364,139999,161556,144832,90,58
ON,Land Rover,Range Rover Sport,2025,Used,21,108789,113754,119995,132985,135998,126440,11914,50
ON,Land Rover,Range Rover Sport,2026,New,233,110512,114044,135495,148971,157838,133368,90,39
ON,Land Rover,Range Rover Sport,2026,Used,13,99551,105995,118888,127995,141715,119724,102,53
ON,Land Rover,Range Rover Velar,2018,Used,10,22974,23243,25940,28986,30140,26408,107316,24
ON,Land Rover,Range Rover Velar,2020,Used,19,26456,28745,34700,40580,49198,37085,86742,37
ON,Land Rover,Range Rover Velar,2022,Used,12,32894,33222,36990,40221,52238,39115,61820,31
ON,Land Rover,Range Rover Velar,2023,Used,27,39125,40990,42773,46098,49932,43472,58984,39
ON,Land Rover,Range Rover Velar,2024,Used,13,49155,51988,54407,57866,57997,54202,32484,39
ON,Land Rover,Range Rover Velar,2026,New,207,80349,82702,86606,92374,99117,88057,90,58
ON,Land Rover,Range Rover Velar,2026,Used,42,65998,70000,75000,82374,86949,76588,5466,58
ON,Lexus,ES,2011,Used,12,7998,8994,12342,13736,15843,11874,188070,37
ON,Lexus,ES,2013,Used,17,11500,12889,15795,17695,18519,15238,186296,21
ON,Lexus,ES,2014,Used,10,13430,15221,17490,17999,21198,17136,172737,29
ON,Lexus,ES,2019,Used,11,23990,28693,29950,31952,31995,28537,116617,31
ON,Lexus,ES,2026,New,20,66220,66910,69515,72210,80113,70627,35,35
ON,Lexus,GS,2013,Used,12,11262,14661,18495,21616,24832,18062,162064,21
ON,Lexus,IS,2008,Used,10,4755,6050,8494,11415,17280,13630,198248,20
ON,Lexus,IS,2014,Used,16,16244,17580,17999,18996,19999,18313,166275,21
ON,Lexus,IS,2015,Used,16,14394,14994,17249,21991,23435,18744,181165,37
ON,Lexus,IS,2016,Used,16,17642,18995,22492,26393,27994,22620,145007,26
ON,Lexus,IS,2017,Used,16,18949,21719,23992,24914,26384,23163,127546,22
ON,Lexus,IS,2022,Used,15,33192,35791,37800,41700,43680,38327,69080,24
ON,Lexus,IS,2023,Used,14,38515,41690,43444,47746,65801,47369,43844,24
ON,Lexus,IS,2024,Used,27,43166,44229,46995,49223,58397,49158,27285,24
ON,Lexus,IS,2026,New,45,59420,59810,63767,69672,70322,63762,4,41
ON,Lexus,IS,2026,Used,17,58765,59900,63500,65900,70446,63831,2838,55
ON,Lexus,LX,2026,New,30,131726,145687,146871,150242,150892,140159,3,53
ON,Lexus,NX,2015,Used,16,19397,21998,22994,24991,25994,23007,106360,24
ON,Lexus,NX,2017,Used,31,18990,21485,23988,27488,28998,24717,112956,24
ON,Lexus,NX,2018,Used,13,23599,24895,27999,28999,31194,27370,106475,21
ON,Lexus,NX,2019,Used,21,23999,25777,27995,30999,34600,28423,112000,23
ON,Lexus,NX,2020,Used,20,25794,26778,29395,31979,34749,30100,90042,26
ON,Lexus,NX,2021,Used,32,27148,30165,32212,34420,34998,31967,82954,37
ON,Lexus,NX,2022,Used,52,36410,39930,41690,43995,47719,41580,73003,24
ON,Lexus,NX,2023,Used,30,37606,39219,43792,45336,46537,42267,53172,20
ON,Lexus,NX,2024,Used,78,42894,45323,47995,51215,54929,48175,38158,23
ON,Lexus,NX,2025,Used,58,44867,47620,51438,54474,57891,51744,26757,38
ON,Lexus,NX,2026,New,371,56385,58437,62577,68644,73215,63840,35,25
ON,Lexus,NX,2026,Used,64,55730,58289,60132,64039,70928,61575,5355,55
ON,Lexus,RX,2008,Used,19,5710,6470,8999,10997,11499,8575,228390,37
ON,Lexus,RX,2010,Used,22,10910,11596,13247,13998,15944,13073,205000,37
ON,Lexus,RX,2011,Used,16,10249,11349,13998,15749,18444,13953,171573,24
ON,Lexus,RX,2013,Used,21,13999,15995,17922,18995,19990,17474,165876,21
ON,Lexus,RX,2014,Used,12,15104,16872,17992,19243,19994,17860,182228,24
ON,Lexus,RX,2015,Used,34,15613,17620,19888,21963,24214,20019,168472,37
ON,Lexus,RX,2016,Used,15,24989,24995,27788,29448,34726,28863,136586,20
ON,Lexus,RX,2017,Used,32,26994,28888,30248,33782,35799,31594,107678,22
ON,Lexus,RX,2018,Used,35,29098,31998,33956,34997,36465,33208,94071,23
ON,Lexus,RX,2019,Used,24,31850,33979,35702,36995,39592,35617,95793,30
ON,Lexus,RX,2020,Used,16,33224,34746,37890,39997,41496,37771,85918,22
ON,Lexus,RX,2022,Used,38,37996,40241,42904,45772,49916,43540,68274,37
ON,Lexus,RX,2023,Used,68,46632,47994,50949,54998,58421,51788,52933,24
ON,Lexus,RX,2024,Used,78,50366,52237,56699,59997,66295,57221,30477,36
ON,Lexus,RX,2025,New,16,63720,69979,74388,78924,81078,74084,26,55
ON,Lexus,RX,2025,Used,36,55745,57847,62440,69999,84894,65827,15495,33
ON,Lexus,RX,2026,New,334,63862,70287,75827,80132,82412,74667,35,38
ON,Lexus,RX,2026,Used,45,64795,68500,75859,79500,83601,74690,2442,55
ON,Lexus,RZ,2026,New,22,70025,71426,76905,79651,81340,76334,35,55
ON,Lexus,RZ,2026,Used,11,71815,72420,72940,75795,79990,74963,1000,55
ON,Lexus,TX,2024,Used,15,60352,63443,64595,67438,69435,64640,34257,24
ON,Lexus,TX,2025,Used,17,65520,67995,75888,83900,87272,75761,14826,38
ON,Lexus,TX,2026,New,104,72160,73159,75899,83816,84600,77663,35,51
ON,Lexus,UX,2019,Used,14,26235,26886,27994,28997,29846,28201,95168,23
ON,Lexus,UX,2024,Used,29,36912,37995,38995,41000,42999,39675,27331,23
ON,Lexus,UX,2025,Used,29,38396,39995,41991,44499,46306,42704,21475,29
ON,Lexus,UX,2026,New,185,47350,48053,50509,53773,56127,51352,35,30
ON,Lexus,UX,2026,Used,16,47750,49345,51282,54420,55000,51551,3146,55
ON,Lexus,UXh,2026,New,19,53859,53859,53859,54509,56784,54381,90,39
ON,Lincoln,Aviator,2020,Used,21,30918,32900,34530,36420,38297,34691,107360,28
ON,Lincoln,Aviator,2022,Used,23,35194,38128,40999,44695,45871,40900,82464,43
ON,Lincoln,Aviator,2023,Used,53,45398,48631,51498,53388,56791,51663,60922,43
ON,Lincoln,Aviator,2025,Used,46,68971,71988,73748,75496,78038,74200,26910,37
ON,Lincoln,Aviator,2026,New,469,77962,81106,84845,89552,93591,85649,15,55
ON,Lincoln,Aviator,2026,Used,24,78957,79999,82144,84385,85421,82682,3848,53
ON,Lincoln,Aviator,2027,New,65,84094,85166,89410,97910,98709,91484,50,43
ON,Lincoln,Corsair,2020,Used,16,20744,22746,23694,25322,25894,25014,92566,32
ON,Lincoln,Corsair,2021,Used,16,24495,25805,28699,30245,31675,27936,85554,48
ON,Lincoln,Corsair,2022,Used,30,31924,32984,34430,35888,36889,34373,55504,54
ON,Lincoln,Corsair,2023,Used,17,36566,38000,39988,41495,42492,40047,48567,42
ON,Lincoln,Corsair,2024,Used,19,42275,43092,44999,46610,47366,44989,32820,42
ON,Lincoln,Corsair,2025,Used,23,44636,48851,51888,53943,56479,51031,16574,53
ON,Lincoln,Corsair,2026,Used,12,60961,62650,64078,65644,66911,63933,8316,48
ON,Lincoln,MKC,2015,Used,14,9297,10234,12996,16870,21615,15081,144574,28
ON,Lincoln,MKC,2017,Used,12,11181,12974,14492,17245,18882,15664,144014,12
ON,Lincoln,MKX,2013,Used,11,6999,7844,9995,12040,13990,10067,175585,36
ON,Lincoln,MKX,2016,Used,18,9998,11214,13494,16665,18595,13876,153954,37
ON,Lincoln,MKX,2017,Used,12,12098,14137,15434,18120,18881,15357,143339,30
ON,Lincoln,Nautilus,2019,Used,25,20020,21516,22999,23999,26126,23036,101800,37
ON,Lincoln,Nautilus,2020,Used,11,24295,25344,26888,27794,29950,26582,74377,24
ON,Lincoln,Nautilus,2022,Used,47,29780,31105,34270,36888,39357,34780,72101,37
ON,Lincoln,Nautilus,2023,Used,28,36785,37968,39997,42901,43295,40260,54317,38
ON,Lincoln,Nautilus,2024,Used,40,48871,49999,52399,54790,58032,53397,37621,38
ON,Lincoln,Nautilus,2025,New,12,74708,75882,79055,81944,81963,78531,25,60
ON,Lincoln,Nautilus,2025,Used,35,53399,55206,60450,63422,68789,60622,22511,43
ON,Lincoln,Nautilus,2026,New,951,63845,67683,70817,74910,78784,71248,15,50
ON,Lincoln,Nautilus,2026,Used,44,65074,67439,71148,74162,78304,72154,2520,55
ON,Lincoln,Navigator,2019,Used,10,40705,43396,45498,46998,62781,50057,110000,37
ON,Lincoln,Navigator,2021,Used,12,42519,47721,54504,55990,59899,52576,121316,40
ON,Lincoln,Navigator,2022,Used,23,57655,59442,63999,66538,66976,63178,81545,37
ON,Lincoln,Navigator,2024,Used,19,77705,80992,87495,92496,93954,88446,44292,56
ON,Lincoln,Navigator,2025,Used,10,109188,109916,116473,121027,126335,117036,17437,48
ON,Lincoln,Navigator,2026,New,115,119134,123140,128654,137740,143059,130219,17,55
ON,Lincoln,Navigator,2027,New,119,128986,137012,141290,144840,152557,141332,20,39
ON,MINI,3 Door,2026,New,13,39520,39520,47020,52320,53860,46062,12,39
ON,MINI,Convertible,2026,New,22,44820,49543,52520,55270,59687,52560,11,39
ON,MINI,Cooper,2010,Used,14,5588,6520,6999,7885,8315,7119,145452,20
ON,MINI,Cooper,2012,Used,30,6979,7674,8995,12862,14890,9944,136920,24
ON,MINI,Cooper,2013,Used,39,5658,7890,8995,9972,11055,9240,127250,21
ON,MINI,Cooper,2014,Used,14,5533,8184,9999,12124,14050,10115,144421,22
ON,MINI,Cooper,2015,Used,24,8293,9999,11649,14594,15886,11884,117348,21
ON,MINI,Cooper,2016,Used,24,9262,10375,12694,13999,15963,12651,115398,21
ON,MINI,Cooper,2017,Used,30,9770,13425,15369,18248,24042,16371,109286,20
ON,MINI,Cooper,2026,New,88,32350,37878,39590,45590,48015,41041,90,46
ON,MINI,Cooper,2027,New,13,32490,33050,40840,45240,48310,40420,90,42
ON,MINI,Cooper S,2025,Used,13,34174,34988,35995,36900,38398,37763,12199,37
ON,MINI,Cooper S,2026,New,116,43215,45015,48765,51690,54190,48515,90,46
ON,MINI,Cooper S,2027,New,18,46115,47952,50840,51628,52380,49929,0,39
ON,MINI,Countryman,2020,Used,12,18313,18968,22984,24304,27858,22090,87476,28
ON,MINI,Countryman,2023,Used,11,29500,30905,32888,34995,34995,32383,54541,28
ON,MINI,Countryman,2025,Used,29,37260,38288,40817,43500,46698,41473,18060,47
ON,MINI,Countryman,2026,New,32,47950,50590,52590,56134,60025,53811,90,46
ON,MINI,Countryman,2026,Used,27,43295,43992,44998,46388,52607,46439,18322,40
ON,MINI,Countryman,2027,New,343,48390,50890,51990,53980,56140,52866,90,46
ON,MINI,Countryman,2027,Used,16,52690,52690,52690,52690,57872,54068,40000,0
ON,MINI,JCW,2025,Used,12,45568,46722,49094,51086,55581,49502,12254,46
ON,MINI,JCW,2026,New,38,52940,53490,54040,55200,62055,55698,90,46
ON,MINI,JCW,2027,New,55,56990,57390,58340,59515,59800,58195,90,46
ON,Maserati,Ghibli,2015,Used,10,13710,16218,19930,22312,25838,19778,88840,38
ON,Maserati,Grecale,2023,Used,22,39888,44663,55692,58638,59399,52802,43941,38
ON,Maserati,Grecale,2026,New,31,108026,111364,113572,115498,116262,113882,75,43
ON,Maserati,Levante,2021,Used,10,36384,39890,39992,41948,60098,44043,83000,36
ON,Maserati,Levante,2022,Used,18,39616,44135,46722,54218,60163,48847,57792,19
ON,Mazda,3 GS at,2026,New,18,31032,31040,32378,33464,33662,32309,200,54
ON,Mazda,3 Sport,2026,New,36,29000,31647,34026,41204,43369,35738,10,31
ON,Mazda,CX-3,2016,Used,40,9809,11495,12889,14992,16546,13005,152552,23
ON,Mazda,CX-3,2017,Used,20,10785,12374,14992,16221,16990,14938,149111,22
ON,Mazda,CX-3,2018,Used,11,9998,12394,14999,17248,17999,14578,174650,34
ON,Mazda,CX-3,2019,Used,38,12030,13117,16493,18874,21031,16289,127068,24
ON,Mazda,CX-3,2022,Used,11,20988,22084,24800,25458,28888,24423,67684,24
ON,Mazda,CX-30,2020,Used,19,15792,17914,19992,23496,25900,20090,87663,9
ON,Mazda,CX-30,2021,Used,26,19984,21491,23846,25374,26948,23571,84118,21
ON,Mazda,CX-30,2022,Used,27,23172,23990,26673,28494,30576,26670,49200,26
ON,Mazda,CX-30,2023,Used,70,23935,26182,29460,30999,32464,28735,47825,31
ON,Mazda,CX-30,2024,Used,89,26895,27997,28998,32995,34914,30691,34273,24
ON,Mazda,CX-30,2025,New,11,34995,39914,42864,44012,45564,41639,51,53
ON,Mazda,CX-30,2025,Used,43,28908,29485,31488,34892,36994,32316,26002,35
ON,Mazda,CX-30,2026,New,1053,31995,32865,35735,41835,43985,37288,11,51
ON,Mazda,CX-30,2026,Used,91,32442,32842,35742,41292,43992,37213,24000,35
ON,Mazda,CX-5,2013,Used,24,7993,8998,9999,13120,14814,11659,184860,37
ON,Mazda,CX-5,2014,Used,54,8998,9996,11789,13871,15574,12415,176410,26
ON,Mazda,CX-5,2015,Used,28,9999,11369,13094,14998,16646,13171,169550,24
ON,Mazda,CX-5,2016,Used,110,9995,12496,13995,15995,17990,14783,153420,22
ON,Mazda,CX-5,2017,Used,52,13995,15337,16970,18489,20895,17366,156409,23
ON,Mazda,CX-5,2018,Used,51,15900,16984,17950,19916,20995,18480,147350,22
ON,Mazda,CX-5,2019,Used,70,16981,18924,21792,23888,26537,21544,112176,24
ON,Mazda,CX-5,2020,Used,32,16694,19507,21942,24995,26175,22182,118789,26
ON,Mazda,CX-5,2021,Used,77,21498,23495,25690,27727,28996,25351,90949,24
ON,Mazda,CX-5,2022,Used,108,24996,27016,28992,30908,32130,28914,76956,24
ON,Mazda,CX-5,2023,Used,138,26593,28574,30995,32990,34146,30660,63516,27
ON,Mazda,CX-5,2024,Used,111,27888,29498,32488,35938,37621,32566,52890,24
ON,Mazda,CX-5,2025,New,25,37035,39545,41545,41545,41645,40503,10,34
ON,Mazda,CX-5,2025,Used,148,29930,30950,32995,35539,39783,33724,51450,31
ON,Mazda,CX-5,2026,New,2982,39434,41691,42911,47291,49745,44172,13,34
ON,Mazda,CX-5,2026,Used,238,39842,42342,42742,46818,49842,44262,24000,8
ON,Mazda,CX-50,2023,Used,41,30500,31994,33873,35352,37050,33544,66979,35
ON,Mazda,CX-50,2024,Used,111,34595,35998,37988,39999,41995,38503,44934,29
ON,Mazda,CX-50,2025,Used,45,35402,38936,42997,44990,46794,42070,27988,30
ON,Mazda,CX-7,2011,Used,16,3225,4742,5689,6340,6725,5394,190052,37
ON,Mazda,CX-70,2025,New,10,61316,62304,63480,65782,67161,63405,90,51
ON,Mazda,CX-70,2025,Used,72,35852,39342,45330,49996,55978,45495,38584,38
ON,Mazda,CX-70,2026,New,572,53284,57120,60595,64294,66416,60539,90,51
ON,Mazda,CX-70,2026,Used,22,52989,56113,60437,62268,64792,59488,24000,8
ON,Mazda,CX-9,2015,Used,10,5598,9097,10356,13291,14149,10200,186089,30
ON,Mazda,CX-9,2016,Used,13,14596,15500,15995,16995,17719,16332,177022,21
ON,Mazda,CX-9,2017,Used,16,16648,16998,17792,18996,18999,18107,157760,20
ON,Mazda,CX-9,2018,Used,12,17043,17862,19974,20961,20999,19516,167874,24
ON,Mazda,CX-9,2019,Used,19,21788,23370,24990,26603,28777,25569,90327,24
ON,Mazda,CX-9,2020,Used,10,16941,22422,24942,28371,34919,25909,126678,36
ON,Mazda,CX-9,2021,Used,12,24095,25745,29158,31470,34330,29036,111046,24
ON,Mazda,CX-9,2022,Used,52,27044,28993,31892,33998,34999,31743,75860,25
ON,Mazda,CX-9,2023,Used,20,30947,32591,34293,35396,36995,34031,66166,18
ON,Mazda,CX-90,2024,Used,92,34444,36927,42998,46636,47862,42195,51794,37
ON,Mazda,CX-90,2025,Used,62,36815,38737,41878,47999,54878,44152,57898,38
ON,Mazda,CX-90,2026,New,1207,54190,57995,60356,65560,67906,61258,89,43
ON,Mazda,CX-90,2026,Used,86,54242,54642,59242,63192,66542,60114,24000,8
ON,Mazda,Cx,2026,New,166,38795,41895,48110,58878,65003,49914,20,55
ON,Mazda,MAZDA2,2011,Used,14,3286,3542,5424,7370,9245,5749,155968,24
ON,Mazda,MAZDA5,2012,Used,14,6145,6623,7525,8749,9846,7607,141500,24
ON,Mazda,MAZDA5,2014,Used,10,6899,8219,9544,9998,11823,9365,151923,19
ON,Mazda,MAZDA6,2010,Used,11,3990,4720,5900,6498,7990,5569,193043,37
ON,Mazda,MAZDA6,2014,Used,10,7790,8674,9997,13400,14545,10716,161406,29
ON,Mazda,MAZDA6,2017,Used,10,8380,10359,13148,14371,15799,12610,158236,20
ON,Mazda,MX-5,2023,Used,13,32188,32995,35353,36311,37012,34790,18504,11
ON,Mazda,MX-5,2024,Used,10,34839,35666,35999,37993,39995,36686,11042,38
ON,Mazda,MX-5,2026,New,85,42060,44995,45835,47208,50355,45853,10,39
ON,Mazda,Mazda3,2007,Used,11,1500,2474,3150,4144,5499,3321,205606,21
ON,Mazda,Mazda3,2008,Used,16,1998,2988,3999,6041,7734,4653,200378,37
ON,Mazda,Mazda3,2010,Used,84,3914,4497,5750,6999,7998,5859,194698,37
ON,Mazda,Mazda3,2011,Used,69,3627,4990,5990,7395,8995,6439,188328,37
ON,Mazda,Mazda3,2012,Used,91,3995,4992,6995,7999,9499,6791,183100,37
ON,Mazda,Mazda3,2013,Used,79,4474,5490,6999,8900,9944,7238,183000,36
ON,Mazda,Mazda3,2014,Used,89,6448,6999,8995,10995,12874,9749,175250,34
ON,Mazda,Mazda3,2015,Used,110,6490,7961,10000,12640,14045,10398,157950,30
ON,Mazda,Mazda3,2016,Used,75,7697,9990,11888,12997,14999,11719,151172,25
ON,Mazda,Mazda3,2017,Used,48,8343,11990,12995,14491,17263,13059,147742,20
ON,Mazda,Mazda3,2018,Used,93,9998,11995,13880,15999,17996,14124,145000,20
ON,Mazda,Mazda3,2019,Used,51,11450,14995,16995,18948,22999,17057,124485,17
ON,Mazda,Mazda3,2020,Used,27,13993,16188,19695,20999,23698,18890,98320,22
ON,Mazda,Mazda3,2021,Used,49,16717,19880,21998,23889,25299,21677,87320,20
ON,Mazda,Mazda3,2022,Used,28,18694,21364,22996,24991,25988,22574,57604,20
ON,Mazda,Mazda3,2023,Used,35,19998,23494,25315,28497,30299,25498,47595,24
ON,Mazda,Mazda3,2024,Used,49,23890,25998,26999,28998,29998,27425,52905,24
ON,Mazda,Mazda3,2025,New,24,30597,31975,35600,38320,39071,35203,70,53
ON,Mazda,Mazda3,2025,Used,57,24905,26750,28999,32995,36195,29891,23485,24
ON,Mazda,Mazda3,2026,New,1454,28195,29379,32745,38331,40948,33860,14,51
ON,Mazda,Mazda3,2026,Used,106,28692,31292,35617,39092,41042,35088,24000,12
ON,Mercedes-Benz,A-Class,2019,Used,18,17665,18958,20494,22724,24648,20778,101880,12
ON,Mercedes-Benz,A-Class,2020,Used,17,19950,19999,21985,26990,28399,23560,105000,24
ON,Mercedes-Benz,A-Class,2022,Used,23,24995,25224,27880,31093,33894,28884,62887,25
ON,Mercedes-Benz,AMG,2026,New,36,94052,106286,144690,154473,237178,146322,90,61
ON,Mercedes-Benz,AMG,2027,New,38,104311,107192,112937,123298,127224,114980,90,9
ON,Mercedes-Benz,AMG GT,2026,New,24,202629,243275,256688,270002,296526,255472,90,58
ON,Mercedes-Benz,B-Class,2014,Used,15,7997,8494,9999,11888,14115,10442,142806,27
ON,Mercedes-Benz,B-Class,2018,Used,14,12861,13924,14247,15972,15996,14977,110238,22
ON,Mercedes-Benz,C-Class,2009,Used,18,4993,5586,7497,9666,13566,8754,174470,25
ON,Mercedes-Benz,C-Class,2010,Used,15,6539,6997,7999,9748,12593,9827,151995,24
ON,Mercedes-Benz,C-Class,2011,Used,17,6009,6990,9495,12900,14078,10189,138365,37
ON,Mercedes-Benz,C-Class,2012,Used,34,7298,8612,12884,14224,16959,12689,138900,20
ON,Mercedes-Benz,C-Class,2013,Used,44,8499,9990,11900,14134,15620,12229,153118,23
ON,Mercedes-Benz,C-Class,2014,Used,40,7945,12371,13970,15620,17909,14986,122285,21
ON,Mercedes-Benz,C-Class,2015,Used,68,13498,14938,18000,21337,27116,19757,132850,22
ON,Mercedes-Benz,C-Class,2016,Used,52,15034,16223,18995,22123,25792,20368,124050,22
ON,Mercedes-Benz,C-Class,2017,Used,78,16990,17999,21248,29934,33148,24053,115175,23
ON,Mercedes-Benz,C-Class,2018,Used,86,18198,19912,21986,26973,32997,24213,113446,24
ON,Mercedes-Benz,C-Class,2019,Used,40,21985,23968,32292,38984,63391,36074,95414,37
ON,Mercedes-Benz,C-Class,2020,Used,41,22985,24983,28950,34880,40888,31425,84557,24
ON,Mercedes-Benz,C-Class,2021,Used,35,29989,29999,33990,39419,51312,37919,80500,24
ON,Mercedes-Benz,C-Class,2022,Used,28,35939,38662,39795,42224,47424,41053,54543,24
ON,Mercedes-Benz,C-Class,2023,Used,36,37948,38992,43786,51302,64450,46978,46285,24
ON,Mercedes-Benz,C-Class,2024,Used,29,36974,39950,43490,53995,67565,48880,68826,24
ON,Mercedes-Benz,C-Class,2025,Used,56,56791,58492,61900,64885,65920,62502,7000,62
ON,Mercedes-Benz,C-Class,2026,New,245,71930,73140,77793,80212,84161,78501,90,58
ON,Mercedes-Benz,C-Class,2026,Used,50,65721,69558,73250,77233,78621,73225,2129,59
ON,Mercedes-Benz,C-Class,2027,New,21,75230,76330,78230,79843,81653,78359,90,31
ON,Mercedes-Benz,CLA-Class,2014,Used,16,10190,11674,12997,15491,18795,13754,131000,22
ON,Mercedes-Benz,CLA-Class,2015,Used,23,11168,12247,14390,17444,19994,15036,149896,24
ON,Mercedes-Benz,CLA-Class,2016,Used,15,11719,12748,15880,18698,22917,16463,147500,24
ON,Mercedes-Benz,CLA-Class,2017,Used,16,13488,14874,15995,17480,20842,16634,136676,26
ON,Mercedes-Benz,CLA-Class,2018,Used,36,13444,16046,17919,19908,24644,18382,114450,22
ON,Mercedes-Benz,CLA-Class,2022,Used,13,32391,35000,37900,38999,39640,37458,46171,36
ON,Mercedes-Benz,CLA-Class,2023,Used,36,28938,29972,32469,34196,38950,33728,72933,24
ON,Mercedes-Benz,CLA-Class,2025,Used,67,33475,37504,45900,49500,56411,45048,14135,59
ON,Mercedes-Benz,CLA-Class,2026,New,239,57239,58790,60239,75280,83422,66020,90,61
ON,Mercedes-Benz,CLA-Class,2026,Used,81,42580,53893,57239,60379,74988,57634,4526,59
ON,Mercedes-Benz,CLA-Class,2027,New,16,66963,68531,70986,75383,78430,72167,90,26
ON,Mercedes-Benz,CLE-Class,2024,Used,12,55097,56896,65718,69139,70586,64913,15122,37
ON,Mercedes-Benz,CLE-Class,2026,New,76,79590,81294,83206,91293,96966,87080,90,61
ON,Mercedes-Benz,CLE-Class,2026,Used,11,75900,78811,82595,94700,97888,86380,5323,36
ON,Mercedes-Benz,CLE-Class,2027,New,34,83170,88938,97920,116315,118994,101668,90,14
ON,Mercedes-Benz,E-Class,2010,Used,10,9667,10999,15948,18408,22150,15797,143968,24
ON,Mercedes-Benz,E-Class,2011,Used,18,9199,11246,12994,16895,19708,14685,179664,30
ON,Mercedes-Benz,E-Class,2012,Used,17,9132,11480,14998,19469,23189,16605,146605,20
ON,Mercedes-Benz,E-Class,2013,Used,13,9188,11888,17891,20990,21480,16266,126864,32
ON,Mercedes-Benz,E-Class,2014,Used,21,13888,15992,17495,18895,21990,17643,146376,37
ON,Mercedes-Benz,E-Class,2016,Used,22,14095,16362,25438,30708,41699,26015,131864,20
ON,Mercedes-Benz,E-Class,2017,Used,22,17988,20487,24940,28741,33524,26919,122910,37
ON,Mercedes-Benz,E-Class,2018,Used,26,23186,26584,29388,35742,49943,33681,109895,24
ON,Mercedes-Benz,E-Class,2019,Used,32,27097,31562,35450,44221,46440,38522,110065,23
ON,Mercedes-Benz,E-Class,2020,Used,22,32098,34992,42000,54898,65045,45758,81727,37
ON,Mercedes-Benz,E-Class,2021,Used,16,41550,42896,48283,59865,84436,57511,70342,37
ON,Mercedes-Benz,E-Class,2022,Used,16,42354,46149,51390,64218,68931,54679,70359,24
ON,Mercedes-Benz,E-Class,2023,Used,23,49773,55900,71988,75888,85020,72638,42519,33
ON,Mercedes-Benz,E-Class,2026,New,139,91094,95741,106441,131334,144702,112631,90,61
ON,Mercedes-Benz,E-Class,2026,Used,36,83056,89710,100966,129933,141206,106389,1517,61
ON,Mercedes-Benz,E-Class,2027,New,33,89791,95580,104333,109336,111510,103354,90,10
ON,Mercedes-Benz,EQB,2025,New,23,62524,66362,69170,73528,77493,69556,90,62
ON,Mercedes-Benz,EQB,2025,Used,20,55456,60659,62112,66624,67941,62517,3302,61
ON,Mercedes-Benz,ESprinter,2025,New,24,97854,99995,118060,119925,119936,109987,90,33
ON,Mercedes-Benz,G-Class,2017,Used,10,63788,69937,77448,103743,143939,93606,89000,24
ON,Mercedes-Benz,G-Class,2019,Used,11,114995,126888,159888,167448,229888,158713,66131,37
ON,Mercedes-Benz,G-Class,2021,Used,16,152080,154711,172944,184924,202940,172118,52774,28
ON,Mercedes-Benz,G-Class,2027,New,21,321183,324418,331788,333169,334758,329383,90,33
ON,Mercedes-Benz,GL-Class,2014,Used,11,9995,16237,22925,27240,36200,22594,172230,31
ON,Mercedes-Benz,GL-Class,2015,Used,12,17163,19653,28215,30707,32952,26302,159500,22
ON,Mercedes-Benz,GL-Class,2016,Used,13,14559,18988,22999,34880,41480,25983,137115,20
ON,Mercedes-Benz,GLA-Class,2015,Used,20,10446,12616,14898,17922,22299,16019,137075,21
ON,Mercedes-Benz,GLA-Class,2016,Used,15,12500,13245,14980,20248,23280,17412,119750,36
ON,Mercedes-Benz,GLA-Class,2018,Used,14,15945,17590,19448,20934,23499,19624,109532,22
ON,Mercedes-Benz,GLA-Class,2021,Used,12,28034,28472,29440,30747,33899,30393,80047,30
ON,Mercedes-Benz,GLA-Class,2023,Used,15,33232,34919,35697,39394,39957,36914,49000,21
ON,Mercedes-Benz,GLA-Class,2025,Used,28,45245,46530,47990,52647,62644,51183,15690,49
ON,Mercedes-Benz,GLA-Class,2026,New,343,60996,62422,64311,65899,68360,64370,90,61
ON,Mercedes-Benz,GLA-Class,2026,Used,122,44898,51084,59637,62987,65188,57240,4087,61
ON,Mercedes-Benz,GLB-Class,2021,Used,12,26549,27296,29834,34272,38780,31144,66773,37
ON,Mercedes-Benz,GLB-Class,2022,Used,32,28783,31979,34646,36813,41449,35038,53388,24
ON,Mercedes-Benz,GLB-Class,2023,Used,11,31311,32990,35555,39792,39998,36464,73606,37
ON,Mercedes-Benz,GLB-Class,2024,Used,16,31438,31971,32878,34112,35998,34791,82592,38
ON,Mercedes-Benz,GLB-Class,2025,Used,38,51170,52222,55884,56167,57214,54453,6154,62
ON,Mercedes-Benz,GLB-Class,2026,New,443,63500,66934,68611,69595,70338,67703,90,61
ON,Mercedes-Benz,GLB-Class,2026,Used,83,56989,62583,64640,67950,70186,64412,1356,61
ON,Mercedes-Benz,GLC-Class,2017,Used,29,16772,18888,19900,21695,26118,21281,109000,24
ON,Mercedes-Benz,GLC-Class,2018,Used,37,19706,20890,22900,27495,39932,25564,102147,37
ON,Mercedes-Benz,GLC-Class,2019,Used,48,20693,22499,24888,30002,35298,28430,94082,24
ON,Mercedes-Benz,GLC-Class,2020,Used,47,26564,28742,30990,35029,40352,32874,88111,24
ON,Mercedes-Benz,GLC-Class,2021,Used,40,27394,30363,33998,38191,42190,35062,75110,37
ON,Mercedes-Benz,GLC-Class,2022,Used,106,31440,34996,39210,41992,47998,39328,60098,24
ON,Mercedes-Benz,GLC-Class,2023,Used,60,40880,45966,49923,51789,56272,49325,43857,35
ON,Mercedes-Benz,GLC-Class,2024,Used,40,40939,43874,49936,53891,64722,50517,50164,32
ON,Mercedes-Benz,GLC-Class,2025,Used,43,56999,59694,66880,72448,110379,71992,13966,43
ON,Mercedes-Benz,GLC-Class,2026,New,675,72460,75950,78960,81948,98008,81665,90,61
ON,Mercedes-Benz,GLC-Class,2026,Used,186,66624,70853,75710,79859,84056,76225,3413,61
ON,Mercedes-Benz,GLC-Class,2027,New,571,71690,76036,79980,83644,86280,79305,90,16
ON,Mercedes-Benz,GLE-Class,2016,Used,27,20532,22380,24691,29442,37589,27126,128088,31
ON,Mercedes-Benz,GLE-Class,2017,Used,15,22935,23888,28900,36398,54272,33520,108850,37
ON,Mercedes-Benz,GLE-Class,2018,Used,38,23956,24986,26194,29728,33640,27908,105034,24
ON,Mercedes-Benz,GLE-Class,2020,Used,24,38455,39957,42246,46028,52063,44673,80778,23
ON,Mercedes-Benz,GLE-Class,2021,Used,39,41968,46205,51000,70384,74199,56938,81684,37
ON,Mercedes-Benz,GLE-Class,2022,Used,60,46809,49996,57224,63911,78998,59799,74426,37
ON,Mercedes-Benz,GLE-Class,2023,Used,37,52886,58499,66888,74980,88900,69116,65293,29
ON,Mercedes-Benz,GLE-Class,2024,Used,60,57978,67633,77850,91995,105168,79707,48960,38
ON,Mercedes-Benz,GLE-Class,2025,New,15,104708,109885,139534,152186,173467,135470,90,55
ON,Mercedes-Benz,GLE-Class,2025,Used,35,78621,94888,107988,129997,177368,117589,7500,59
ON,Mercedes-Benz,GLE-Class,2026,New,865,101661,105748,112504,134733,152827,121453,90,61
ON,Mercedes-Benz,GLE-Class,2026,Used,107,84597,97914,105627,114766,132437,107378,3725,59
ON,Mercedes-Benz,GLK-Class,2011,Used,11,9989,10900,13999,15638,15999,13080,143753,21
ON,Mercedes-Benz,GLK-Class,2012,Used,14,8640,9054,11499,15068,17885,12443,143810,24
ON,Mercedes-Benz,GLK-Class,2013,Used,20,10358,13744,15875,19036,19880,15830,122220,20
ON,Mercedes-Benz,GLK-Class,2014,Used,17,9395,12500,13500,14990,17308,13702,155000,24
ON,Mercedes-Benz,GLK-Class,2015,Used,18,11730,13028,14992,21888,26330,17311,139023,24
ON,Mercedes-Benz,GLS-Class,2018,Used,15,26969,29470,35888,43666,43960,36578,124358,21
ON,Mercedes-Benz,GLS-Class,2020,Used,11,46888,49494,55888,60931,64777,54651,93700,21
ON,Mercedes-Benz,GLS-Class,2023,Used,11,71980,75290,75980,88700,93888,89125,68455,39
ON,Mercedes-Benz,GLS-Class,2024,Used,12,80984,89966,93198,97093,97894,92348,48783,38
ON,Mercedes-Benz,GLS-Class,2025,Used,20,99888,105914,118088,124138,139440,120048,14250,56
ON,Mercedes-Benz,GLS-Class,2026,New,127,143536,146837,147917,152503,165928,152051,90,61
ON,Mercedes-Benz,GLS-Class,2026,Used,20,97795,102972,126554,141529,148811,124455,5763,54
ON,Mercedes-Benz,M-Class,2014,Used,22,14055,16188,19925,25610,27830,20755,140726,20
ON,Mercedes-Benz,M-Class,2015,Used,36,13994,15996,22388,27136,29480,21849,132245,20
ON,Mercedes-Benz,S-Class,2015,Used,10,18979,26346,29494,43994,49099,33534,142061,24
ON,Mercedes-Benz,S-Class,2017,Used,14,29788,38616,58942,74895,82718,57720,112524,38
ON,Mercedes-Benz,S-Class,2018,Used,13,45688,48888,66999,72880,76595,63646,99863,26
ON,Mercedes-Benz,S-Class,2019,Used,15,51359,55948,59888,69997,82955,64850,81986,38
ON,Mercedes-Benz,S-Class,2020,Used,11,52777,57449,64988,93938,95995,72292,62084,33
ON,Mercedes-Benz,S-Class,2021,Used,13,83032,84999,94880,101990,109999,101152,66990,33
ON,Mercedes-Benz,S-Class,2022,Used,16,86942,93721,101875,107240,117490,107557,61443,21
ON,Mercedes-Benz,S-Class,2023,Used,11,88595,98242,108980,113660,115888,119268,58796,38
ON,Mercedes-Benz,S-Class,2026,New,36,192644,204028,213676,225696,235650,214213,90,61
ON,Mercedes-Benz,Sprinter,2015,Used,16,16444,23468,25250,30452,35439,26371,176696,37
ON,Mercedes-Benz,Sprinter,2016,Used,11,16495,20192,25950,29894,32900,26029,139926,37
ON,Mercedes-Benz,Sprinter,2019,Used,14,15182,26642,29995,53141,78560,44622,171000,27
ON,Mercedes-Benz,Sprinter,2020,Used,16,28492,31718,35922,39033,40999,34706,151634,24
ON,Mercedes-Benz,Sprinter,2021,Used,22,26986,31836,35942,41067,45792,36041,149800,32
ON,Mercedes-Benz,Sprinter,2022,Used,25,37928,38871,43995,46506,54840,44416,92972,43
ON,Mercedes-Benz,Sprinter,2023,Used,15,41324,46695,55888,60998,68580,54642,45139,38
ON,Mercedes-Benz,Sprinter,2024,Used,39,39986,42892,44990,56448,68419,50295,72187,25
ON,Mercedes-Benz,Sprinter,2025,New,15,71261,77234,85261,93279,95867,83064,90,61
ON,Mercedes-Benz,Sprinter,2025,Used,70,46999,49492,53991,71966,83636,60685,21741,36
ON,Mercedes-Benz,Sprinter,2026,New,586,76990,80718,84829,91709,97930,86409,90,58
ON,Mercedes-Benz,Sprinter,2026,Used,18,72666,75606,81072,83961,86384,79902,984,61
ON,Mitsubishi,Eclipse Cross,2019,Used,13,14596,14998,15600,19499,19990,16693,123302,26
ON,Mitsubishi,Eclipse Cross,2020,Used,14,13999,15407,17996,18970,20692,17386,100278,22
ON,Mitsubishi,Eclipse Cross,2022,Used,16,18140,19444,21998,23041,24250,21245,94256,40
ON,Mitsubishi,Eclipse Cross,2023,Used,22,21198,23123,24744,25997,28305,24709,70730,37
ON,Mitsubishi,Eclipse Cross,2024,Used,23,24154,25748,26990,28996,30549,27586,34756,37
ON,Mitsubishi,Eclipse Cross,2026,New,443,32576,35173,37559,41009,42017,37781,17,51
ON,Mitsubishi,Eclipse Cross,2026,Used,41,34344,35343,38693,40568,42417,38210,24000,8
ON,Mitsubishi,Lancer,2013,Used,13,3580,4900,6499,6999,9199,6310,169000,24
ON,Mitsubishi,Lancer,2015,Used,14,6429,7501,9997,11745,14959,12356,159250,23
ON,Mitsubishi,Lancer,2016,Used,18,5699,7750,10497,11874,12703,9657,139476,37
ON,Mitsubishi,Lancer,2017,Used,17,7159,9588,11999,13990,14999,11609,135000,25
ON,Mitsubishi,Mirage,2024,Used,11,17900,18182,18950,19968,19998,18976,32628,23
ON,Mitsubishi,Outlander,2014,Used,17,6453,7950,9599,10999,12392,9452,165000,37
ON,Mitsubishi,Outlander,2016,Used,10,8150,8924,9749,11984,14295,10583,156582,28
ON,Mitsubishi,Outlander,2018,Used,38,9614,13496,15995,17435,19696,15547,127630,28
ON,Mitsubishi,Outlander,2019,Used,14,13432,14616,15970,18968,23496,16929,130560,18
ON,Mitsubishi,Outlander,2020,Used,26,14928,16221,18498,22430,23995,19257,116773,37
ON,Mitsubishi,Outlander,2022,Used,45,22263,23990,25498,27895,30860,25902,92678,26
ON,Mitsubishi,Outlander,2023,Used,60,26445,27999,29892,34134,35991,30653,75206,36
ON,Mitsubishi,Outlander,2024,Used,120,28999,30745,34146,38071,40549,34493,46332,33
ON,Mitsubishi,Outlander,2025,Used,55,32937,34998,39498,43342,46998,39974,23845,25
ON,Mitsubishi,Outlander,2026,New,1332,42198,45440,50623,53436,61193,50546,20,42
ON,Mitsubishi,Outlander,2026,Used,88,41643,46216,48744,52593,55756,49495,24000,22
ON,Mitsubishi,RVR,2015,Used,15,5539,7497,8835,9998,10717,8577,159454,34
ON,Mitsubishi,RVR,2017,Used,12,9127,10733,12746,13999,14898,12386,133993,36
ON,Mitsubishi,RVR,2019,Used,12,10149,11715,13798,16821,17788,14120,138816,38
ON,Mitsubishi,RVR,2020,Used,14,13584,15588,17194,19998,22730,17887,85744,22
ON,Mitsubishi,RVR,2021,Used,15,14998,16247,17998,18996,20986,17655,102655,37
ON,Mitsubishi,RVR,2022,Used,23,16545,17444,19498,22258,25395,20111,87637,31
ON,Mitsubishi,RVR,2023,Used,35,19928,20424,22498,23791,26165,22663,59809,38
ON,Mitsubishi,RVR,2024,Used,60,22178,22925,23997,25422,27496,24531,58392,37
ON,Mitsubishi,RVR,2026,New,289,27972,29123,31003,33254,36226,31522,27,51
ON,Mitsubishi,RVR,2026,Used,16,27876,29194,30408,31041,32814,30315,9542,22
ON,Nissan,Altima,2008,Used,12,2620,3775,4799,5723,6444,4637,203439,37
ON,Nissan,Altima,2009,Used,18,3890,4800,5499,6370,7298,5681,178228,37
ON,Nissan,Altima,2010,Used,17,4509,4999,5999,6499,8197,5999,187800,30
ON,Nissan,Altima,2011,Used,13,3281,4990,5995,7995,8796,6064,190000,36
ON,Nissan,Altima,2012,Used,33,4298,4900,5695,7395,8398,6927,170000,37
ON,Nissan,Altima,2013,Used,37,3660,5795,7995,9500,10931,7603,165811,24
ON,Nissan,Altima,2014,Used,25,6212,8495,9995,11900,13497,9991,138109,23
ON,Nissan,Altima,2015,Used,34,4919,6586,9197,11371,12272,8968,155785,34
ON,Nissan,Altima,2016,Used,20,4999,7216,10169,11922,13024,9670,166178,37
ON,Nissan,Altima,2017,Used,19,6309,7942,9999,12099,13299,10018,165000,21
ON,Nissan,Altima,2018,Used,20,7389,8867,10498,12586,14919,10813,157650,21
ON,Nissan,Altima,2019,Used,13,12556,12995,14999,17490,20595,15774,163223,20
ON,Nissan,Altima,2022,Used,11,12999,19348,20888,25461,32490,22584,72740,32
ON,Nissan,Altima,2024,Used,25,22397,24499,28981,29294,31598,27359,50668,27
ON,Nissan,Altima,2025,Used,15,23398,24920,25066,25995,34778,26878,49721,58
ON,Nissan,Ariya,2026,New,13,55630,56666,59698,60619,60648,58806,50,3
ON,Nissan,Armada,2024,Used,12,37095,37997,39938,43338,51197,42063,99280,54
ON,Nissan,Armada,2025,Used,12,77802,77874,79024,82476,95242,82016,24257,56
ON,Nissan,Armada,2026,New,139,89137,94244,98848,105354,109698,99290,25,53
ON,Nissan,Armada,2026,Used,25,84993,88500,93999,98848,104318,94030,10255,56
ON,Nissan,Frontier,2018,Used,12,17699,17924,19997,24850,28598,22223,147416,22
ON,Nissan,Frontier,2019,Used,12,15025,20874,25249,28996,32311,24923,96402,21
ON,Nissan,Frontier,2022,Used,18,30246,35306,38396,39984,41102,36616,88770,27
ON,Nissan,Frontier,2023,Used,15,40445,41998,42998,44975,46197,43184,57451,37
ON,Nissan,Frontier,2024,Used,11,45395,45999,48500,49349,49988,47714,27937,26
ON,Nissan,Frontier,2026,New,32,58948,59713,62258,62854,63396,61617,20,24
ON,Nissan,Juke,2014,Used,13,5992,8495,8888,9500,9995,8366,135000,24
ON,Nissan,Juke,2015,Used,15,7338,8247,8999,10146,10995,9261,127919,24
ON,Nissan,Juke,2016,Used,14,6965,7915,10250,11974,13399,10064,135450,14
ON,Nissan,Kicks,2018,Used,19,9891,12500,12999,14694,16217,14027,125529,23
ON,Nissan,Kicks,2019,Used,60,11999,13574,14838,16891,19040,15274,93242,34
ON,Nissan,Kicks,2020,Used,53,12995,14700,16288,18390,19916,16297,81134,22
ON,Nissan,Kicks,2021,Used,42,13894,15996,16938,18999,21349,17531,76605,20
ON,Nissan,Kicks,2022,Used,29,14795,16599,17998,19800,20187,17969,74300,22
ON,Nissan,Kicks,2023,Used,41,17488,18911,20500,21888,22895,20368,47835,26
ON,Nissan,Kicks,2024,Used,261,19995,20995,22498,23698,24688,22365,27038,29
ON,Nissan,Kicks,2025,New,23,25100,26093,29922,32073,32761,29405,16,56
ON,Nissan,Kicks,2025,Used,181,21855,23000,24957,28499,31988,25938,20480,38
ON,Nissan,Kicks,2026,New,2324,29598,31269,32466,34448,35809,32880,17,55
ON,Nissan,Kicks,2026,Used,97,29494,30472,31989,33995,37353,32415,6465,59
ON,Nissan,LEAF,2026,New,170,40908,47223,50198,51794,55893,49291,20,8
ON,Nissan,Leaf,2018,Used,11,9990,10749,12999,14497,14998,13124,112000,21
ON,Nissan,Maxima,2016,Used,19,8994,9999,11998,14200,15496,12218,162178,22
ON,Nissan,Micra,2015,Used,29,5396,6195,7995,8995,11595,7887,138476,24
ON,Nissan,Micra,2017,Used,12,8045,8721,8995,9593,9899,8863,123670,26
ON,Nissan,Murano,2013,Used,11,4500,6496,8999,13800,15950,10052,152563,20
ON,Nissan,Murano,2014,Used,11,4999,5972,7500,10466,10950,8156,162406,29
ON,Nissan,Murano,2015,Used,27,6934,7948,9998,12390,14980,10603,189655,36
ON,Nissan,Murano,2016,Used,23,7910,11242,12888,15449,19391,13190,144807,21
ON,Nissan,Murano,2017,Used,41,10499,11975,13950,16599,17999,14080,145850,21
ON,Nissan,Murano,2018,Used,35,11303,13242,15988,18185,20364,15870,138224,22
ON,Nissan,Murano,2019,Used,23,16482,18806,20950,22740,24896,20681,106735,23
ON,Nissan,Murano,2020,Used,30,17270,18961,21499,24764,26242,22404,108845,21
ON,Nissan,Murano,2021,Used,57,21597,23998,25498,26995,28991,25294,86711,37
ON,Nissan,Murano,2022,Used,14,21332,25662,25942,29360,34680,26276,62304,30
ON,Nissan,Murano,2023,Used,32,23095,25916,29995,32797,32994,29508,64650,37
ON,Nissan,Murano,2024,Used,22,27896,29385,32634,33499,38312,32159,65214,37
ON,Nissan,Murano,2025,New,11,45995,45995,47995,49278,49278,48436,95,55
ON,Nissan,Murano,2025,Used,40,43177,45722,47541,49278,49999,47307,10861,55
ON,Nissan,Murano,2026,New,49,59784,60266,60966,62197,62500,61088,17,39
ON,Nissan,NV200,2017,Used,15,5799,8249,12480,14680,15298,11189,181870,20
ON,Nissan,Nissan Z,2026,New,15,54648,65130,65998,72120,76129,66586,21,58
ON,Nissan,Nissan Z,2027,New,13,64418,65296,67044,67191,80238,68645,10,2
ON,Nissan,Pathfinder,2013,Used,14,5996,6862,7499,9712,12399,8741,192871,27
ON,Nissan,Pathfinder,2014,Used,43,8099,9248,11992,14894,15697,11868,153000,23
ON,Nissan,Pathfinder,2015,Used,29,6797,8199,11995,14995,18019,12534,160000,21
ON,Nissan,Pathfinder,2016,Used,22,7991,9211,11722,13912,16770,12355,142340,20
ON,Nissan,Pathfinder,2017,Used,42,9999,11995,13948,17748,22720,16252,155443,37
ON,Nissan,Pathfinder,2018,Used,44,9263,10999,14495,17845,21264,14871,144684,26
ON,Nissan,Pathfinder,2019,Used,23,10994,14700,17999,20488,21995,17233,125970,24
ON,Nissan,Pathfinder,2020,Used,15,12790,15998,19357,24198,26439,20106,105477,37
ON,Nissan,Pathfinder,2022,Used,34,27146,29234,31892,34992,36999,32169,94439,34
ON,Nissan,Pathfinder,2023,Used,33,31912,33495,35999,39992,43452,37163,78051,25
ON,Nissan,Pathfinder,2024,Used,133,35682,38995,42995,45655,48719,42489,43829,32
ON,Nissan,Pathfinder,2025,Used,16,39270,44824,50740,53572,56430,49172,24568,37
ON,Nissan,Pathfinder,2026,New,128,59539,63065,63998,64540,64915,63452,15,11
ON,Nissan,Qashqai,2017,Used,25,8992,11998,14888,15990,16761,13569,119100,24
ON,Nissan,Qashqai,2018,Used,33,11097,11999,12998,14995,16397,13358,120109,37
ON,Nissan,Qashqai,2019,Used,43,10823,12642,15995,17996,19789,15536,96907,24
ON,Nissan,Qashqai,2020,Used,25,14317,14999,16900,19488,19953,17726,83560,22
ON,Nissan,Qashqai,2021,Used,41,16389,17738,18998,21157,24998,19583,68011,23
ON,Nissan,Qashqai,2022,Used,21,15988,17488,18998,20339,23980,19497,72305,36
ON,Nissan,Qashqai,2023,Used,118,19178,20727,22995,24995,26986,23023,59119,37
ON,Nissan,Rogue,2009,Used,13,1755,2795,4995,6950,8299,4994,200712,21
ON,Nissan,Rogue,2010,Used,20,2285,4366,5249,6996,8065,5383,191528,37
ON,Nissan,Rogue,2011,Used,30,2500,4245,5945,6995,9164,6106,184659,37
ON,Nissan,Rogue,2012,Used,38,2269,4247,6497,7999,9145,6077,193355,30
ON,Nissan,Rogue,2013,Used,42,4046,5799,7310,9650,9999,7430,174250,37
ON,Nissan,Rogue,2014,Used,59,6374,8492,9990,12248,14820,10175,155581,21
ON,Nissan,Rogue,2015,Used,78,7315,7999,9999,12995,15916,11115,149100,24
ON,Nissan,Rogue,2016,Used,113,7496,9000,10999,13988,15998,11725,143000,27
ON,Nissan,Rogue,2017,Used,115,8997,10999,13490,15846,17758,14034,142544,24
ON,Nissan,Rogue,2018,Used,94,9982,12743,14834,16946,18675,14768,125295,33
ON,Nissan,Rogue,2019,Used,77,11900,13999,15990,17995,20703,16176,123891,28
ON,Nissan,Rogue,2020,Used,102,13868,15602,17098,19537,22554,17793,109718,28
ON,Nissan,Rogue,2021,Used,106,16195,18995,20944,22899,25444,21067,94215,21
ON,Nissan,Rogue,2022,Used,58,18342,20248,22992,23999,27500,22773,78770,30
ON,Nissan,Rogue,2023,Used,301,21994,24499,26000,27990,29990,26077,47641,33
ON,Nissan,Rogue,2024,Used,548,23489,24596,26599,28995,32728,27238,34972,24
ON,Nissan,Rogue,2025,Used,148,25893,27770,29995,34042,37948,31076,30900,50
ON,Nissan,Rogue,2026,New,3541,36021,37278,40898,45190,49521,41729,20,50
ON,Nissan,Rogue,2026,Used,257,32868,35888,38517,43278,47483,39589,6271,54
ON,Nissan,Sentra,2009,Used,15,4080,4697,5995,6572,7297,5788,179000,37
ON,Nissan,Sentra,2011,Used,15,3780,4397,5700,6197,7597,5640,160000,37
ON,Nissan,Sentra,2012,Used,21,3999,4690,6495,7499,8495,6429,158736,37
ON,Nissan,Sentra,2013,Used,36,5399,5999,6995,8199,9140,7211,141875,30
ON,Nissan,Sentra,2014,Used,36,4748,6025,7274,9619,10498,7632,145900,30
ON,Nissan,Sentra,2015,Used,32,4520,5987,8549,10196,13620,8996,147651,24
ON,Nissan,Sentra,2016,Used,37,5449,6800,8699,10995,12620,8954,147181,24
ON,Nissan,Sentra,2017,Used,46,6995,7500,9494,12375,13994,9955,141571,30
ON,Nissan,Sentra,2018,Used,29,7999,8999,10998,13499,13998,11149,127899,20
ON,Nissan,Sentra,2019,Used,32,8898,9995,11142,13149,14954,11582,129632,24
ON,Nissan,Sentra,2020,Used,25,12999,13900,14988,17998,19883,15857,93575,24
ON,Nissan,Sentra,2021,Used,36,13494,15224,16992,18398,20051,16805,83724,20
ON,Nissan,Sentra,2022,Used,38,14848,16972,18400,20846,23743,18897,75684,32
ON,Nissan,Sentra,2023,Used,33,17920,19499,20941,22488,25056,21043,40988,35
ON,Nissan,Sentra,2024,Used,194,18522,19996,21528,22995,23999,21795,31537,24
ON,Nissan,Sentra,2025,New,11,24798,24900,28248,29548,29979,27728,20,59
ON,Nissan,Sentra,2025,Used,72,22534,22994,24495,26995,28729,25143,8364,52
ON,Nissan,Sentra,2026,New,925,28849,29468,30568,32413,34198,30978,20,56
ON,Nissan,Sentra,2026,Used,55,27368,29746,31141,32799,34743,31078,3606,58
ON,Nissan,Titan,2017,Used,12,18099,18998,22997,32166,33895,24849,127853,22
ON,Nissan,Titan,2018,Used,17,16688,18900,22988,26995,31458,23234,157874,25
ON,Nissan,Titan,2019,Used,10,19398,22249,28394,32955,33249,27299,138788,22
ON,Nissan,Versa,2008,Used,12,3504,3804,4592,5420,5945,4625,201961,37
ON,Nissan,Versa,2009,Used,13,2480,2999,4395,4995,5892,4155,182000,37
ON,Nissan,Versa,2011,Used,14,4496,5066,6247,6836,7998,6246,130719,31
ON,Nissan,Versa,2012,Used,16,1944,2998,5244,6173,6997,4977,177265,24
ON,Nissan,Versa,2014,Used,36,3744,5367,7614,9800,10790,7454,132666,17
ON,Nissan,Versa,2015,Used,29,5490,6500,8888,9999,11940,8876,129000,24
ON,Nissan,Versa,2016,Used,21,4522,5490,7498,7995,9999,7192,147622,28
ON,Nissan,Versa,2023,Used,16,16547,16999,18998,20524,22446,19564,77328,34
ON,Nissan,Versa,2024,Used,44,16995,17790,19000,20596,22516,19471,57638,40
ON,Nissan,Versa,2025,Used,25,18995,19777,21895,23491,25500,22441,28430,42
ON,Porsche,911,2018,Used,11,99998,137842,222800,274900,298823,271271,50948,35
ON,Porsche,911,2020,Used,14,141458,151964,159777,162888,168127,158924,30430,24
ON,Porsche,911,2022,Used,19,174498,179449,183900,270800,305698,222079,18337,26
ON,Porsche,911,2023,Used,13,184220,192995,268800,299800,337955,285573,10581,22
ON,Porsche,911,2024,Used,22,169799,186490,221996,247325,277899,227308,7978,26
ON,Porsche,911,2025,New,17,207865,228331,233172,242071,251923,232667,90,40
ON,Porsche,911,2025,Used,22,178181,207924,229900,237674,253922,237855,4650,35
ON,Porsche,911,2026,New,93,216475,232182,243516,254249,267203,242214,90,40
ON,Porsche,911,2026,Used,23,227953,235841,245900,270240,359053,264448,958,40
ON,Porsche,Cayenne,2013,Used,24,16146,19490,24970,29499,31990,24238,175756,21
ON,Porsche,Cayenne,2014,Used,23,16580,17995,21990,27745,29990,23015,177971,21
ON,Porsche,Cayenne,2016,Used,20,19619,22086,27943,36822,40109,29152,130650,24
ON,Porsche,Cayenne,2017,Used,14,20827,23992,27945,29866,36999,28538,142723,22
ON,Porsche,Cayenne,2019,Used,20,34789,40706,43832,47446,54781,44857,86379,36
ON,Porsche,Cayenne,2020,Used,15,38731,42497,46770,55948,63051,50567,105563,24
ON,Porsche,Cayenne,2021,Used,19,49710,51445,56900,68388,81166,62583,85789,38
ON,Porsche,Cayenne,2022,Used,19,50740,59890,67900,71489,86300,68486,75416,36
ON,Porsche,Cayenne,2023,Used,43,58298,70392,80990,96395,114718,84520,56590,24
ON,Porsche,Cayenne,2024,Used,28,82995,92740,98850,116621,122363,105645,36720,38
ON,Porsche,Cayenne,2025,Used,32,119540,122250,134900,150141,155920,136750,9652,40
ON,Porsche,Cayenne,2026,New,137,128381,138175,149253,158610,165402,150990,90,40
ON,Porsche,Cayenne,2026,Used,63,130148,134590,143990,154049,159966,145048,90,40
ON,Porsche,Macan,2015,Used,12,17010,18675,19849,21446,24510,19857,134900,16
ON,Porsche,Macan,2016,Used,17,17188,19998,21988,22999,32888,23019,123120,37
ON,Porsche,Macan,2017,Used,41,17995,21500,25490,28999,34800,25761,113334,24
ON,Porsche,Macan,2018,Used,46,21700,24162,28995,32713,42398,29874,103060,32
ON,Porsche,Macan,2020,Used,13,33195,36888,41900,45900,56490,43139,74755,38
ON,Porsche,Macan,2021,Used,30,39825,42121,45244,51746,64381,48749,64600,38
ON,Porsche,Macan,2022,Used,14,44277,46223,50838,54740,63986,51726,58920,38
ON,Porsche,Macan,2023,Used,50,47987,54037,61448,80325,87122,65411,49070,36
ON,Porsche,Macan,2024,Used,54,60999,65199,74435,93996,111842,83058,22534,40
ON,Porsche,Macan,2025,New,15,94104,100903,140853,145509,156721,126517,90,41
ON,Porsche,Macan,2025,Used,116,72900,77674,82900,98512,118512,90922,10050,40
ON,Porsche,Macan,2026,New,270,89402,91820,95255,106695,129912,102287,90,39
ON,Porsche,Macan,2026,Used,144,86927,91078,94179,97717,123575,98396,90,40
ON,Porsche,Panamera,2018,Used,11,48995,54840,63880,73996,87900,66030,98000,37
ON,Porsche,Panamera,2026,New,24,172589,174867,180694,199482,233966,190432,90,40
ON,Porsche,Taycan,2025,Used,18,139900,144400,159449,180362,193502,166788,697,40
ON,Porsche,Taycan,2026,New,13,188073,191480,198583,202611,220863,201313,90,40
ON,Ram,1500,2013,Used,46,10247,12600,14948,17871,20492,16051,188457,21
ON,Ram,1500,2014,Used,81,8999,13250,15200,17995,22985,16766,172637,21
ON,Ram,1500,2015,Used,84,8929,11984,14970,17995,21690,15653,203632,24
ON,Ram,1500,2016,Used,135,11992,13997,17488,20992,25493,17744,171625,23
ON,Ram,1500,2017,Used,192,11954,14995,17999,22999,27995,19361,178446,24
ON,Ram,1500,2018,Used,168,15031,17649,19999,24990,28919,21517,165964,24
ON,Ram,1500,2019,Used,126,20610,25991,30943,35743,39418,31074,142870,33
ON,Ram,1500,2020,Used,115,26197,30010,36495,41149,43999,36069,124050,26
ON,Ram,1500,2021,Used,95,28931,31948,37998,44939,48531,38900,116221,33
ON,Ram,1500,2022,Used,281,35000,40979,45911,49328,53328,45741,88612,36
ON,Ram,1500,2023,Used,124,36964,41999,48880,55545,59778,49304,67844,51
ON,Ram,1500,2024,Used,66,48499,52247,56686,60220,63508,57356,55046,46
ON,Ram,1500,2025,Used,243,48547,52566,59995,68997,79292,61792,27820,53
ON,Ram,1500,2026,New,3905,65940,71895,79065,86998,104201,81726,0,54
ON,Ram,1500,2026,Used,188,60582,69400,77292,85982,95594,78419,4654,53
ON,Ram,1500,2027,New,926,73560,78466,93445,97579,118408,92259,18,13
ON,Ram,1500 Classic,2019,Used,131,16600,19996,23888,27882,29995,23974,155391,24
ON,Ram,1500 Classic,2020,Used,49,20996,24995,28995,31617,33299,28709,115400,24
ON,Ram,1500 Classic,2021,Used,98,21652,26391,30216,32993,35855,29280,110332,22
ON,Ram,1500 Classic,2022,Used,145,25985,30999,34980,37888,40997,34440,93264,24
ON,Ram,1500 Classic,2023,Used,145,31998,33500,35977,37999,41295,35888,73127,28
ON,Ram,1500 Classic,2024,Used,12,47550,48089,50247,54620,55898,51511,27974,20
ON,Ram,2500,2014,Used,12,13330,14874,17895,19925,26299,18498,206013,22
ON,Ram,2500,2015,Used,20,18415,19971,24898,30641,35610,26047,185451,20
ON,Ram,2500,2016,Used,20,18894,22614,28386,33221,35095,27765,218004,32
ON,Ram,2500,2017,Used,31,19600,23386,29500,35974,41998,30683,185600,21
ON,Ram,2500,2018,Used,25,22132,31799,35000,39900,46338,35288,179560,24
ON,Ram,2500,2019,Used,48,27063,34791,39984,47240,57167,40948,170918,36
ON,Ram,2500,2020,Used,26,32492,38073,43748,50745,60594,45686,149493,37
ON,Ram,2500,2021,Used,28,39464,41771,49127,57984,63592,52030,148612,37
ON,Ram,2500,2022,Used,72,44183,51665,56995,62555,67933,57061,109788,38
ON,Ram,2500,2023,Used,35,54397,59995,66995,71488,75597,64805,80732,47
ON,Ram,2500,2024,Used,65,58115,63995,69995,76760,80415,70322,39839,38
ON,Ram,2500,2025,Used,52,62899,74940,78448,89588,95965,80808,6772,45
ON,Ram,2500,2026,New,697,78505,84995,94554,107999,116304,96321,0,54
ON,Ram,2500,2026,Used,25,69631,79980,88760,98899,109595,90897,4203,55
ON,Ram,2500,2027,New,165,87815,92570,103905,107544,129193,104258,0,9
ON,Ram,3500,2019,Used,14,29246,33488,39450,47616,52830,40698,182626,38
ON,Ram,3500,2022,Used,31,48760,52995,61986,67724,72988,60879,98101,30
ON,Ram,3500,2023,Used,15,50698,62722,69900,74992,81301,67100,98512,36
ON,Ram,3500,2024,Used,25,56388,57995,60991,85423,95756,71716,45837,42
ON,Ram,3500,2025,Used,18,62477,65464,73772,90163,94698,77091,200,35
ON,Ram,3500,2026,New,208,80304,89807,100432,118292,125979,102752,0,55
ON,Ram,3500,2027,New,38,94110,98610,110472,131093,136823,112904,21,24
ON,Ram,Cargo,2014,Used,11,5212,5650,7950,9900,11280,7926,185000,37
ON,Ram,ProMaster,2018,Used,10,16205,17154,23249,24746,27092,21657,143311,30
ON,Ram,ProMaster,2019,Used,12,17995,19124,25995,29737,41890,27673,163000,23
ON,Ram,ProMaster,2020,Used,20,24186,24999,30448,39886,47660,37154,113387,30
ON,Ram,ProMaster,2021,Used,10,24886,27186,27998,31327,47689,35446,128706,38
ON,Ram,ProMaster,2023,Used,32,31594,33840,36988,38680,41658,36995,80889,37
ON,Ram,ProMaster,2024,Used,15,35495,39995,41335,45378,47502,42473,60513,46
ON,Ram,ProMaster,2025,New,23,45998,46948,55998,64548,68890,57078,16,55
ON,Ram,ProMaster,2025,Used,123,43466,44998,47391,50363,57087,49788,20125,35
ON,Ram,ProMaster,2026,New,68,65784,68135,69600,73721,84225,71501,0,55
ON,Ram,ProMaster,2027,New,65,66825,68805,69834,71290,73324,69985,10,14
ON,Smart,fortwo,2013,Used,10,2999,6023,7247,7871,9498,7907,112088,37
ON,Subaru,Ascent,2019,Used,18,15848,18620,21700,23231,25032,21005,133038,25
ON,Subaru,Ascent,2020,Used,17,18679,21933,23850,25995,26917,23600,117173,26
ON,Subaru,Ascent,2021,Used,14,19999,23499,25294,27490,29606,25069,114919,23
ON,Subaru,Ascent,2022,Used,19,24770,27992,30598,32428,35195,30114,82195,21
ON,Subaru,Ascent,2023,Used,48,27963,31555,34938,37602,38465,34241,71614,30
ON,Subaru,Ascent,2024,Used,24,35039,37957,39649,42889,44845,39843,52875,34
ON,Subaru,BRZ,2023,Used,17,26951,27988,28905,29959,31399,29297,33540,29
ON,Subaru,BRZ,2026,New,24,33395,37515,40321,40876,42020,38994,50,55
ON,Subaru,Crosstrek,2016,Used,26,10598,12658,13930,16724,16995,14596,151634,30
ON,Subaru,Crosstrek,2017,Used,12,10199,13873,15245,16093,16993,14361,149717,22
ON,Subaru,Crosstrek,2018,Used,28,13115,14997,16974,20190,21948,17665,129807,24
ON,Subaru,Crosstrek,2019,Used,25,12989,15995,17999,20850,24686,18615,130893,30
ON,Subaru,Crosstrek,2020,Used,10,14986,16114,17249,19374,23097,18139,106292,24
ON,Subaru,Crosstrek,2021,Used,63,19550,20997,23995,25996,28396,23787,82500,20
ON,Subaru,Crosstrek,2022,Used,12,20036,22621,23994,25499,27628,24136,102739,32
ON,Subaru,Crosstrek,2023,Used,22,22049,24361,26782,28370,30420,26402,77368,38
ON,Subaru,Crosstrek,2024,Used,204,26875,28488,30495,31995,32995,30187,44641,27
ON,Subaru,Crosstrek,2025,Used,38,29408,30957,32988,34873,35995,32878,21614,22
ON,Subaru,Crosstrek,2026,New,553,33595,36781,40595,42498,45378,39658,20,24
ON,Subaru,Crosstrek,2026,Used,35,34706,37004,39988,42279,44559,39773,6925,51
ON,Subaru,Forester,2010,Used,28,3420,4999,7999,9999,11494,7788,152500,21
ON,Subaru,Forester,2011,Used,27,5999,8099,9652,10794,11999,9920,145896,21
ON,Subaru,Forester,2012,Used,20,4441,5945,7999,9985,11591,9221,164750,26
ON,Subaru,Forester,2013,Used,10,4984,5071,7692,9485,11149,7703,197407,21
ON,Subaru,Forester,2014,Used,39,6360,8495,9995,11999,14951,10479,180439,23
ON,Subaru,Forester,2015,Used,58,7926,9844,11997,13984,15913,11707,150884,24
ON,Subaru,Forester,2016,Used,34,9086,10992,13245,16440,18140,13692,144044,22
ON,Subaru,Forester,2017,Used,41,10399,11978,14800,17990,19480,14746,152726,24
ON,Subaru,Forester,2018,Used,47,11595,14438,16999,19342,21998,16966,139185,25
ON,Subaru,Forester,2019,Used,26,17094,19495,22244,24572,25763,21747,117824,25
ON,Subaru,Forester,2020,Used,29,17388,19995,22985,26295,27377,22615,122756,33
ON,Subaru,Forester,2021,Used,26,22170,24474,26366,27821,29774,26088,87966,31
ON,Subaru,Forester,2022,Used,24,25228,26563,29144,33120,34966,29434,71046,22
ON,Subaru,Forester,2023,Used,39,24897,28204,31995,33997,34996,30893,64000,23
ON,Subaru,Forester,2024,Used,42,29648,32593,34246,36221,37450,34188,48044,24
ON,Subaru,Forester,2025,Used,75,33995,36947,39388,42148,43997,39425,29350,21
ON,Subaru,Forester,2026,New,634,39195,42338,45534,48695,51894,45759,50,21
ON,Subaru,Forester,2026,Used,25,39198,43695,44999,51302,53562,46165,2262,26
ON,Subaru,Impreza,2011,Used,14,4575,5123,7304,9198,14198,9132,185328,37
ON,Subaru,Impreza,2012,Used,24,4028,6860,7748,9498,13798,8597,172886,22
ON,Subaru,Impreza,2013,Used,28,4022,4999,7250,8525,8999,6861,167451,33
ON,Subaru,Impreza,2014,Used,19,7490,8247,10999,12498,13996,11402,152810,21
ON,Subaru,Impreza,2015,Used,20,8698,9745,11798,12748,14199,11375,137500,24
ON,Subaru,Impreza,2016,Used,16,3900,5818,9250,13984,15198,10295,163700,28
ON,Subaru,Impreza,2017,Used,28,9996,11999,13700,14622,15149,13246,139444,22
ON,Subaru,Impreza,2018,Used,35,11605,12996,14999,16984,18766,15095,116965,23
ON,Subaru,Impreza,2019,Used,26,12365,13595,15493,17781,19972,15776,116029,20
ON,Subaru,Impreza,2020,Used,15,11797,14742,16999,19995,21794,17091,94366,17
ON,Subaru,Impreza,2022,Used,10,17965,19995,21322,23284,23888,20467,88100,30
ON,Subaru,Impreza,2024,Used,44,24265,25997,27174,29496,31452,27666,29509,24
ON,Subaru,Impreza,2026,New,17,31428,32205,34600,36392,36847,34479,18,39
ON,Subaru,Legacy,2015,Used,14,8146,9624,11499,12997,14396,11735,175192,21
ON,Subaru,Legacy,2016,Used,11,8390,10944,12995,15495,18888,13044,137000,21
ON,Subaru,Legacy,2017,Used,10,9888,11249,12638,15599,16910,13266,147766,24
ON,Subaru,Outback,2011,Used,19,5118,6648,7499,9472,12120,7975,197229,24
ON,Subaru,Outback,2012,Used,10,5245,6117,7744,9545,11820,8002,188450,29
ON,Subaru,Outback,2013,Used,23,3391,6398,8900,10290,15040,9504,175000,21
ON,Subaru,Outback,2014,Used,17,6394,7600,10800,12995,15200,10805,184394,14
ON,Subaru,Outback,2015,Used,35,6800,9745,11999,14900,18286,12989,178200,22
ON,Subaru,Outback,2016,Used,36,9853,11375,14494,16996,18794,14549,162682,22
ON,Subaru,Outback,2017,Used,47,9679,11697,13999,17995,21608,14965,171700,24
ON,Subaru,Outback,2018,Used,32,12041,13990,15800,19825,21359,16424,130204,21
ON,Subaru,Outback,2019,Used,36,15784,18871,20645,25882,27582,21509,108747,20
ON,Subaru,Outback,2020,Used,44,19266,20971,24389,27145,31396,24777,106793,23
ON,Subaru,Outback,2021,Used,16,23798,24994,25942,27420,31497,26758,101712,18
ON,Subaru,Outback,2022,Used,57,23977,26732,29998,33888,35997,30076,93328,30
ON,Subaru,Outback,2023,Used,43,25995,29147,32591,34996,36956,31774,69539,26
ON,Subaru,Outback,2024,Used,102,28920,31996,34994,37998,40680,34759,52661,25
ON,Subaru,Outback,2025,Used,22,35539,37092,38440,42814,45211,39889,34742,24
ON,Subaru,Outback,2026,New,235,48195,50590,52112,54405,58802,52738,50,16
ON,Subaru,Outback,2026,Used,14,49219,49960,50556,53984,57471,52173,5581,22
ON,Subaru,Trailseeker,2026,New,15,56304,58176,60831,60995,62873,60130,78,38
ON,Subaru,WRX,2015,Used,26,10740,13322,15499,19664,23499,16409,170938,21
ON,Subaru,WRX,2016,Used,15,11379,12742,15991,17997,21107,16078,150002,21
ON,Subaru,WRX,2017,Used,34,12994,16221,18994,24199,26313,19775,137266,21
ON,Subaru,WRX,2018,Used,41,14995,17264,18900,23888,25995,20399,131000,21
ON,Subaru,WRX,2019,Used,21,16999,18732,20999,24770,27450,22347,129000,37
ON,Subaru,WRX,2020,Used,19,17819,19487,24990,27500,36372,25748,94823,22
ON,Subaru,WRX,2021,Used,15,19117,23957,27450,34478,42715,30917,90890,21
ON,Subaru,WRX,2023,Used,33,29490,29995,31995,32990,33888,31569,46000,33
ON,Subaru,WRX,2024,Used,51,30488,31692,34450,36514,37388,34314,31251,29
ON,Subaru,WRX,2026,New,74,40922,41776,49421,51125,52248,47337,21,43
ON,Subaru,XV,2013,Used,15,8057,8992,10995,11992,11997,10397,176712,32
ON,Subaru,XV,2014,Used,21,6995,7499,9799,12998,14995,10146,172300,24
ON,Subaru,XV,2015,Used,23,8991,11247,12995,14899,16795,12756,156013,21
ON,Tesla,Model 3,2018,Used,37,13299,14999,16999,19999,22751,18543,182736,20
ON,Tesla,Model 3,2019,Used,49,14307,16995,19995,22980,26640,20717,152000,20
ON,Tesla,Model 3,2020,Used,42,14999,17820,21247,24994,32505,22186,137575,17
ON,Tesla,Model 3,2021,Used,55,17692,20997,23880,28990,31795,24442,112452,23
ON,Tesla,Model 3,2022,Used,69,21999,26800,32990,36488,41164,32884,83860,20
ON,Tesla,Model 3,2023,Used,39,22792,26997,29990,34099,37480,30335,84214,20
ON,Tesla,Model 3,2024,Used,16,31999,37100,38888,40996,43490,38648,62111,20
ON,Tesla,Model S,2015,Used,12,12995,12999,17989,22171,22969,19440,196278,20
ON,Tesla,Model S,2016,Used,11,14999,15474,18999,21247,29995,20857,180762,32
ON,Tesla,Model S,2017,Used,19,17796,21249,24900,29440,39096,28565,145000,37
ON,Tesla,Model X,2016,Used,10,22476,25621,28344,34326,38799,30756,138401,30
ON,Tesla,Model X,2017,Used,16,22494,25996,28247,36496,43386,31788,158011,24
ON,Tesla,Model X,2018,Used,11,19995,25497,33888,44997,58888,35295,99261,12
ON,Tesla,Model Y,2021,Used,34,24857,28496,32190,34998,39347,31993,110658,20
ON,Tesla,Model Y,2022,Used,55,31649,33242,38590,43494,45295,38422,85108,14
ON,Tesla,Model Y,2023,Used,42,33891,37370,42492,47382,49896,42200,81266,19
ON,Tesla,Model Y,2024,Used,20,39998,42962,48248,53847,54299,48204,53800,16
ON,Toyota,4Runner,2016,Used,16,22995,23998,26980,29249,30986,26881,164026,23
ON,Toyota,4Runner,2017,Used,10,24725,26910,31497,33974,36194,31425,168100,18
ON,Toyota,4Runner,2018,Used,10,27697,30624,33499,34968,36198,32638,149000,16
ON,Toyota,4Runner,2019,Used,15,32118,34972,37888,44800,46566,39494,139500,37
ON,Toyota,4Runner,2020,Used,14,35474,37166,42492,43000,46767,41088,128664,27
ON,Toyota,4Runner,2021,Used,15,40197,42219,44990,48256,51715,45770,102930,28
ON,Toyota,4Runner,2022,Used,17,44948,45999,47995,51678,53992,48833,87940,22
ON,Toyota,4Runner,2023,Used,18,47960,49146,50980,52927,55141,51376,72284,40
ON,Toyota,4Runner,2024,Used,19,47598,49488,51995,54790,57177,52065,69802,38
ON,Toyota,4Runner,2025,Used,26,62448,65485,70995,75745,77950,70481,12947,20
ON,Toyota,4Runner,2026,New,72,49000,60949,66632,73376,80439,66820,10,42
ON,Toyota,C-HR,2018,Used,27,13931,16249,18495,20149,21996,18487,133877,16
ON,Toyota,C-HR,2019,Used,28,17390,18800,20424,22918,25648,20991,91501,24
ON,Toyota,C-HR,2020,Used,12,20540,21641,23780,24830,24988,23657,83698,36
ON,Toyota,C-HR,2021,Used,30,20424,21922,22997,24637,26370,23453,75140,18
ON,Toyota,C-HR,2026,New,29,40030,47809,53648,56430,58658,51752,1,54
ON,Toyota,Camry,2002,Used,11,3990,5090,5490,6595,7995,5771,183281,37
ON,Toyota,Camry,2003,Used,11,3200,4047,4490,5998,6500,5252,191300,37
ON,Toyota,Camry,2005,Used,14,4557,4784,5370,5994,6210,5460,212708,37
ON,Toyota,Camry,2007,Used,49,4818,5950,6995,8000,9058,7103,177600,37
ON,Toyota,Camry,2008,Used,17,4837,5999,6999,8998,9991,7471,222750,21
ON,Toyota,Camry,2009,Used,18,5769,6496,7000,7990,9348,7547,204150,36
ON,Toyota,Camry,2010,Used,32,6050,7000,7994,10770,11994,8857,171500,36
ON,Toyota,Camry,2011,Used,30,7169,8349,9995,11990,13819,10850,164072,30
ON,Toyota,Camry,2012,Used,43,8999,10698,11999,12995,14498,12019,189834,37
ON,Toyota,Camry,2013,Used,15,9570,10994,13888,14992,15532,13012,169056,24
ON,Toyota,Camry,2014,Used,41,8999,10500,12990,14995,16800,13086,168686,21
ON,Toyota,Camry,2015,Used,32,11138,13362,13999,16800,17899,14892,164220,18
ON,Toyota,Camry,2016,Used,28,12463,13990,15999,17800,19344,15791,143926,27
ON,Toyota,Camry,2017,Used,25,13399,15998,17900,21695,24135,18770,132380,24
ON,Toyota,Camry,2018,Used,51,15999,18346,20988,22489,24195,20809,128500,21
ON,Toyota,Camry,2019,Used,45,16320,18499,22000,25490,28455,22375,128548,22
ON,Toyota,Camry,2020,Used,43,17988,19992,23999,27399,30786,24062,95981,24
ON,Toyota,Camry,2021,Used,57,19231,21770,24490,26980,29996,24416,109736,21
ON,Toyota,Camry,2022,Used,66,23894,24996,26890,29364,32845,27392,89339,20
ON,Toyota,Camry,2023,Used,60,24945,26990,28749,32099,35454,29567,75836,20
ON,Toyota,Camry,2024,Used,86,26948,28960,31888,34374,36498,31804,61266,22
ON,Toyota,Camry,2025,Used,59,33544,36238,37990,42245,44651,38829,42102,25
ON,Toyota,Camry,2026,New,91,37035,40212,42757,47912,51423,43101,20,22
ON,Toyota,Camry,2026,Used,24,39993,40970,41410,45244,50340,43445,8520,24
ON,Toyota,Corolla,2004,Used,11,3995,4692,5488,6245,6500,5295,172000,37
ON,Toyota,Corolla,2006,Used,11,4888,5490,6500,6995,7995,6272,177853,37
ON,Toyota,Corolla,2007,Used,19,4396,4988,5999,6950,7555,5931,208000,37
ON,Toyota,Corolla,2008,Used,15,2995,5195,6499,7514,8755,6198,197391,37
ON,Toyota,Corolla,2009,Used,47,3899,6475,7499,8992,9999,7466,177633,30
ON,Toyota,Corolla,2010,Used,75,5893,6497,8250,9397,10796,8127,169445,37
ON,Toyota,Corolla,2011,Used,33,5960,7499,8995,10500,12816,9404,172587,37
ON,Toyota,Corolla,2012,Used,28,7245,7988,8992,10991,11854,9390,170065,37
ON,Toyota,Corolla,2013,Used,43,7328,8968,10680,11497,12976,10718,187635,33
ON,Toyota,Corolla,2014,Used,50,9998,11599,12995,14500,15539,13286,137182,21
ON,Toyota,Corolla,2015,Used,50,10941,11716,13247,14941,16995,13720,140148,24
ON,Toyota,Corolla,2016,Used,64,10493,11971,13847,15491,16905,13637,152250,20
ON,Toyota,Corolla,2017,Used,78,10996,13124,15995,17997,20639,16248,138712,23
ON,Toyota,Corolla,2018,Used,70,12849,13998,15992,16998,19069,15838,134741,24
ON,Toyota,Corolla,2019,Used,67,13999,15174,16999,19625,21332,17589,114518,24
ON,Toyota,Corolla,2020,Used,131,15480,16997,18995,21260,22999,19330,114000,24
ON,Toyota,Corolla,2021,Used,104,17111,18998,20500,22704,24871,20908,90015,22
ON,Toyota,Corolla,2022,Used,175,19575,21000,22900,23990,25990,22614,81356,30
ON,Toyota,Corolla,2023,Used,117,22448,23321,24999,26990,29998,25928,76290,26
ON,Toyota,Corolla,2024,Used,146,23712,24989,26485,28999,30497,27051,56557,29
ON,Toyota,Corolla,2025,Used,116,25741,26990,28995,31503,33594,29380,31494,28
ON,Toyota,Corolla,2026,New,328,27879,28803,30648,32863,36030,31010,12,27
ON,Toyota,Corolla,2026,Used,33,28361,28990,30989,34990,38191,32834,11528,16
ON,Toyota,Corolla Cross,2022,Used,28,24904,25749,28162,29918,31730,28197,69014,26
ON,Toyota,Corolla Cross,2023,Used,32,26545,27834,31049,34992,37766,31619,51124,24
ON,Toyota,Corolla Cross,2024,Used,51,29900,31006,33599,37550,39017,34160,39100,31
ON,Toyota,Corolla Cross,2025,Used,35,30193,31598,32500,34495,39243,33732,38810,35
ON,Toyota,Corolla Cross,2026,New,117,29108,32078,34284,37961,41753,34834,10,17
ON,Toyota,Corolla Cross,2026,Used,22,34365,34767,34999,36997,40589,36587,13696,28
ON,Toyota,Corolla Hatchback,2019,Used,11,15299,16988,18995,19650,20495,18364,83000,30
ON,Toyota,Corolla Hatchback,2020,Used,11,18188,19485,20990,22094,23474,20700,104846,26
ON,Toyota,Corolla Hatchback,2021,Used,11,19900,21250,22013,24610,26995,22869,77108,23
ON,Toyota,Corolla Hatchback,2022,Used,11,20488,21245,22999,23996,25453,22619,77541,13
ON,Toyota,Corolla Hatchback,2023,Used,14,23286,24121,24993,25913,27576,24954,69155,20
ON,Toyota,Corolla Hatchback,2025,Used,11,25989,26386,26998,28243,28900,27292,34957,38
ON,Toyota,Corolla Hatchback,2026,New,60,27987,29919,31457,33038,34808,31378,20,38
ON,Toyota,Crown,2025,Used,11,47988,51239,53816,57489,59480,54069,25012,27
ON,Toyota,Crown,2026,New,98,60585,61492,62660,63960,64659,62517,10,42
ON,Toyota,Crown,2026,Used,15,58771,62174,63315,63782,64417,62494,8937,55
ON,Toyota,GR Corolla,2025,Used,11,49995,51488,52995,55495,56800,53265,12343,33
ON,Toyota,GR Corolla,2026,New,40,52155,54971,60360,61058,62820,58279,16,28
ON,Toyota,GR86,2026,New,12,35300,37430,38884,42055,44035,39448,0,54
ON,Toyota,Grand Highlander,2024,Used,26,47498,49199,51995,54998,58747,52589,58836,23
ON,Toyota,Grand Highlander,2025,Used,26,54742,56706,59999,70245,72900,62210,30089,21
ON,Toyota,Grand Highlander,2026,New,51,27710,27710,57278,65458,69250,48397,0,55
ON,Toyota,Grand Highlander,2026,Used,15,57875,59694,61979,66992,72997,63919,12791,17
ON,Toyota,Highlander,2013,Used,17,9974,12500,14999,17990,19899,15338,187621,24
ON,Toyota,Highlander,2014,Used,11,16999,17499,18499,20492,23990,19677,191701,37
ON,Toyota,Highlander,2015,Used,20,16974,18570,20994,24849,29069,22046,174321,24
ON,Toyota,Highlander,2016,Used,29,17486,18712,21999,23999,26990,22471,167002,32
ON,Toyota,Highlander,2017,Used,38,21544,23998,25249,27895,29058,25623,147674,20
ON,Toyota,Highlander,2018,Used,35,21848,24995,26987,29492,30000,26980,147467,20
ON,Toyota,Highlander,2019,Used,25,24697,26995,29500,31500,33297,29041,138066,20
ON,Toyota,Highlander,2020,Used,54,29499,30991,33424,36746,40839,34268,109566,24
ON,Toyota,Highlander,2021,Used,77,33733,35300,37993,40822,45410,38886,97000,33
ON,Toyota,Highlander,2022,Used,66,35250,37897,41298,43012,45490,40903,89338,22
ON,Toyota,Highlander,2023,Used,80,38382,39994,42500,44999,49549,43034,72732,30
ON,Toyota,Highlander,2024,Used,56,42694,45800,49996,53719,56975,49906,54656,34
ON,Toyota,Highlander,2025,Used,20,53410,55458,58494,60120,62200,57572,26768,32
ON,Toyota,Highlander,2026,New,52,54022,56044,59358,63562,65840,59882,20,33
ON,Toyota,Highlander,2026,Used,10,58735,61772,62835,64671,65068,62547,8872,30
ON,Toyota,Land Cruiser,2024,Used,12,67259,69996,76946,81056,88249,77040,34804,28
ON,Toyota,Land Cruiser,2026,New,14,58270,74535,82946,88218,92451,76971,0,55
ON,Toyota,Land Cruiser,2027,New,15,86863,89332,90302,90802,90931,88962,25,25
ON,Toyota,Matrix,2006,Used,13,3089,3499,5795,7495,9596,7663,216450,20
ON,Toyota,Matrix,2009,Used,23,5996,7195,7999,8741,9952,7961,187631,37
ON,Toyota,Matrix,2010,Used,38,4172,6599,7792,8836,10293,7563,192555,25
ON,Toyota,Matrix,2011,Used,13,5896,7611,8995,9584,9999,8469,179150,24
ON,Toyota,Matrix,2014,Used,10,7895,10568,10990,12121,13288,11065,159718,37
ON,Toyota,Prius,2012,Used,21,6999,9499,10500,11900,12995,10242,187397,21
ON,Toyota,Prius,2013,Used,17,7983,8999,10000,13998,14999,11343,168400,24
ON,Toyota,Prius,2014,Used,17,8197,8999,10900,13500,16999,11529,182969,37
ON,Toyota,Prius,2015,Used,12,12075,12912,13628,16449,18759,14624,146030,37
ON,Toyota,Prius,2016,Used,13,7999,8799,11998,14999,18709,12761,178684,37
ON,Toyota,Prius,2017,Used,23,7999,10247,12499,16945,18779,13698,199503,20
ON,Toyota,Prius,2018,Used,14,12856,13624,17435,19374,22729,17253,140570,37
ON,Toyota,Prius,2019,Used,13,11097,15696,19499,22499,23750,18581,124753,33
ON,Toyota,Prius,2020,Used,16,19499,21842,23874,26109,26990,24219,94339,21
ON,Toyota,Prius,2022,Used,11,22999,23694,26995,28992,29995,26821,73500,20
ON,Toyota,Prius,2023,Used,15,30368,31937,32900,33970,36198,33388,48705,23
ON,Toyota,Prius,2024,Used,14,31829,32071,34948,38233,38841,35301,58809,24
ON,Toyota,Prius,2025,Used,10,33890,35150,36302,39163,40215,37022,19034,23
ON,Toyota,Prius,2026,New,36,40619,41793,45068,47996,51282,45665,0,51
ON,Toyota,Prius,2026,Used,11,37950,41944,42888,46942,46998,43143,8921,51
ON,Toyota,Prius,2027,New,37,41740,43040,44060,48281,50667,45468,35,2
ON,Toyota,RAV,2021,Used,15,26180,28124,30999,33216,34980,30589,100158,26
ON,Toyota,RAV,2022,Used,11,29357,32338,34488,37995,39680,34739,84000,30
ON,Toyota,RAV,2023,Used,17,30779,33002,36950,40981,42570,36892,67193,23
ON,Toyota,RAV,2024,Used,25,33752,34775,41199,45204,46900,40245,44735,40
ON,Toyota,RAV,2025,Used,27,35981,39744,41490,46424,51428,43546,25081,29
ON,Toyota,RAV 4,2024,Used,14,29648,29995,31248,31500,34010,31489,60680,38
ON,Toyota,RAV4,2008,Used,16,6350,8672,8997,9910,11245,8902,170850,37
ON,Toyota,RAV4,2009,Used,29,7228,8888,9500,10995,13696,10541,189128,24
ON,Toyota,RAV4,2010,Used,35,7538,8999,10888,11993,13395,10719,172000,32
ON,Toyota,RAV4,2011,Used,37,6720,9990,11880,12995,13991,11193,170080,24
ON,Toyota,RAV4,2012,Used,44,8996,9997,11490,12695,15659,12467,190524,24
ON,Toyota,RAV4,2013,Used,54,11715,13123,14698,15988,17897,14674,174670,37
ON,Toyota,RAV4,2014,Used,55,10997,12999,14799,15994,17995,14731,182703,24
ON,Toyota,RAV4,2015,Used,77,12270,13999,15998,17941,19990,16113,163916,23
ON,Toyota,RAV4,2016,Used,78,14815,16648,17989,20733,22990,18821,163962,28
ON,Toyota,RAV4,2017,Used,88,14994,17494,19658,22490,23999,19691,150382,24
ON,Toyota,RAV4,2018,Used,96,16938,18971,21549,24500,26955,21701,135544,24
ON,Toyota,RAV4,2019,Used,122,22898,24575,26948,29995,31626,27146,122530,26
ON,Toyota,RAV4,2020,Used,110,22998,26022,28970,32223,34892,29027,101361,24
ON,Toyota,RAV4,2021,Used,204,25912,27341,30248,33165,36445,30715,95687,22
ON,Toyota,RAV4,2022,Used,193,27069,29898,32900,35998,39400,33022,76891,24
ON,Toyota,RAV4,2023,Used,251,30495,33498,36900,40008,43900,36965,64512,23
ON,Toyota,RAV4,2024,Used,304,31692,34990,38000,43606,46794,39005,55872,28
ON,Toyota,RAV4,2025,New,18,42920,44990,46244,49348,51597,46907,666,21
ON,Toyota,RAV4,2025,Used,296,35950,38427,41392,45050,49861,42216,33062,24
ON,Toyota,RAV4,2026,New,163,40430,40558,46962,55210,61347,48675,26,17
ON,Toyota,RAV4,2026,Used,37,44474,49500,52990,56288,59376,53101,588,15
ON,Toyota,Sequoia,2026,New,22,88198,94686,104829,107788,110125,101270,0,54
ON,Toyota,Sienna,2011,Used,34,8858,9999,11999,13995,16660,12199,200870,22
ON,Toyota,Sienna,2012,Used,17,9439,10499,12499,13900,17132,12786,228400,21
ON,Toyota,Sienna,2013,Used,32,11991,13998,16450,18749,19999,16377,173500,24
ON,Toyota,Sienna,2014,Used,34,12114,14118,16992,18494,20969,16807,170625,20
ON,Toyota,Sienna,2015,Used,39,13980,14945,18500,21744,28102,19459,178475,21
ON,Toyota,Sienna,2016,Used,18,17199,18424,21430,24495,29090,22605,158648,24
ON,Toyota,Sienna,2017,Used,37,18559,22995,24999,27500,29993,24944,152000,27
ON,Toyota,Sienna,2018,Used,20,21199,24325,31746,36124,38977,30396,117304,23
ON,Toyota,Sienna,2019,Used,15,19865,22450,29999,34520,39471,29726,116000,20
ON,Toyota,Sienna,2020,Used,26,25249,26842,30874,35874,43985,32775,127120,24
ON,Toyota,Sienna,2021,Used,39,35955,39742,42988,46556,56084,43509,110443,21
ON,Toyota,Sienna,2022,Used,31,35888,40148,45990,49488,56490,45359,94388,16
ON,Toyota,Sienna,2023,Used,13,45036,47998,50499,61490,65902,53548,57595,12
ON,Toyota,Sienna,2024,Used,39,47884,49947,55488,61370,67084,55692,43821,29
ON,Toyota,Sienna,2025,Used,77,50455,53798,58994,64161,67791,59195,22389,23
ON,Toyota,Sienna,2026,New,54,37980,50702,55318,60668,71719,55935,25,32
ON,Toyota,Sienna,2026,Used,37,59224,59995,62998,68998,70811,65442,6070,19
ON,Toyota,Tacoma,2014,Used,11,12500,16992,19950,24444,25988,23936,188735,24
ON,Toyota,Tacoma,2015,Used,11,16992,22148,23288,25994,27500,22804,209944,37
ON,Toyota,Tacoma,2016,Used,17,23735,25995,28988,31995,33410,28870,181503,37
ON,Toyota,Tacoma,2017,Used,23,25374,28700,31221,36749,38383,32238,167384,21
ON,Toyota,Tacoma,2018,Used,17,21988,30888,34800,37995,38696,32536,157422,21
ON,Toyota,Tacoma,2019,Used,16,30499,33993,36450,39247,40008,36126,132226,21
ON,Toyota,Tacoma,2020,Used,15,33908,37448,39900,39999,41591,38692,112713,14
ON,Toyota,Tacoma,2021,Used,32,35397,39993,41998,44925,45999,41786,98458,20
ON,Toyota,Tacoma,2022,Used,33,33574,38888,41995,45485,47699,41877,82744,22
ON,Toyota,Tacoma,2023,Used,53,38196,42495,45995,49742,57959,46769,65970,28
ON,Toyota,Tacoma,2024,Used,64,47920,48998,50648,57224,63988,53460,38942,32
ON,Toyota,Tacoma,2025,Used,72,50906,52894,55995,64005,67000,58676,17466,30
ON,Toyota,Tacoma,2026,New,590,52029,54605,58404,64186,69824,60218,15,38
ON,Toyota,Tacoma,2026,Used,17,55716,56995,58818,70404,72452,62813,3000,42
ON,Toyota,Tundra,2016,Used,10,23591,24912,28400,28974,32999,28256,194876,12
ON,Toyota,Tundra,2017,Used,10,25789,28872,34238,39245,41046,33843,179750,30
ON,Toyota,Tundra,2018,Used,18,24965,28913,32292,34873,44596,33471,194500,26
ON,Toyota,Tundra,2022,Used,32,44530,46742,51547,55247,57938,51527,72408,37
ON,Toyota,Tundra,2023,Used,54,44646,48297,53995,58872,64863,53718,69074,28
ON,Toyota,Tundra,2024,Used,64,47291,51813,56898,62024,67682,57446,52225,36
ON,Toyota,Tundra,2025,Used,37,50894,59500,64995,72156,83638,66460,32701,38
ON,Toyota,Tundra,2026,New,631,64791,67556,76592,85170,90158,76664,10,51
ON,Toyota,Tundra,2026,Used,42,69391,74238,79395,88484,92798,80518,10710,37
ON,Toyota,Venza,2009,Used,13,5990,7999,9800,12495,12899,9733,185438,37
ON,Toyota,Venza,2010,Used,12,8496,8868,10248,12348,14299,12379,178306,24
ON,Toyota,Venza,2011,Used,23,9098,10745,12495,12985,13759,11736,171850,37
ON,Toyota,Venza,2012,Used,13,10500,10995,12495,12995,14695,12319,183000,21
ON,Toyota,Venza,2013,Used,20,9984,10675,13390,14999,16055,12946,178782,20
ON,Toyota,Venza,2014,Used,17,12133,12800,13998,15777,18580,14497,188988,21
ON,Toyota,Venza,2015,Used,18,12607,14172,16224,16999,20996,16222,151332,20
ON,Toyota,Venza,2016,Used,20,14949,15994,17401,20218,21195,18171,153686,21
ON,Toyota,Venza,2021,Used,37,27372,30683,32988,35495,37395,32635,96601,27
ON,Toyota,Venza,2022,Used,21,27995,30908,34900,35899,38999,33701,104015,36
ON,Toyota,Venza,2023,Used,13,35736,35900,38498,40900,42273,38552,80068,23
ON,Toyota,Venza,2024,Used,15,36019,38445,39498,42811,43295,40485,59852,25
ON,Toyota,Yaris,2007,Used,11,3990,4447,4999,6397,6995,5605,144657,23
ON,Toyota,Yaris,2008,Used,12,2995,3674,5245,6624,7699,5170,182050,30
ON,Toyota,Yaris,2009,Used,12,4495,5212,6947,7770,8829,6578,158500,28
ON,Toyota,Yaris,2016,Used,12,10199,11994,13793,14816,15973,13527,114050,20
ON,Toyota,bZ,2026,New,141,43968,55279,61930,62929,66930,57946,10,52
ON,Toyota,bZ,2026,Used,18,39888,39888,55883,60041,64044,51664,8858,15
ON,Volkswagen,Arteon,2019,Used,10,17306,20248,22193,25492,27988,22511,106434,20
ON,Volkswagen,Atlas,2018,Used,63,14958,16797,19299,22282,25862,19756,145256,24
ON,Volkswagen,Atlas,2019,Used,47,16837,18944,21987,25492,27021,21823,131625,23
ON,Volkswagen,Atlas,2021,Used,46,24739,26995,29412,31933,34950,29755,98444,26
ON,Volkswagen,Atlas,2022,Used,39,26121,28744,31888,33989,35172,31046,92708,33
ON,Volkswagen,Atlas,2023,Used,82,31024,34425,36699,38993,39988,36408,79996,36
ON,Volkswagen,Atlas,2024,Used,126,36240,39597,42643,44977,46995,42005,59138,38
ON,Volkswagen,Atlas,2025,Used,55,39999,44750,48495,50588,51980,47433,29953,38
ON,Volkswagen,Atlas,2026,New,719,60964,63660,65343,66372,67234,64508,90,58
ON,Volkswagen,Atlas,2026,Used,77,56192,56995,61180,65345,67169,61664,7822,42
ON,Volkswagen,Atlas Cross Sport,2020,Used,23,20080,23442,24793,25992,28315,24443,121136,17
ON,Volkswagen,Atlas Cross Sport,2021,Used,22,22235,25990,28628,31566,35709,28920,97230,30
ON,Volkswagen,Atlas Cross Sport,2022,Used,19,26988,28969,31634,33246,35096,31055,86995,20
ON,Volkswagen,Atlas Cross Sport,2023,Used,22,30989,32054,34939,37893,39211,35574,78415,26
ON,Volkswagen,Atlas Cross Sport,2024,Used,52,35508,38412,39999,42891,45487,40997,58290,28
ON,Volkswagen,Atlas Cross Sport,2025,Used,23,39149,40785,43858,49587,51251,44828,33935,42
ON,Volkswagen,Atlas Cross Sport,2026,New,700,61244,62556,64175,65272,66018,63803,90,58
ON,Volkswagen,Atlas Cross Sport,2026,Used,50,57591,59900,63348,65744,66415,62714,6834,55
ON,Volkswagen,Beetle,2018,Used,11,18999,19993,23995,25925,28995,23440,76000,23
ON,Volkswagen,GLI,2027,New,22,37405,39774,40283,41344,41349,40020,90,2
ON,Volkswagen,Golf,2010,Used,11,4999,6595,6950,7922,8995,9025,168000,20
ON,Volkswagen,Golf,2011,Used,12,2194,5494,7602,10595,10980,7389,167229,37
ON,Volkswagen,Golf,2012,Used,15,6077,7300,7999,9997,25660,11548,188896,36
ON,Volkswagen,Golf,2013,Used,15,4655,6470,9950,11249,12995,10200,169000,37
ON,Volkswagen,Golf,2015,Used,55,6999,8748,9999,12942,15493,10986,169833,21
ON,Volkswagen,Golf,2016,Used,55,7529,8498,11411,12998,14894,10843,156585,21
ON,Volkswagen,Golf,2017,Used,50,9398,10988,13004,14995,17724,13253,144713,24
ON,Volkswagen,Golf,2018,Used,48,9971,11871,13998,15995,17149,13880,132000,22
ON,Volkswagen,Golf,2019,Used,34,12053,13244,15997,19112,22492,16527,140234,18
ON,Volkswagen,Golf,2020,Used,10,14744,16396,18474,19997,22583,18528,94130,38
ON,Volkswagen,Golf,2021,Used,14,17869,19993,21242,21876,22428,20736,82140,15
ON,Volkswagen,Golf GTI,2015,Used,33,10999,12999,15200,16485,19690,14868,147755,21
ON,Volkswagen,Golf GTI,2016,Used,14,10600,12891,15000,19266,20696,15360,161100,20
ON,Volkswagen,Golf GTI,2017,Used,23,13770,14999,16888,19192,19997,17018,151259,20
ON,Volkswagen,Golf GTI,2018,Used,15,17995,17995,19950,21972,23208,20286,113284,20
ON,Volkswagen,Golf GTI,2019,Used,13,17598,20999,22588,23455,25554,21659,108321,20
ON,Volkswagen,Golf GTI,2022,Used,11,28282,29942,30754,31972,33390,30926,53740,25
ON,Volkswagen,Golf GTI,2023,Used,10,30818,31418,33269,34288,34519,32888,37494,38
ON,Volkswagen,Golf GTI,2024,Used,31,31999,33904,35488,36994,38421,35244,35866,29
ON,Volkswagen,Golf GTI,2026,New,109,41194,42731,44640,45981,46944,44346,90,42
ON,Volkswagen,Golf GTI,2026,Used,10,42526,43245,45060,47168,47383,44820,1336,56
ON,Volkswagen,Golf R,2018,Used,10,23448,25373,26840,28529,31398,27458,123249,18
ON,Volkswagen,Golf R,2024,Used,40,42996,44332,45634,47500,51078,46230,29390,28
ON,Volkswagen,Golf R,2025,Used,11,50995,51622,52436,53252,53999,52378,13400,19
ON,Volkswagen,Golf R,2026,New,124,53595,56595,57779,60204,61662,57983,90,38
ON,Volkswagen,Golf R,2026,Used,20,51917,53158,56476,58801,61230,56541,764,54
ON,Volkswagen,Jetta,2011,Used,40,2999,4688,5819,6599,7820,5704,209474,37
ON,Volkswagen,Jetta,2012,Used,32,4023,4968,6250,8488,9449,6699,203562,37
ON,Volkswagen,Jetta,2013,Used,62,3930,5999,7745,8999,9999,7508,165656,24
ON,Volkswagen,Jetta,2014,Used,64,5462,6484,7970,9212,10706,7900,180426,36
ON,Volkswagen,Jetta,2015,Used,85,5306,7495,9450,11995,12996,9771,167000,35
ON,Volkswagen,Jetta,2016,Used,71,6900,7999,9995,11700,13995,10041,166503,29
ON,Volkswagen,Jetta,2017,Used,57,8460,9299,11988,13495,16677,12436,152450,30
ON,Volkswagen,Jetta,2019,Used,166,9997,12460,15000,17874,20247,15250,136240,20
ON,Volkswagen,Jetta,2020,Used,59,10940,14499,16999,19936,22991,17100,134214,25
ON,Volkswagen,Jetta,2021,Used,90,15809,17496,19925,21496,23088,19690,103040,31
ON,Volkswagen,Jetta,2022,Used,50,17971,20596,23147,25990,27548,22933,74168,21
ON,Volkswagen,Jetta,2023,Used,63,20122,21990,23798,25981,29992,24342,58682,21
ON,Volkswagen,Jetta,2024,New,15,10000,33490,34999,36490,36490,30461,700,21
ON,Volkswagen,Jetta,2024,Used,129,22692,24480,25987,28999,31098,26660,55000,23
ON,Volkswagen,Jetta,2025,New,45,29565,31070,34999,35999,35999,33883,543,20
ON,Volkswagen,Jetta,2025,Used,295,24990,26490,27490,28000,31568,27798,29231,29
ON,Volkswagen,Jetta,2026,New,453,30746,31812,33681,35548,38045,34033,90,58
ON,Volkswagen,Jetta,2026,Used,183,26990,28990,30990,32971,34938,31017,590,23
ON,Volkswagen,Jetta,2027,New,162,31940,32744,33542,35092,36544,34016,90,2
ON,Volkswagen,Passat,2012,Used,18,4950,5924,7847,8998,9995,7680,194291,37
ON,Volkswagen,Passat,2013,Used,24,5645,6874,9000,11240,13277,9295,156222,18
ON,Volkswagen,Passat,2014,Used,26,5644,7695,9997,12722,14997,10307,171078,30
ON,Volkswagen,Passat,2015,Used,22,7086,8214,9694,10973,12944,9835,172402,30
ON,Volkswagen,Passat,2016,Used,21,7990,8999,11991,13888,15880,11810,152515,24
ON,Volkswagen,Passat,2017,Used,18,8818,9597,11742,12994,17542,12071,139032,25
ON,Volkswagen,Passat,2018,Used,11,9499,9958,11495,13894,18250,12436,144889,20
ON,Volkswagen,Passat,2020,Used,16,13350,14582,17900,20207,21239,17280,115278,22
ON,Volkswagen,Passat,2021,Used,28,13630,15140,17994,20992,23294,18137,116795,22
ON,Volkswagen,Taos,2022,Used,88,19802,20989,22282,23921,25996,22596,69586,24
ON,Volkswagen,Taos,2023,Used,65,21464,22394,23985,26442,27714,24470,58069,28
ON,Volkswagen,Taos,2024,Used,215,22077,23010,23995,25999,28417,24840,76994,36
ON,Volkswagen,Taos,2025,Used,111,28246,29536,30988,32429,34450,31336,16925,36
ON,Volkswagen,Taos,2026,New,322,35685,36565,42170,43163,44171,40816,90,59
ON,Volkswagen,Taos,2026,Used,150,32988,34996,38925,42207,43665,38561,6484,50
ON,Volkswagen,Taos,2027,New,115,35863,36816,39188,41164,42276,39102,90,3
ON,Volkswagen,Tiguan,2012,Used,10,4659,7371,8948,12846,14895,9626,157574,16
ON,Volkswagen,Tiguan,2013,Used,19,7298,7847,8995,10990,12839,9479,148315,20
ON,Volkswagen,Tiguan,2014,Used,28,7840,8487,9528,11596,12539,10121,155630,24
ON,Volkswagen,Tiguan,2015,Used,51,5999,7935,9500,11055,12995,10144,171100,26
ON,Volkswagen,Tiguan,2016,Used,46,5943,8622,11592,12868,14245,10998,150428,23
ON,Volkswagen,Tiguan,2017,Used,53,8100,10888,13499,14888,16783,12661,140278,29
ON,Volkswagen,Tiguan,2018,Used,129,12818,14500,15999,18699,20410,16737,134459,24
ON,Volkswagen,Tiguan,2019,Used,72,13990,15150,18752,19999,21999,17918,124378,22
ON,Volkswagen,Tiguan,2020,Used,61,15950,17998,19999,22691,23885,20282,100488,23
ON,Volkswagen,Tiguan,2021,Used,66,17748,19397,21996,24072,25706,21974,99388,24
ON,Volkswagen,Tiguan,2022,Used,126,22082,23122,25445,26995,28560,25354,79816,20
ON,Volkswagen,Tiguan,2023,Used,83,24990,25995,27461,28996,30316,27621,66562,24
ON,Volkswagen,Tiguan,2024,Used,165,24933,26842,29995,33239,35496,30286,68270,36
ON,Volkswagen,Tiguan,2025,Used,58,32936,36996,39997,43149,45921,40091,13212,39
ON,Volkswagen,Tiguan,2026,New,2097,40995,43743,46826,48941,50810,46435,90,31
ON,Volkswagen,Tiguan,2026,Used,253,37322,40886,44488,48643,50693,44522,5500,55
ON,Volvo,S60,2015,Used,10,9489,10190,12499,15118,16299,13013,142126,28
ON,Volvo,S60,2024,Used,12,30729,32736,34222,42423,42948,36805,72790,38
ON,Volvo,XC40,2022,Used,20,28742,31416,33098,34109,35725,32673,64300,23
ON,Volvo,XC40,2023,Used,20,28829,29849,33996,36470,42535,34223,51008,40
ON,Volvo,XC40,2024,Used,37,31992,34500,39999,44895,45587,39409,34923,38
ON,Volvo,XC40,2025,Used,31,36898,37898,37898,38596,42698,38920,13426,51
ON,Volvo,XC40,2026,New,198,55416,57320,58766,60850,61703,58912,50,50
ON,Volvo,XC40,2026,Used,43,54884,56240,59184,60157,61783,58477,3703,42
ON,Volvo,XC60,2015,Used,11,11800,12725,14800,15395,16995,14720,140801,12
ON,Volvo,XC60,2019,Used,16,18242,20724,23962,27060,28994,23863,117966,26
ON,Volvo,XC60,2020,Used,16,24244,25920,27560,31043,34792,28607,94071,34
ON,Volvo,XC60,2021,Used,22,26974,27914,30400,34570,37681,31347,92286,30
ON,Volvo,XC60,2022,Used,68,29958,33712,36992,39920,42975,36680,76142,38
ON,Volvo,XC60,2023,Used,47,33598,37988,42380,45995,48685,41579,65604,42
ON,Volvo,XC60,2024,Used,55,43012,44995,45995,47892,49835,46806,36643,42
ON,Volvo,XC60,2025,Used,13,48983,51698,51895,54995,63998,54462,20675,42
ON,Volvo,XC60,2026,New,43,60244,63460,66163,73005,80926,69640,20,51
ON,Volvo,XC60,2026,Used,44,61384,64130,68446,71690,78960,69384,3520,50
ON,Volvo,XC60,2027,New,341,68150,70275,72890,74911,77175,72620,50,11
ON,Volvo,XC90,2017,Used,13,17192,18550,22800,23500,25600,22669,137411,24
ON,Volvo,XC90,2018,Used,12,20180,21962,22722,26495,27995,24144,116080,22
ON,Volvo,XC90,2019,Used,15,19566,22750,24990,29392,37979,27392,118065,21
ON,Volvo,XC90,2020,Used,15,27094,28939,29895,34550,36593,32024,106714,35
ON,Volvo,XC90,2021,Used,13,31304,34400,34995,38900,40689,35609,103345,31
ON,Volvo,XC90,2022,Used,40,34894,38970,41862,46798,49100,42404,73270,41
ON,Volvo,XC90,2023,Used,22,41098,43416,48935,50718,56312,48264,65802,42
ON,Volvo,XC90,2024,Used,82,48640,53995,57990,61857,63995,57257,41908,42
ON,Volvo,XC90,2025,Used,45,66477,68698,71995,77995,80788,73804,27210,42
ON,Volvo,XC90,2026,New,106,85454,89119,92135,95932,98690,92276,50,51
ON,Volvo,XC90,2026,Used,66,63990,67198,83018,89980,96420,80139,7233,50
ON,Volvo,XC90,2027,New,230,86527,88676,90493,92680,94655,90697,50,32
PE,Buick,Encore GX,2026,New,17,35109,35946,35946,38249,41991,37558,10,22
PE,Buick,Envision,2026,New,49,48619,50675,51128,51392,51609,50806,6,62
PE,Buick,Envista,2026,New,11,30841,31328,32399,33361,35251,32307,10,39
PE,Chevrolet,Bolt,2027,New,26,40457,40457,42141,44587,44988,42143,5,38
PE,Chevrolet,Colorado,2026,New,17,39674,42282,49047,59016,66789,51783,6,12
PE,Chevrolet,Equinox,2027,New,36,30142,37600,48736,49294,49626,42936,5,12
PE,Chevrolet,Silverado,2026,New,36,64579,65189,66723,74114,90544,72681,5,38
PE,Chevrolet,Silverado 1500,2026,New,56,50202,52637,66836,69692,73340,63746,6,27
PE,Chevrolet,Trax,2026,New,50,30529,30807,31243,32697,33358,31673,8,62
PE,Chrysler,Grand Caravan,2027,New,15,49995,50540,50590,51532,51640,50920,0,50
PE,Ford,Bronco Sport,2026,New,43,37499,40693,44585,48425,52168,45494,26,62
PE,Ford,Explorer,2026,New,11,53712,54626,62661,65009,67543,60780,27,62
PE,Ford,F-150,2026,New,89,68725,70346,72547,83899,90337,77967,19,62
PE,Ford,Maverick,2026,New,19,41636,43898,45695,48266,50415,45885,30,28
PE,Ford,Mustang Mach-E,2026,New,11,47964,54572,54992,55380,55930,54072,0,28
PE,Ford,Ranger,2026,New,17,44631,46765,54125,57095,59001,53737,45,28
PE,GMC,Sierra,2026,New,30,70381,77256,82482,108383,118838,90918,5,32
PE,GMC,Sierra 1500,2026,New,56,61183,66024,68102,70530,77256,69989,10,60
PE,GMC,Sierra 2500,2026,New,12,93417,103396,107415,108816,110346,104708,10,53
PE,GMC,Terrain,2027,New,25,45941,46436,48036,49671,51394,48336,10,10
PE,Honda,CR-V,2024,Used,11,30839,32250,34987,39187,41232,35682,49824,59
PE,Honda,CR-V,2026,New,118,39725,45575,46125,48650,53950,46732,16,43
PE,Honda,Civic,2026,New,37,30920,34230,34780,34780,40180,34730,16,30
PE,Honda,HR-V,2027,New,13,36300,38500,39050,39050,41290,38846,8,25
PE,Hyundai,Elantra,2026,New,21,27299,27887,30999,33999,34427,31529,24,43
PE,Hyundai,Kona,2026,New,24,30281,31958,34382,36494,38420,34336,24,26
PE,Hyundai,Santa Fe,2026,New,12,47254,49463,50374,50725,51268,50456,24,38
PE,Hyundai,Tucson,2026,New,62,38180,41462,46449,50409,50677,45405,24,58
PE,Jeep,Cherokee,2026,New,33,47885,48180,49430,55380,58439,51581,0,55
PE,Kia,Carnival,2026,New,14,51945,53562,57272,58784,60225,56273,27,52
PE,Kia,Sportage,2026,New,25,40622,42695,44100,48300,48657,44659,28,51
PE,Kia,Sportage,2027,New,11,44180,44215,47180,47180,47180,46131,10,17
PE,Lincoln,Nautilus,2026,New,12,67145,67886,68936,76547,76754,70798,5,56
PE,Mazda,CX-30,2026,New,10,32045,34495,34645,36245,36995,34755,15,24
PE,Mazda,CX-5,2026,New,35,38995,39095,41795,45495,49245,42632,29,42
PE,Mitsubishi,Eclipse Cross,2026,New,31,35823,38873,39173,41173,41173,39268,27,58
PE,Mitsubishi,Outlander,2026,New,57,43453,47273,50073,55123,63273,51262,12,50
PE,Nissan,Kicks,2026,New,26,29498,31098,31888,32047,33970,31956,10,58
PE,Nissan,Rogue,2026,New,60,37253,37278,43478,49078,49623,43732,9,26
PE,Nissan,Sentra,2026,New,25,28858,29218,29468,31868,32413,30493,9,58
PE,Ram,1500,2026,New,56,67030,68806,73460,84744,99135,78549,0,55
PE,Ram,1500,2027,New,26,70082,71535,76525,93150,98970,83251,,14
PE,Ram,2500,2026,New,15,88653,90742,92405,107545,114299,98972,0,55
PE,Subaru,Crosstrek,2026,New,14,34305,37934,37934,42809,43434,39178,9,24
PE,Subaru,Forester,2026,New,27,40005,42005,46534,48534,51534,45506,11,42
PE,Subaru,Outback,2026,New,11,43705,47370,52005,54034,54034,50303,9,9
PE,Toyota,Corolla,2026,New,17,28060,28060,29079,30727,32430,29865,3,26
PE,Toyota,Tundra,2026,New,13,74893,78620,82275,86021,91810,82345,10,55
PE,Volkswagen,Jetta,2026,New,13,30994,30994,33294,34594,34994,33286,26,28
PE,Volkswagen,Taos,2026,New,24,36219,40994,41519,41519,43019,40707,14,62
PE,Volkswagen,Tiguan,2026,New,47,41644,45144,46644,49644,49644,46867,10,62
QC,Acura,ADX,2025,New,24,45162,47270,52624,55955,57244,51933,10,62
QC,Acura,ADX,2025,Used,36,43424,43995,46245,47805,50460,46346,9159,59
QC,Acura,ADX,2026,New,247,50275,51675,53924,56175,57659,53886,10,40
QC,Acura,ADX,2026,Used,27,49190,51681,53687,55004,56415,53486,50,62
QC,Acura,Integra,2025,Used,10,40793,41828,41995,44495,46195,42970,10270,62
QC,Acura,Integra,2026,New,68,45140,45732,50270,51812,62595,51573,10,54
QC,Acura,MDX,2022,Used,11,35891,37742,40495,44989,50987,42427,80000,38
QC,Acura,MDX,2023,Used,17,43152,44985,45995,48397,50402,46710,83855,59
QC,Acura,MDX,2024,Used,33,49183,49995,51495,53495,54795,51723,56020,62
QC,Acura,MDX,2025,Used,19,58987,59988,60995,62995,63989,61907,35389,59
QC,Acura,MDX,2026,New,143,73940,75075,77602,81040,83465,78826,10,22
QC,Acura,MDX,2026,Used,13,74824,75487,81075,97030,99280,85393,17,60
QC,Acura,RDX,2018,Used,14,16836,17120,19725,21482,24583,20362,129292,36
QC,Acura,RDX,2020,Used,11,25989,27670,29695,31745,31995,28949,108854,24
QC,Acura,RDX,2021,Used,11,30490,31988,34788,34990,35994,33819,69722,22
QC,Acura,RDX,2022,Used,22,35545,36989,39272,39995,40998,38332,58236,18
QC,Acura,RDX,2023,Used,23,38496,39988,41595,42541,42979,41346,60854,38
QC,Acura,RDX,2024,Used,49,43991,44490,46299,47995,49196,46254,44730,62
QC,Acura,RDX,2025,Used,12,47190,50793,52995,54495,56895,52526,25034,28
QC,Acura,RDX,2026,New,48,60725,62125,66325,67625,69024,65419,10,62
QC,Acura,RDX,2026,Used,10,57958,60655,62150,65987,69298,63334,4184,62
QC,Acura,TLX,2021,Used,10,26427,27793,28991,30086,30910,28850,99484,28
QC,Alfa Romeo,Giulia,2026,New,16,66365,67552,69490,70678,71240,69034,0,56
QC,Alfa Romeo,Stelvio,2018,Used,13,16177,17398,19280,20987,21377,19383,112558,52
QC,Alfa Romeo,Stelvio,2022,Used,11,25989,27735,27995,44895,59987,36582,63062,39
QC,Alfa Romeo,Stelvio,2026,New,23,68990,70540,73040,74040,74040,72305,0,55
QC,Alfa Romeo,Tonale,2024,Used,16,34884,39739,45995,49995,49995,44284,25,58
QC,Alfa Romeo,Tonale,2026,New,35,57385,58490,59580,61080,61536,59625,0,58
QC,Audi,A3,2018,Used,10,14443,16118,18992,19796,22385,18702,110319,17
QC,Audi,A3,2023,Used,17,25095,26798,28995,30498,31037,28556,75000,38
QC,Audi,A3,2026,New,40,49040,49942,50426,52357,54850,51449,33,58
QC,Audi,A3,2026,Used,23,36558,38895,47969,52033,56964,46495,100,28
QC,Audi,A4,2018,Used,14,15564,17010,17947,19672,19993,18474,109716,12
QC,Audi,A4,2023,Used,23,25835,28942,33990,37988,40595,33572,69758,36
QC,Audi,A4,2024,Used,20,30515,36847,38787,40915,43999,38482,33876,39
QC,Audi,A5,2023,Used,23,33597,35496,39498,42516,48336,40421,52274,58
QC,Audi,A5,2025,New,18,65754,66692,69520,71765,72848,69326,35,36
QC,Audi,A5,2025,Used,32,47995,48995,54995,65435,73226,57516,8228,52
QC,Audi,A5,2026,New,122,65253,66762,67623,70973,73387,68743,33,58
QC,Audi,A6,2026,New,38,89346,92674,96790,99368,101325,96048,33,58
QC,Audi,Q3,2016,Used,14,10234,10990,13860,15720,16693,13498,136677,23
QC,Audi,Q3,2018,Used,10,12893,15095,16335,16940,17145,15767,120584,34
QC,Audi,Q3,2020,Used,13,21597,21995,24995,25995,27104,24294,75500,22
QC,Audi,Q3,2021,Used,19,21691,22616,24295,26016,27094,24318,83385,24
QC,Audi,Q3,2022,Used,31,22498,25248,27597,29208,30995,27403,66243,18
QC,Audi,Q3,2023,Used,26,28938,30995,33495,35984,37882,33490,51536,31
QC,Audi,Q3,2024,Used,14,32996,34011,35495,37745,43708,36964,39708,17
QC,Audi,Q3,2025,Used,22,34899,36048,38782,43870,47599,40501,24788,58
QC,Audi,Q3,2026,New,460,56341,57135,59192,62439,64118,59887,33,58
QC,Audi,Q3,2026,Used,29,55850,56850,57550,61496,62361,58969,100,28
QC,Audi,Q4 e-tron,2024,Used,13,43174,45495,46995,66465,78875,55489,24661,24
QC,Audi,Q5,2017,Used,12,9089,11483,13317,15095,15490,12826,162504,38
QC,Audi,Q5,2018,Used,35,15377,16969,18630,19988,21598,18570,118165,38
QC,Audi,Q5,2019,Used,20,19225,19990,21842,22479,22547,20958,111568,34
QC,Audi,Q5,2020,Used,21,20987,20995,22995,23949,24975,23019,99981,29
QC,Audi,Q5,2021,Used,10,23695,24148,25196,26995,28595,26081,78756,20
QC,Audi,Q5,2022,Used,33,24496,28898,32337,33537,34796,30748,75108,36
QC,Audi,Q5,2023,Used,67,29209,31266,33995,37695,39894,34563,70025,40
QC,Audi,Q5,2024,Used,16,32126,35490,38542,45364,54996,40896,64670,58
QC,Audi,Q5,2025,New,42,63399,65709,68420,72057,73075,68631,35,58
QC,Audi,Q5,2025,Used,60,49809,50995,54995,59845,67829,56851,9934,49
QC,Audi,Q5,2026,New,505,65864,68612,71695,73508,74885,71000,33,58
QC,Audi,Q5,2026,Used,47,65210,66100,69850,73050,74560,69757,100,28
QC,Audi,Q5 Sportback,2026,New,64,72435,74021,75100,77048,78692,75447,35,58
QC,Audi,Q6 e-tron,2027,New,64,87739,92909,95390,98685,99600,94856,35,58
QC,Audi,Q7,2022,Used,13,29196,31995,34889,39995,42890,35901,101117,38
QC,Audi,Q7,2026,New,140,85037,89377,90684,96060,101677,92669,35,58
QC,Audi,Q7,2026,Used,17,70486,81037,88037,90110,95229,84947,100,28
QC,Audi,Q8,2023,Used,10,51700,53995,54892,60748,62146,56426,64369,38
QC,Audi,Q8,2026,New,28,100633,101704,102966,105913,110654,104374,33,58
QC,Audi,RS,2026,New,13,168728,170733,171149,173650,184746,173934,33,58
QC,Audi,RS3,2026,New,41,84248,86039,87748,88635,90512,87696,33,58
QC,Audi,S3,2026,New,45,60685,61589,66885,68698,69998,65870,33,58
QC,Audi,S5,2023,Used,16,46516,47373,49516,53170,59585,51200,53518,36
QC,Audi,S5,2026,New,59,78036,79424,81059,83839,86535,81775,33,58
QC,Audi,SQ5,2018,Used,12,23084,23955,24896,25236,27780,24588,120368,19
QC,Audi,SQ5,2022,Used,12,36199,39120,41947,45114,45942,41543,87374,44
QC,Audi,SQ5,2023,Used,25,42196,45487,46995,48995,50595,46702,70491,39
QC,Audi,SQ5,2026,New,191,82300,83313,86958,89254,90523,86525,33,58
QC,Audi,SQ6,2027,New,24,103684,104382,106028,108456,109287,106599,33,58
QC,Audi,SQ7,2026,New,24,125455,126970,131312,136209,141887,131878,35,58
QC,BMW,2 Series,2026,New,41,53010,53362,54742,54807,55337,56376,90,54
QC,BMW,2 Series,2026,Used,60,49254,52788,54592,55337,55384,53327,5524,61
QC,BMW,2 Series,2027,New,16,53920,54872,55200,56337,96302,63783,90,10
QC,BMW,3 Series,2021,Used,13,25797,29796,36995,46788,49168,38169,74546,21
QC,BMW,3 Series,2022,Used,14,27594,30619,31450,37506,41304,34039,70672,38
QC,BMW,3 Series,2023,Used,19,38445,39246,40900,43199,60199,44019,43516,54
QC,BMW,3 Series,2026,New,185,69076,70782,73462,76107,90478,76676,90,45
QC,BMW,3 Series,2026,Used,36,60699,66749,71304,74956,79160,70925,4773,59
QC,BMW,4 Series,2022,Used,11,33495,43995,48448,48948,59969,47205,60369,24
QC,BMW,4 Series,2024,Used,13,46290,59890,61500,62998,69786,59543,31000,26
QC,BMW,4 Series,2026,New,85,69563,73258,75337,90577,91812,80526,90,56
QC,BMW,4 Series,2026,Used,11,71412,73042,74412,77408,89520,77583,4933,59
QC,BMW,4 Series,2027,New,30,72465,75770,76662,88412,94422,81531,90,26
QC,BMW,5 Series,2027,New,25,88225,89713,99377,104212,106462,97714,90,29
QC,BMW,7 Series,2026,New,15,157582,172370,187189,194980,198629,183069,90,56
QC,BMW,8 Series,2026,New,10,143960,146075,150720,162072,164502,153871,90,61
QC,BMW,M4,2027,New,12,124034,129344,135758,138088,142107,133300,90,25
QC,BMW,M5,2027,New,20,157359,159358,166472,168131,170478,164764,90,44
QC,BMW,Série,2026,New,11,65956,68079,71056,95302,109312,86113,90,61
QC,BMW,Série,2026,Used,11,52660,52660,52660,62156,64596,57196,7810,61
QC,BMW,X1,2016,Used,11,10490,10984,11977,14172,15904,12601,151921,24
QC,BMW,X1,2018,Used,22,14887,15059,16604,17368,21615,17051,121998,35
QC,BMW,X1,2019,Used,10,12751,18378,18734,20370,23094,18618,88301,26
QC,BMW,X1,2023,Used,51,31989,33575,34969,36828,39500,35311,47700,33
QC,BMW,X1,2024,Used,20,34942,37746,41448,48487,52995,42606,41772,28
QC,BMW,X1,2025,Used,37,39568,41947,43990,46800,48397,44547,28398,51
QC,BMW,X1,2026,New,363,59018,61778,64112,68174,71991,65953,90,43
QC,BMW,X1,2026,Used,72,54977,57195,61691,64474,65137,60924,175,61
QC,BMW,X1,2027,New,70,59543,63366,64555,66879,72006,65059,90,6
QC,BMW,X2,2024,Used,12,44807,48193,49434,51840,53710,49765,32233,34
QC,BMW,X2,2025,Used,12,38044,38716,42993,46049,47804,43255,39341,60
QC,BMW,X2,2026,New,140,61522,63777,65862,69395,73882,66866,90,54
QC,BMW,X2,2026,Used,28,51479,56741,60125,64920,66405,59823,6231,32
QC,BMW,X2,2027,New,16,63685,66006,67503,71575,75113,68521,90,10
QC,BMW,X3,2019,Used,13,19533,21475,23498,25800,28209,23858,103329,26
QC,BMW,X3,2020,Used,11,23995,25614,28589,29442,32998,30313,87500,53
QC,BMW,X3,2021,Used,10,24228,26944,30246,33548,35635,30933,66280,26
QC,BMW,X3,2022,Used,26,28241,29990,33972,38318,46492,36169,81911,55
QC,BMW,X3,2023,Used,31,36619,38246,40948,44308,46900,41668,58006,37
QC,BMW,X3,2024,Used,47,43059,45900,48495,52425,60248,50331,44808,33
QC,BMW,X3,2025,Used,18,52828,55903,56242,69175,74851,61287,22682,35
QC,BMW,X3,2026,New,205,66101,69970,72213,76523,91317,75529,90,23
QC,BMW,X3,2026,Used,20,62226,66365,74883,79273,81238,73841,295,60
QC,BMW,X5,2022,Used,26,43496,47524,49858,54350,59972,52702,70505,52
QC,BMW,X5,2023,Used,21,46994,50498,55269,59498,61950,58834,68153,39
QC,BMW,X5,2024,Used,36,66471,68878,70359,74948,81222,73951,50954,50
QC,BMW,X5,2025,Used,10,78694,79220,80642,83409,84172,81152,45986,34
QC,BMW,X5,2026,New,154,110508,114123,121100,143550,175512,131702,90,52
QC,BMW,X5,2026,Used,27,94219,99151,115420,125676,141086,116967,500,56
QC,BMW,X6,2026,New,10,115315,120318,137670,173489,175633,145178,90,61
QC,BMW,X6,2027,New,35,115312,117520,147120,181566,190436,148362,90,36
QC,BMW,X7,2027,New,39,142460,146395,149878,156139,159765,150970,90,23
QC,BMW,i4,2025,Used,13,54996,56260,61495,67995,73692,62296,11132,27
QC,BMW,i4,2026,New,192,74653,78188,82062,87355,92495,82760,90,51
QC,BMW,i4,2026,Used,41,70402,76602,82160,87349,90660,81214,90,59
QC,BMW,iX,2026,New,44,106912,110176,117908,120446,144921,121508,90,51
QC,Buick,Enclave,2025,New,12,57239,61682,64113,65780,66264,63116,0,62
QC,Buick,Enclave,2026,New,65,64022,66558,70149,74944,79934,70334,10,58
QC,Buick,Enclave,2026,Used,11,65972,69140,71394,78392,79454,72539,5065,54
QC,Buick,Enclave,2027,New,11,71479,71628,75644,80896,81183,76054,10,18
QC,Buick,Encore,2017,Used,13,10195,11888,12888,13488,14234,12347,115842,38
QC,Buick,Encore,2018,Used,22,11315,11995,13738,14984,16450,13740,102723,26
QC,Buick,Encore,2019,Used,31,11494,12992,14924,15996,16995,14660,91147,22
QC,Buick,Encore,2020,Used,10,15805,16116,17992,18746,37888,34733,74328,44
QC,Buick,Encore GX,2020,Used,18,16992,18989,19995,21745,22569,19855,59582,46
QC,Buick,Encore GX,2021,Used,18,13703,17832,19495,20745,21448,18383,74188,20
QC,Buick,Encore GX,2022,Used,25,18996,19998,21994,23495,24177,21890,63703,22
QC,Buick,Encore GX,2023,Used,44,20998,21995,23972,25116,25995,23749,43878,59
QC,Buick,Encore GX,2024,Used,57,25687,26495,26995,28995,31386,27992,27289,59
QC,Buick,Encore GX,2025,Used,11,27694,27995,28800,32050,33994,30140,13201,27
QC,Buick,Encore GX,2026,New,310,35508,36562,37944,40096,42072,38477,10,51
QC,Buick,Encore GX,2026,Used,32,34250,36040,36966,39817,41663,37916,5604,58
QC,Buick,Envision,2021,Used,11,19494,21494,22995,25495,27698,23417,83715,24
QC,Buick,Envision,2022,Used,13,24195,24995,25995,27950,27998,26184,62557,30
QC,Buick,Envision,2023,Used,17,26995,27995,29995,32495,33479,30029,50328,24
QC,Buick,Envision,2024,Used,12,34045,36290,36996,37624,38895,36654,21322,55
QC,Buick,Envision,2026,New,637,47268,49214,50989,53209,54432,51164,10,43
QC,Buick,Envision,2026,Used,27,47895,48872,50714,53156,53603,50622,2817,58
QC,Buick,Envista,2024,Used,35,23692,24739,25488,26498,26995,25384,29203,36
QC,Buick,Envista,2025,Used,19,26549,27820,28495,29856,29995,28479,11718,38
QC,Buick,Envista,2026,New,362,32005,32644,33843,34552,36279,33824,10,43
QC,Buick,Envista,2026,Used,15,31309,32246,32893,34626,35042,33445,50,58
QC,Cadillac,CT5,2026,New,18,65332,66020,67375,68883,70290,67910,8,22
QC,Cadillac,Escalade,2026,New,26,154167,162340,172920,181885,200213,175914,10,18
QC,Cadillac,LYRIQ,2024,Used,20,44707,45702,48387,53995,55295,49144,31815,20
QC,Cadillac,LYRIQ,2026,New,21,74199,76398,78699,86254,94193,81558,8,25
QC,Cadillac,LYRIQ,2027,New,23,77319,79746,83524,100409,101653,89380,8,17
QC,Cadillac,OPTIQ,2026,New,11,64419,66258,66744,74768,81143,71571,10,27
QC,Cadillac,OPTIQ,2027,New,148,64678,65598,67094,69003,74299,68286,10,17
QC,Cadillac,VISTIQ,2027,New,16,91428,93302,97209,98998,113066,99517,8,12
QC,Cadillac,XT4,2019,Used,14,21293,22117,23734,24995,25403,23525,90532,28
QC,Cadillac,XT4,2020,Used,13,22191,24480,25995,26995,29595,25905,90227,42
QC,Cadillac,XT4,2023,Used,13,31197,31988,33988,35988,37598,34285,56830,30
QC,Cadillac,XT5,2024,Used,13,38075,42995,46995,49695,53182,46146,37855,28
QC,Cadillac,XT5,2026,New,25,60058,62881,66699,70295,74606,66746,5,19
QC,Chevrolet,Blazer,2022,Used,11,25995,27738,29409,32454,33995,29342,73946,59
QC,Chevrolet,Blazer,2024,Used,15,31155,35149,36995,39442,42592,37460,49139,23
QC,Chevrolet,Blazer,2026,New,68,48102,49214,53754,59964,61652,55009,10,51
QC,Chevrolet,Blazer EV,2024,Used,16,34442,35316,38245,40620,42195,38604,37996,18
QC,Chevrolet,Blazer EV,2026,New,39,56126,58274,62594,65604,74159,63238,10,43
QC,Chevrolet,Blazer EV,2026,Used,16,56472,60981,63166,67111,70228,63835,4310,58
QC,Chevrolet,Bolt,2027,New,1785,33926,36667,43109,45709,46679,41895,10,30
QC,Chevrolet,Bolt,2027,Used,39,34152,42842,43109,45866,49099,43109,250,58
QC,Chevrolet,Bolt EUV,2022,Used,30,21895,22995,23642,24995,26095,23907,67223,31
QC,Chevrolet,Bolt EUV,2023,Used,79,22695,23492,24995,26470,27594,25080,60400,16
QC,Chevrolet,Bolt EV,2020,Used,14,16995,17738,19218,19990,21543,19282,80680,24
QC,Chevrolet,Bolt EV,2022,Used,12,20545,21186,22125,23049,24209,22232,83150,26
QC,Chevrolet,Bolt EV,2023,Used,16,23242,23790,24372,26609,26995,24882,51416,28
QC,Chevrolet,Bolt EV,2027,New,310,33222,34916,38012,41909,43919,38476,25,25
QC,Chevrolet,Colorado,2022,Used,13,17594,29988,33800,36197,39069,31495,89424,24
QC,Chevrolet,Colorado,2024,Used,11,39995,43292,46495,46945,55888,46512,40890,23
QC,Chevrolet,Colorado,2026,New,218,52137,54670,57416,61090,65983,58063,10,50
QC,Chevrolet,Corvette,2024,Used,18,90692,93298,116431,155744,164268,124179,5722,22
QC,Chevrolet,Corvette,2025,Used,21,86997,91864,108995,149987,165499,118463,4200,54
QC,Chevrolet,Corvette,2026,New,68,109389,116062,164656,177605,189272,149461,10,61
QC,Chevrolet,Corvette,2027,New,72,107388,114837,128324,164448,184642,140348,10,23
QC,Chevrolet,Cruze,2014,Used,17,3797,4900,5495,6495,7848,5621,162269,24
QC,Chevrolet,Cruze,2016,Used,13,4996,5777,7699,9000,9991,7461,172000,27
QC,Chevrolet,Cruze,2017,Used,13,6960,7495,9995,11995,13149,9655,104500,27
QC,Chevrolet,Cruze,2018,Used,23,10717,11220,11995,13996,14894,13324,103420,38
QC,Chevrolet,Equinox,2018,Used,35,9394,11991,13988,15669,17795,14280,112128,32
QC,Chevrolet,Equinox,2019,Used,22,12693,13995,15985,17188,17995,15354,95088,28
QC,Chevrolet,Equinox,2020,Used,14,13293,14384,16970,19998,21908,17535,105457,37
QC,Chevrolet,Equinox,2021,Used,13,14912,16488,18997,20495,20971,18119,94153,38
QC,Chevrolet,Equinox,2022,Used,29,19993,21495,23490,24897,26395,23354,54942,38
QC,Chevrolet,Equinox,2023,Used,32,21545,22866,24992,26768,28893,24837,64172,38
QC,Chevrolet,Equinox,2024,Used,44,24925,26447,29396,29995,36093,29157,40080,31
QC,Chevrolet,Equinox,2025,Used,25,31995,33995,35990,40995,46775,38891,29495,22
QC,Chevrolet,Equinox,2026,New,104,37692,40605,43680,46746,48223,43473,10,58
QC,Chevrolet,Equinox,2026,Used,23,35753,36694,37871,41954,46843,39873,12987,58
QC,Chevrolet,Equinox,2027,New,569,39747,41274,44559,46493,49644,44413,11,23
QC,Chevrolet,Equinox EV,2024,Used,25,34995,35995,36895,37990,38992,36928,42572,9
QC,Chevrolet,Equinox EV,2025,Used,36,35939,36995,39682,40920,43967,40241,30356,10
QC,Chevrolet,Equinox EV,2026,New,328,40312,41805,47146,52523,55923,47580,10,10
QC,Chevrolet,Express,2025,New,25,57836,60159,62219,63648,66616,61716,10,58
QC,Chevrolet,Express,2026,New,23,56967,58996,60634,63476,66039,61181,10,58
QC,Chevrolet,K1500,2026,New,183,60378,64522,70629,80922,84814,72504,0,39
QC,Chevrolet,Malibu,2023,Used,11,19995,20142,21795,22346,24995,21816,59798,32
QC,Chevrolet,Malibu,2024,Used,15,20877,22390,26800,31116,31603,26700,31770,59
QC,Chevrolet,Silverado,2022,Used,16,32722,38746,41488,50213,62442,44613,76850,61
QC,Chevrolet,Silverado,2023,Used,15,38887,46142,49995,58497,69795,53140,82232,62
QC,Chevrolet,Silverado,2024,Used,29,45995,48998,55495,62995,69986,57315,54300,62
QC,Chevrolet,Silverado,2025,Used,18,45862,47849,50245,59718,82560,57883,46508,62
QC,Chevrolet,Silverado,2026,New,412,58817,64174,70022,86228,101994,75690,10,61
QC,Chevrolet,Silverado,2026,Used,13,57148,64084,77764,83995,99148,77632,232,62
QC,Chevrolet,Silverado 1500,2017,Used,13,20810,21887,23995,27998,28948,24674,126846,25
QC,Chevrolet,Silverado 1500,2018,Used,18,22095,24959,26472,29744,31798,32207,107873,22
QC,Chevrolet,Silverado 1500,2019,Used,18,19365,22246,28995,36211,39896,29587,130150,25
QC,Chevrolet,Silverado 1500,2020,Used,17,33474,33995,34999,38745,41391,36375,88400,25
QC,Chevrolet,Silverado 1500,2021,Used,29,31570,32988,37495,39995,43337,36896,109459,23
QC,Chevrolet,Silverado 1500,2022,Used,51,34685,37468,40997,44995,48441,41741,86355,24
QC,Chevrolet,Silverado 1500,2023,Used,55,37197,39492,43995,49995,53813,45076,75422,26
QC,Chevrolet,Silverado 1500,2024,Used,113,41879,44995,48880,53885,56995,49113,48205,33
QC,Chevrolet,Silverado 1500,2025,Used,51,44970,47645,51995,59495,63995,53870,42735,33
QC,Chevrolet,Silverado 1500,2026,New,1788,63091,68734,74004,81816,85790,74612,10,39
QC,Chevrolet,Silverado 1500,2026,Used,47,65594,68422,71759,80306,82902,73815,3940,58
QC,Chevrolet,Silverado 1500 LTD,2022,Used,10,32345,34165,39970,45384,46897,39600,98058,28
QC,Chevrolet,Silverado 2500,2024,Used,24,57992,59984,62992,64495,71139,63383,77977,28
QC,Chevrolet,Silverado 2500,2026,New,269,82885,93744,102219,106579,116718,100242,10,43
QC,Chevrolet,Silverado 2500HD,2024,Used,20,58832,59995,65495,73495,77195,67157,59242,34
QC,Chevrolet,Silverado 2500HD,2026,New,50,83458,86872,95333,101220,103120,94094,10,10
QC,Chevrolet,Silverado EV,2026,New,20,80785,86206,88820,101553,112460,92414,24,10
QC,Chevrolet,Spark,2019,Used,18,7171,9244,10498,12498,14295,10787,98486,18
QC,Chevrolet,Spark,2020,Used,15,8790,12495,13994,14965,15913,13140,64250,10
QC,Chevrolet,Spark,2021,Used,20,12138,12984,13986,15496,15995,13894,72304,16
QC,Chevrolet,Suburban,2026,New,100,93231,103757,113918,123936,126989,112402,10,52
QC,Chevrolet,Tahoe,2026,New,167,95949,100770,112224,119792,124333,110262,10,56
QC,Chevrolet,TrailBlazer,2021,Used,18,16846,19132,21246,21995,22134,20296,71403,54
QC,Chevrolet,TrailBlazer,2022,Used,14,17489,19495,21967,21994,21997,20767,74216,32
QC,Chevrolet,TrailBlazer,2023,Used,43,21186,22692,23995,24994,25994,23721,39364,40
QC,Chevrolet,TrailBlazer,2024,Used,44,24138,24800,25800,26995,31322,26710,37018,54
QC,Chevrolet,TrailBlazer,2025,Used,14,25995,26436,26995,27807,30236,27417,24450,30
QC,Chevrolet,TrailBlazer,2026,New,289,33814,35194,37134,39358,41050,37344,10,22
QC,Chevrolet,TrailBlazer,2026,Used,16,30495,31745,34769,38690,39996,34965,5552,30
QC,Chevrolet,Traverse,2023,Used,11,32398,33745,36445,38442,41995,36629,49583,21
QC,Chevrolet,Traverse,2026,New,121,57949,59709,65524,71153,71869,65651,8,58
QC,Chevrolet,Traverse,2026,Used,12,61311,63369,69330,71295,71965,67455,2496,58
QC,Chevrolet,Traverse,2027,New,59,58784,61357,65614,67971,71807,64978,16,4
QC,Chevrolet,Trax,2018,Used,11,10788,11440,12499,13490,14850,12620,122103,38
QC,Chevrolet,Trax,2019,Used,10,12798,13466,14692,15645,16094,14484,72463,24
QC,Chevrolet,Trax,2024,Used,44,21144,21995,22976,24482,25902,23336,44160,39
QC,Chevrolet,Trax,2025,Used,61,22997,23990,24995,25995,26995,25009,29629,22
QC,Chevrolet,Trax,2026,New,723,29273,29944,31098,32306,33339,31208,10,51
QC,Chevrolet,Trax,2026,Used,72,28995,29858,31129,32380,33238,31002,1937,58
QC,Chevrolet,Volt,2017,Used,11,8995,10992,11995,12778,12995,11318,151418,20
QC,Chrysler,200,2015,Used,11,5977,6986,8987,10396,10995,8699,102100,35
QC,Chrysler,Grand Caravan,2024,Used,21,32495,33995,34988,45978,47999,38446,43789,57
QC,Chrysler,Grand Caravan,2026,New,79,48995,49290,49590,50080,50710,49610,10,59
QC,Chrysler,Grand Caravan,2026,Used,21,44995,46990,47995,49490,49995,47777,1044,58
QC,Chrysler,Grand Caravan,2027,New,130,49995,49995,50528,50888,51456,50607,10,55
QC,Chrysler,Pacifica,2020,Used,12,23532,24711,27497,31866,32998,28346,109998,44
QC,Chrysler,Pacifica,2022,Used,29,26717,28498,29999,33333,36792,31397,98237,21
QC,Chrysler,Pacifica,2023,Used,41,27881,28800,30995,34975,39975,32732,97485,42
QC,Chrysler,Pacifica,2024,Used,41,31800,38476,44999,53978,59245,45862,38500,58
QC,Chrysler,Pacifica,2025,Used,21,39495,41595,42780,43995,45995,42822,41202,33
QC,Chrysler,Pacifica,2026,New,46,53740,54784,58862,61408,64368,58800,10,58
QC,Chrysler,Pacifica,2027,New,179,54290,54935,59160,60980,63173,58881,0,52
QC,Dodge,Challenger,2022,Used,13,33959,42950,46995,59887,110296,65703,38909,24
QC,Dodge,Challenger,2023,Used,26,48748,58420,74988,108672,173694,92349,8238,54
QC,Dodge,Charger,2023,Used,11,48995,56995,68977,107945,119995,80158,7195,54
QC,Dodge,Charger,2026,New,106,68430,74009,78180,86065,88262,79024,0,58
QC,Dodge,Durango,2022,Used,35,33699,34996,39499,40998,47197,39372,74843,36
QC,Dodge,Durango,2023,Used,18,37185,38814,41495,44349,68495,46840,55648,53
QC,Dodge,Durango,2024,Used,20,43930,44432,47397,55245,82785,55606,35411,61
QC,Dodge,Durango,2025,Used,45,44599,45995,49495,52995,58895,51640,43353,59
QC,Dodge,Durango,2026,New,256,58157,60043,67472,73675,79730,69451,5,55
QC,Dodge,Durango,2026,Used,27,58052,60962,64960,66762,82430,68046,2120,42
QC,Dodge,Durango,2027,New,30,67295,67855,74225,74975,76893,72483,,22
QC,Dodge,Grand Caravan,2014,Used,17,5980,6977,9274,9988,11871,10220,142606,31
QC,Dodge,Grand Caravan,2015,Used,20,6855,7854,9632,11216,17230,11059,168286,32
QC,Dodge,Grand Caravan,2016,Used,31,6991,8982,11490,12984,13995,10769,139309,19
QC,Dodge,Grand Caravan,2017,Used,31,9991,11242,12695,13997,16995,13134,140198,24
QC,Dodge,Grand Caravan,2018,Used,17,10792,12995,14495,16995,18377,14647,140000,23
QC,Dodge,Grand Caravan,2019,Used,33,13154,14699,18984,19980,20476,17725,124313,24
QC,Dodge,Grand Caravan,2020,Used,19,17506,19495,22790,23987,25191,21860,93669,33
QC,Dodge,Hornet,2023,Used,21,21750,23380,24950,26995,30999,25993,41122,52
QC,Dodge,Hornet,2024,New,11,44997,45365,46550,57455,65175,51304,10,58
QC,Dodge,Hornet,2024,Used,107,25992,28522,31995,39995,48765,35408,14249,59
QC,Dodge,Journey,2016,Used,14,6604,7475,9386,11994,11995,9550,141281,38
QC,Dodge,Journey,2017,Used,11,6995,7744,10499,12486,12850,10237,103635,33
QC,Fiat,500e,2024,Used,15,22693,23242,23995,27496,29595,25556,14037,54
QC,Fiat,500e,2026,New,316,28898,31203,34985,42290,42985,35525,0,41
QC,Ford,Bronco,2022,Used,29,32302,36495,39987,42995,49594,40168,68061,33
QC,Ford,Bronco,2023,Used,21,38775,44990,49995,50995,55995,48316,60008,39
QC,Ford,Bronco,2024,Used,25,45588,45995,52995,63483,91993,60303,30667,20
QC,Ford,Bronco,2025,New,10,71316,73558,81638,108219,125320,91009,10,62
QC,Ford,Bronco,2026,New,212,55200,60138,66775,77254,110050,72461,10,27
QC,Ford,Bronco,2026,Used,10,54440,55630,70646,87810,91822,71598,894,62
QC,Ford,Bronco Sport,2021,Used,15,19193,19836,21995,25246,26795,22440,67817,19
QC,Ford,Bronco Sport,2022,Used,40,21102,22995,24470,26119,29548,24885,65958,34
QC,Ford,Bronco Sport,2023,Used,60,23995,25546,27226,29848,32095,28536,47060,39
QC,Ford,Bronco Sport,2024,New,18,41146,42369,45100,46866,48130,44545,15,62
QC,Ford,Bronco Sport,2024,Used,42,26053,28889,29936,31994,35000,30827,24462,54
QC,Ford,Bronco Sport,2025,New,45,39362,42210,47550,49960,54177,46688,10,62
QC,Ford,Bronco Sport,2025,Used,29,30795,32495,34350,38700,41297,35869,15757,59
QC,Ford,Bronco Sport,2026,New,1192,36660,38317,41045,45152,49121,42191,10,47
QC,Ford,Bronco Sport,2026,Used,26,34972,35640,39818,44772,48758,40585,561,62
QC,Ford,E-Transit,2025,New,50,65000,69886,78115,80673,81937,75489,42,62
QC,Ford,E-Transit,2026,New,33,76708,77015,79115,79545,81417,78809,10,62
QC,Ford,EcoSport,2018,Used,14,9292,10245,11744,13709,14955,11974,101199,37
QC,Ford,EcoSport,2020,Used,15,13690,14233,15898,18242,19198,16169,57552,38
QC,Ford,EcoSport,2021,Used,10,16786,17620,19142,19478,22215,20128,56440,55
QC,Ford,EcoSport,2022,Used,25,18072,18995,19500,20495,20946,19600,38278,36
QC,Ford,Edge,2016,Used,16,8694,10750,11997,12980,13994,11700,130044,31
QC,Ford,Edge,2017,Used,15,10549,11736,13495,14996,20067,15026,132969,24
QC,Ford,Edge,2018,Used,19,12310,12738,14995,16497,18395,15804,124123,38
QC,Ford,Edge,2019,Used,17,13473,15988,17800,19795,20794,17507,109000,36
QC,Ford,Edge,2020,Used,28,16112,17880,20245,23965,25425,20981,95658,24
QC,Ford,Edge,2021,Used,31,20458,21996,23995,26818,26995,24361,78798,58
QC,Ford,Edge,2022,Used,47,20991,22872,24994,26732,30918,25046,77080,37
QC,Ford,Edge,2023,Used,18,23995,24808,26189,30658,34963,27984,77329,44
QC,Ford,Edge,2024,Used,33,26992,27745,30995,33495,38990,31761,59000,50
QC,Ford,Escape,2013,Used,15,4786,5374,6444,6983,7295,6354,171881,24
QC,Ford,Escape,2014,Used,13,5039,6777,7998,8995,11157,8067,175300,38
QC,Ford,Escape,2017,Used,62,7084,9957,10990,12913,13995,10840,124092,23
QC,Ford,Escape,2018,Used,35,9917,10992,12995,14462,15993,12725,116626,24
QC,Ford,Escape,2019,Used,30,11986,13461,14648,15995,17145,14680,111078,36
QC,Ford,Escape,2020,Used,50,15765,16492,17992,19913,21020,18200,90026,35
QC,Ford,Escape,2021,Used,68,16798,17993,19734,21996,23990,20245,88022,40
QC,Ford,Escape,2022,Used,86,19199,20060,21995,23991,24995,22131,61372,36
QC,Ford,Escape,2023,Used,52,22491,23990,24995,26990,29923,25626,48125,58
QC,Ford,Escape,2024,New,11,39568,40919,44987,48366,52299,45493,2,62
QC,Ford,Escape,2024,Used,85,24691,26995,28995,31995,38154,30325,28532,51
QC,Ford,Escape,2025,New,110,35017,36258,38213,41614,45730,39480,10,62
QC,Ford,Escape,2025,Used,64,28850,29997,33980,36994,41661,34304,13605,61
QC,Ford,Escape,2026,New,46,35894,35917,40528,43082,47890,40717,0,62
QC,Ford,Escape,2026,Used,12,32748,35746,38620,42170,44589,39334,3800,58
QC,Ford,Expedition,2024,Used,12,57330,63998,67482,81245,86710,70866,64303,26
QC,Ford,Expedition,2026,New,12,94733,103624,113320,118148,119174,109341,12,60
QC,Ford,Expedition,2027,New,33,108614,113425,115355,117223,119723,113917,10,26
QC,Ford,Explorer,2019,Used,11,16967,18829,19990,20986,22995,19778,139063,22
QC,Ford,Explorer,2020,Used,24,23002,26265,27975,29476,31982,27884,94354,29
QC,Ford,Explorer,2021,Used,16,27945,29374,30996,34172,35939,31550,111644,40
QC,Ford,Explorer,2022,Used,32,29454,31669,34196,37838,38473,34241,87548,36
QC,Ford,Explorer,2023,Used,29,32995,37495,40368,45999,49097,40770,66000,58
QC,Ford,Explorer,2024,Used,20,36398,38620,51240,53990,54542,46845,48085,51
QC,Ford,Explorer,2025,New,10,53109,56192,61405,70522,72656,61102,10,62
QC,Ford,Explorer,2025,Used,21,44495,49997,56495,61495,67029,56624,32986,27
QC,Ford,Explorer,2026,New,323,53309,56342,60425,67048,73680,61873,10,47
QC,Ford,Explorer,2026,Used,23,59981,60544,67604,73895,74669,67469,4182,61
QC,Ford,Explorer,2027,New,66,58660,62527,66095,73695,76362,67356,10,28
QC,Ford,F-150,2015,Used,12,15799,19185,22448,24989,34804,22937,160626,24
QC,Ford,F-150,2016,Used,24,11231,17868,21748,24992,33434,21886,165474,20
QC,Ford,F-150,2017,Used,18,17887,21110,23127,25893,27821,23078,163266,16
QC,Ford,F-150,2018,Used,30,20895,24616,26742,29717,33242,27039,139500,24
QC,Ford,F-150,2019,Used,50,21945,25612,29997,33449,35895,29276,130248,20
QC,Ford,F-150,2020,Used,27,29988,32498,35995,38942,50193,43993,93017,16
QC,Ford,F-150,2021,Used,36,30245,35995,39012,42115,51993,39319,111750,18
QC,Ford,F-150,2022,Used,158,34328,38994,42954,46869,49996,43521,86018,23
QC,Ford,F-150,2023,Used,224,40995,44898,49472,53990,59995,50628,66808,32
QC,Ford,F-150,2024,New,16,70221,76949,79592,81005,88030,79519,0,62
QC,Ford,F-150,2024,Used,144,45995,49494,54788,60123,64993,56215,44047,27
QC,Ford,F-150,2025,New,81,68995,72618,77515,81904,98235,79887,10,62
QC,Ford,F-150,2025,Used,95,48997,52997,61588,76671,85792,65459,17383,42
QC,Ford,F-150,2026,New,3936,68280,71946,77132,85042,92675,79574,10,39
QC,Ford,F-150,2026,Used,84,66497,71069,77848,86729,93088,80071,872,62
QC,Ford,F-150 Lightning,2023,Used,63,54167,56443,59987,65977,69995,60435,70393,38
QC,Ford,F-150 Lightning,2024,Used,34,54920,56990,66244,69999,72984,65000,49696,17
QC,Ford,F-150 Lightning,2025,Used,11,59995,71495,79998,84998,88395,76896,24511,10
QC,Ford,F-250,2022,Used,14,40126,56124,70995,76246,78695,65160,93083,60
QC,Ford,F-250,2026,New,245,81964,90879,96288,106215,117919,97846,10,62
QC,Ford,F-250,2027,New,29,77852,96855,123576,127954,128347,112838,12,29
QC,Ford,F-350,2026,New,10,71705,78940,102340,111940,129334,100052,10,62
QC,Ford,F-450,2026,New,15,103161,106164,108620,117887,124184,112559,10,30
QC,Ford,F150,2022,Used,11,32988,34439,39995,45345,48995,40557,101113,31
QC,Ford,Fiesta,2013,Used,11,2977,3486,4888,5145,6888,4618,144000,25
QC,Ford,Fusion,2017,Used,10,10790,11118,12496,13373,13995,12191,98158,35
QC,Ford,Maverick,2022,Used,31,24988,26994,27995,30495,32995,28933,83000,22
QC,Ford,Maverick,2023,Used,27,29582,30442,32795,34995,37193,32949,53900,32
QC,Ford,Maverick,2024,Used,33,31294,33900,34995,36900,38975,35294,39123,24
QC,Ford,Maverick,2025,New,18,41064,42007,44242,46687,50679,44922,10,62
QC,Ford,Maverick,2025,Used,23,37615,38992,40788,44494,45893,41116,18299,27
QC,Ford,Maverick,2026,New,501,40730,43095,45642,47745,50267,45589,15,29
QC,Ford,Maverick,2026,Used,13,40375,42335,47095,50315,53935,47000,100,58
QC,Ford,Mustang,2014,Used,10,18945,22831,29488,63498,80995,42379,64668,19
QC,Ford,Mustang,2015,Used,13,20196,21994,30995,36988,57998,33917,74112,18
QC,Ford,Mustang,2017,Used,16,19986,20740,35747,40218,84948,40911,60296,18
QC,Ford,Mustang,2018,Used,12,23638,24995,34142,39960,42419,38223,66956,36
QC,Ford,Mustang,2019,Used,14,27598,29994,37693,44468,50684,38001,58444,33
QC,Ford,Mustang,2021,Used,14,29995,33370,47328,66584,153929,70066,40466,20
QC,Ford,Mustang,2022,Used,20,33062,40144,47440,49618,51297,45496,41614,30
QC,Ford,Mustang,2024,Used,14,35237,37745,52692,64242,71893,53474,20150,20
QC,Ford,Mustang,2025,Used,33,39461,40189,42079,66989,78898,57525,30475,37
QC,Ford,Mustang,2026,New,171,47575,52916,70961,79394,85782,67767,10,61
QC,Ford,Mustang Mach-E,2021,Used,16,20824,27745,29975,30868,32247,29315,95689,13
QC,Ford,Mustang Mach-E,2022,Used,25,26991,29995,33995,37995,40591,34781,60066,27
QC,Ford,Mustang Mach-E,2023,Used,52,29995,31860,34550,37995,42950,35556,50459,17
QC,Ford,Mustang Mach-E,2024,Used,24,34992,37268,41222,44248,47780,41898,35286,20
QC,Ford,Mustang Mach-E,2025,New,13,56691,57251,64601,68485,76494,64010,10,62
QC,Ford,Mustang Mach-E,2025,Used,21,41050,41995,43992,48989,59196,47620,9033,51
QC,Ford,Mustang Mach-E,2026,New,708,43148,48901,52687,55330,57735,52019,10,29
QC,Ford,Mustang Mach-E,2026,Used,13,49040,49995,55881,57964,63508,54859,100,52
QC,Ford,Ranger,2020,Used,12,28045,28855,30328,32216,35595,30741,96760,31
QC,Ford,Ranger,2024,Used,18,39694,42618,44995,48416,68551,48139,33150,24
QC,Ford,Ranger,2025,New,17,54709,55820,57275,61650,71289,60724,10,62
QC,Ford,Ranger,2026,New,325,48503,51252,54502,58707,64218,56516,10,29
QC,Ford,Super Duty,2026,New,133,72091,83576,94818,106352,111308,95170,13,39
QC,Ford,Super Duty F-250 SRW,2022,Used,11,54995,59158,71997,75692,75997,67924,94039,54
QC,Ford,Super Duty F-250 SRW,2023,Used,10,62799,66618,66992,69495,77744,69182,76514,13
QC,Ford,Super Duty F-250 SRW,2026,New,192,80224,88740,97652,107032,122204,98692,10,27
QC,Ford,Super Duty F-250 SRW,2027,New,19,96717,105448,122685,127874,131405,117604,10,10
QC,Ford,Super Duty F-450 DRW,2026,New,27,100440,104248,118142,125628,137398,116676,10,25
QC,Ford,Transit,2018,Used,19,14995,16943,17991,19991,24395,18619,192775,24
QC,Ford,Transit,2019,Used,14,17991,19992,23995,29995,31392,25030,151196,24
QC,Ford,Transit,2020,Used,14,17965,19992,26993,33495,36391,27347,174356,24
QC,Ford,Transit,2021,Used,13,20395,28991,32995,35998,41795,34192,129312,24
QC,Ford,Transit,2022,Used,12,34095,37991,39995,42209,63995,43941,70727,24
QC,Ford,Transit,2023,Used,24,39296,42633,45221,47500,52388,47383,61552,24
QC,Ford,Transit,2024,Used,68,43960,45983,48549,50243,55245,49527,60760,24
QC,Ford,Transit,2025,New,52,65047,67400,70262,76509,80315,71782,15,62
QC,Ford,Transit,2025,Used,28,49663,52872,55488,63245,64930,56074,33647,26
QC,Ford,Transit,2026,New,281,66070,69105,72735,76855,81795,73311,10,56
QC,Ford,Transit,2027,New,42,67731,68451,72322,77782,81220,73525,10,26
QC,GMC,Acadia,2023,Used,12,30095,32114,35094,37491,38984,34867,81725,58
QC,GMC,Acadia,2026,New,149,61069,63279,65919,68879,72389,66447,8,58
QC,GMC,Acadia,2026,Used,11,59653,61054,66214,68548,71606,65878,250,58
QC,GMC,Acadia,2027,New,19,61253,63308,69389,77309,80634,70248,25,17
QC,GMC,Canyon,2021,Used,14,30420,34831,35996,39995,48038,43840,63652,24
QC,GMC,Canyon,2024,Used,10,45894,45961,46495,49490,52095,47969,43650,28
QC,GMC,Canyon,2026,New,186,57366,58494,60035,62974,69234,62125,10,54
QC,GMC,Canyon,2026,Used,13,56497,57903,60464,64899,72838,62895,250,58
QC,GMC,HUMMER EV,2026,New,49,135018,136227,137973,144362,153701,141919,10,58
QC,GMC,K1500,2026,New,242,62626,68853,72474,81053,87699,74805,10,36
QC,GMC,Savana,2025,New,21,57509,61142,63629,64679,67239,62905,10,61
QC,GMC,Savana,2026,New,38,57414,58584,60384,63565,67256,61523,10,58
QC,GMC,Sierra,2022,Used,15,31528,36972,44988,48944,49997,43377,99984,43
QC,GMC,Sierra,2024,Used,22,45148,47118,51822,54985,70437,55487,44552,61
QC,GMC,Sierra,2025,Used,12,48400,52970,53642,70415,96556,64618,31312,61
QC,GMC,Sierra,2026,New,506,60879,68453,78109,95194,117028,83664,10,61
QC,GMC,Sierra,2026,Used,17,59199,62482,67989,81114,93666,73487,2700,62
QC,GMC,Sierra 1500,2017,Used,15,20395,22070,23995,25475,26679,23589,147219,22
QC,GMC,Sierra 1500,2018,Used,22,19278,21961,24494,27946,28972,24658,140388,22
QC,GMC,Sierra 1500,2019,Used,14,23496,27911,29242,32995,37973,30868,121274,18
QC,GMC,Sierra 1500,2020,Used,12,30025,33116,38242,43883,48765,38632,88440,24
QC,GMC,Sierra 1500,2021,Used,32,31545,37370,40464,45245,46800,40836,99124,25
QC,GMC,Sierra 1500,2022,Used,38,35695,38792,41995,47987,53995,43195,93105,24
QC,GMC,Sierra 1500,2023,Used,59,37928,41997,47477,53892,57196,47834,78433,24
QC,GMC,Sierra 1500,2024,Used,142,43995,47853,51995,55995,59801,52260,46864,26
QC,GMC,Sierra 1500,2025,Used,31,53296,58944,60995,68923,74972,63750,30309,43
QC,GMC,Sierra 1500,2026,New,1806,66371,71464,78124,83744,92999,78920,10,39
QC,GMC,Sierra 1500,2026,Used,67,65101,68536,74634,82626,96082,77619,5154,56
QC,GMC,Sierra 1500 Limited,2022,Used,12,27681,38718,41242,46244,48787,39965,118294,40
QC,GMC,Sierra 2500,2026,New,506,85562,93743,113508,120947,129322,109060,10,39
QC,GMC,Sierra 2500HD,2026,New,73,87270,93740,106780,119740,127103,107042,10,22
QC,GMC,Sierra 3500,2026,New,59,94904,98934,113204,125172,136388,113094,13,43
QC,GMC,Terrain,2018,Used,16,12243,13740,14492,16370,18996,15118,141820,44
QC,GMC,Terrain,2020,Used,11,17448,18490,19555,23492,24988,20803,96002,28
QC,GMC,Terrain,2022,Used,49,21590,22895,23994,25437,26995,23901,69317,37
QC,GMC,Terrain,2023,Used,28,21348,23968,25546,28120,29996,26577,77498,24
QC,GMC,Terrain,2024,Used,72,25898,27721,28997,31983,34927,29817,41286,25
QC,GMC,Terrain,2026,New,87,40903,42891,45604,49424,52838,45961,10,56
QC,GMC,Terrain,2026,Used,28,36844,39155,44143,48749,52961,44512,7755,54
QC,GMC,Terrain,2027,New,735,41894,43716,47683,50342,53094,47426,10,19
QC,GMC,Yukon,2026,New,303,106674,111039,121138,128702,135437,120749,10,39
QC,GMC,Yukon,2026,Used,15,106870,116878,123624,127432,129108,120938,1026,58
QC,Genesis,G70,2023,Used,15,31393,35496,39590,42288,43276,38170,65099,18
QC,Genesis,GV70,2022,Used,18,31840,33991,35438,37741,41942,36025,79606,39
QC,Genesis,GV70,2023,Used,23,35199,39497,41888,44244,49857,42261,63700,36
QC,Genesis,GV70,2025,Used,15,47832,49747,53995,59884,62495,55146,38500,39
QC,Genesis,GV70,2026,Used,17,66397,69874,74995,80600,84300,74822,9455,33
QC,Honda,Accord,2017,Used,15,13992,15067,18990,20245,21288,17967,117792,25
QC,Honda,Accord,2018,Used,27,16496,17994,18988,21642,22747,19674,125375,36
QC,Honda,Accord,2019,Used,12,19085,19964,20780,22544,23804,21142,93366,56
QC,Honda,Accord,2020,Used,10,21848,22996,23659,25122,27853,24114,70164,28
QC,Honda,Accord,2025,New,15,39398,40780,41729,46330,47360,43209,4,62
QC,Honda,Accord,2026,New,122,42002,46280,47659,49329,49999,47244,10,51
QC,Honda,CR-V,2013,Used,12,9044,9865,10145,11556,12444,10553,201424,24
QC,Honda,CR-V,2014,Used,23,9899,9997,10995,12952,14842,11606,180175,24
QC,Honda,CR-V,2015,Used,19,11395,11985,13383,15192,16173,13703,181440,22
QC,Honda,CR-V,2016,Used,32,12504,13984,14988,17093,17994,15152,152882,24
QC,Honda,CR-V,2017,Used,73,14674,15995,17969,19913,20822,17800,135074,24
QC,Honda,CR-V,2018,Used,98,15933,17176,19545,21912,23214,19618,126165,26
QC,Honda,CR-V,2019,Used,80,18826,19958,21922,22995,24995,21524,110849,18
QC,Honda,CR-V,2020,Used,71,20590,21796,23997,25981,27499,24027,105347,30
QC,Honda,CR-V,2021,Used,116,21966,22995,24495,26606,27993,24855,85931,24
QC,Honda,CR-V,2022,Used,113,23989,25497,27598,29672,31930,27789,78677,25
QC,Honda,CR-V,2023,Used,134,27992,29833,32568,34990,37965,32633,61102,24
QC,Honda,CR-V,2024,Used,120,30887,32998,36344,39994,41610,36260,48869,29
QC,Honda,CR-V,2025,New,18,40626,44550,50725,50725,51932,47848,0,51
QC,Honda,CR-V,2025,Used,87,34073,35164,38395,42090,43806,38867,31109,22
QC,Honda,CR-V,2026,New,1626,42525,46125,47840,51450,53950,48269,10,34
QC,Honda,CR-V,2026,Used,63,44260,46125,48695,51703,54597,48857,3500,43
QC,Honda,Civic,2013,Used,11,7995,8992,10895,11499,12490,10635,144809,22
QC,Honda,Civic,2014,Used,18,7840,8980,12094,13434,13850,11302,149640,24
QC,Honda,Civic,2015,Used,35,7995,9995,10995,13635,14950,11525,148809,17
QC,Honda,Civic,2016,Used,39,9970,12638,13995,14997,15953,13415,129598,16
QC,Honda,Civic,2017,Used,62,12753,13995,15339,17866,18940,16223,118586,20
QC,Honda,Civic,2018,Used,79,13429,14995,16595,17844,19314,16413,116150,19
QC,Honda,Civic,2019,Used,78,15575,16991,18085,19995,20758,18254,100377,22
QC,Honda,Civic,2020,Used,53,15919,17495,18995,20995,24389,19567,94480,23
QC,Honda,Civic,2021,Used,58,18692,19818,21492,22369,23991,21335,63338,16
QC,Honda,Civic,2022,Used,106,20284,21988,22866,23999,25648,22925,65375,22
QC,Honda,Civic,2023,Used,76,22445,23989,25562,26998,29246,25783,54550,22
QC,Honda,Civic,2024,Used,84,24785,25490,26995,28680,31556,27475,36736,23
QC,Honda,Civic,2025,Used,53,25414,27777,30988,32295,32995,29873,23684,24
QC,Honda,Civic,2026,New,1305,30969,32745,35729,37529,41060,35744,10,39
QC,Honda,Civic,2026,Used,61,30495,30920,34230,36495,40180,34258,2789,43
QC,Honda,Fit,2016,Used,12,8204,10868,13738,15106,15858,12931,122726,26
QC,Honda,HR-V,2016,Used,25,9750,11995,13999,14999,16435,13365,150789,26
QC,Honda,HR-V,2017,Used,15,12195,15245,16664,17486,20275,16171,102836,37
QC,Honda,HR-V,2018,Used,19,14995,16395,18490,20245,20915,18244,114536,27
QC,Honda,HR-V,2019,Used,34,16249,18416,19593,20996,23690,19863,107078,34
QC,Honda,HR-V,2020,Used,16,19239,19864,21985,23845,24940,21621,67176,12
QC,Honda,HR-V,2021,Used,28,19906,20972,22288,23566,24295,22258,67003,20
QC,Honda,HR-V,2022,Used,35,20519,21444,22490,23895,24675,22543,78000,23
QC,Honda,HR-V,2023,Used,48,23959,25295,25994,27516,28921,26304,60968,24
QC,Honda,HR-V,2024,Used,47,25489,26742,28485,31992,32990,29184,40993,25
QC,Honda,HR-V,2025,Used,42,26994,27772,29482,30994,33973,29421,29482,24
QC,Honda,HR-V,2026,New,65,35350,38100,38650,40430,42299,38917,10,51
QC,Honda,HR-V,2026,Used,28,31688,32946,35891,38681,40743,35661,7675,40
QC,Honda,HR-V,2027,New,973,33700,35583,39050,40272,41448,38277,10,40
QC,Honda,Odyssey,2018,Used,10,19855,21107,24346,26799,27014,23846,146064,24
QC,Honda,Odyssey,2019,Used,14,20322,23245,25745,29444,32773,26145,128010,36
QC,Honda,Odyssey,2023,Used,19,36992,38218,41695,42991,44996,41140,81647,30
QC,Honda,Odyssey,2024,Used,25,44928,46725,47592,48979,50212,47630,47656,31
QC,Honda,Odyssey,2025,Used,10,48889,50062,50989,51969,52286,50817,33011,30
QC,Honda,Odyssey,2026,New,44,54170,55208,57070,59493,63905,57863,10,51
QC,Honda,Passport,2020,Used,10,23844,28491,30472,32418,35035,30124,100706,30
QC,Honda,Passport,2022,Used,11,34436,35995,36995,39740,40995,37524,66780,17
QC,Honda,Passport,2023,Used,11,33995,35745,38995,40444,40995,37376,55568,22
QC,Honda,Passport,2026,New,21,59740,60289,63740,64512,66589,62958,10,25
QC,Honda,Passport,2026,Used,13,54794,59494,60995,62490,66021,60615,16500,15
QC,Honda,Pilot,2016,Used,12,12899,14415,16495,17616,18895,16018,190869,24
QC,Honda,Pilot,2019,Used,11,20995,23497,24995,29492,29993,26340,146000,15
QC,Honda,Pilot,2020,Used,14,20792,27118,31145,32889,34554,29538,123256,36
QC,Honda,Pilot,2021,Used,14,28294,30996,33982,35784,35996,33212,115874,14
QC,Honda,Pilot,2022,Used,17,32950,34995,36995,38487,38995,36714,88600,31
QC,Honda,Pilot,2023,Used,14,41952,42918,46746,49854,51743,46616,83825,24
QC,Honda,Pilot,2025,Used,20,52799,54145,55925,58491,59802,56313,38852,35
QC,Honda,Pilot,2026,New,79,63002,65049,68299,69150,70349,67164,10,22
QC,Honda,Prologue,2024,Used,10,38994,40489,42995,45274,61590,46784,20144,59
QC,Honda,Prologue,2026,New,82,56113,56663,62090,67640,68246,61583,10,26
QC,Honda,Ridgeline,2019,Used,13,21286,26988,28995,29995,31975,27615,132331,10
QC,Honda,Ridgeline,2023,Used,17,40952,41995,44488,44948,44996,43447,62134,25
QC,Honda,Ridgeline,2025,Used,11,45995,48506,49880,52482,54898,50556,20670,43
QC,Honda,Ridgeline,2026,New,60,55740,56389,58742,61190,61830,58774,10,38
QC,Hyundai,Accent,2014,Used,12,4497,6158,7248,8120,8849,7059,134708,16
QC,Hyundai,Accent,2016,Used,16,5742,7495,8492,9990,10684,8449,119936,23
QC,Hyundai,Accent,2017,Used,24,7793,9981,10942,11584,12841,10748,97419,14
QC,Hyundai,Accent,2019,Used,11,11298,12275,12995,14344,14995,13072,108465,22
QC,Hyundai,Accent,2020,Used,13,13338,13989,15495,16995,18589,15620,60414,11
QC,Hyundai,Elantra,2013,Used,20,3490,4138,5996,7312,8137,6027,170044,38
QC,Hyundai,Elantra,2014,Used,16,3725,5777,6992,7569,8236,6602,144419,26
QC,Hyundai,Elantra,2015,Used,18,6342,6915,7922,8798,10205,7875,134141,24
QC,Hyundai,Elantra,2016,Used,25,6515,7995,8995,10495,11895,9418,125850,23
QC,Hyundai,Elantra,2017,Used,61,6950,8995,10495,11995,13991,10538,130059,24
QC,Hyundai,Elantra,2018,Used,55,9991,10995,12498,14457,14995,12540,120936,15
QC,Hyundai,Elantra,2019,Used,35,12007,13495,14468,15395,15993,14332,96777,22
QC,Hyundai,Elantra,2020,Used,65,12195,13995,15498,16498,17280,15381,94038,22
QC,Hyundai,Elantra,2021,Used,36,13995,15938,17245,18708,19994,17259,84140,24
QC,Hyundai,Elantra,2022,Used,48,16200,17723,18995,20995,24642,19741,74215,20
QC,Hyundai,Elantra,2023,Used,83,18595,19994,21888,23792,27794,22341,56000,23
QC,Hyundai,Elantra,2024,Used,67,19913,21485,22590,24493,27983,23055,41706,19
QC,Hyundai,Elantra,2025,New,21,27303,28849,30849,32458,33349,30547,10,59
QC,Hyundai,Elantra,2025,Used,110,21999,23459,24383,26797,30041,25280,23694,54
QC,Hyundai,Elantra,2026,New,1074,26170,27966,30438,34590,35171,31433,20,39
QC,Hyundai,Elantra,2026,Used,29,24638,25668,28995,31395,34207,28508,5583,55
QC,Hyundai,IONIQ,2019,Used,12,11174,12344,13245,14615,14999,13061,106739,26
QC,Hyundai,IONIQ,2026,New,154,53160,53981,57934,63070,83156,62300,10,59
QC,Hyundai,IONIQ 5,2024,Used,26,37744,40023,41995,42920,44745,41319,35281,20
QC,Hyundai,IONIQ 5,2025,New,13,53560,54026,54382,55299,57849,55259,13,59
QC,Hyundai,IONIQ 5,2025,Used,10,54157,55810,58870,67588,74774,61020,11214,44
QC,Hyundai,IONIQ 5,2026,New,147,53759,54126,55698,60118,61689,57337,20,59
QC,Hyundai,IONIQ 6,2024,Used,17,32297,33129,34999,36995,39395,36391,53573,43
QC,Hyundai,IONIQ 9,2026,New,49,78869,79498,83649,84498,84997,81733,10,59
QC,Hyundai,Kona,2018,Used,24,12995,13628,14495,16244,16995,14715,121130,10
QC,Hyundai,Kona,2019,Used,41,13992,14987,15990,17490,18990,15960,105170,18
QC,Hyundai,Kona,2020,Used,64,13263,15983,17783,19120,20345,17391,95072,20
QC,Hyundai,Kona,2021,Used,72,15995,16994,19498,20495,21458,18957,87004,16
QC,Hyundai,Kona,2022,Used,80,16998,18994,20950,22995,24553,21215,77004,16
QC,Hyundai,Kona,2023,Used,77,21295,21995,23995,25995,28992,24471,51000,11
QC,Hyundai,Kona,2024,Used,79,24396,25882,26995,28995,30000,27564,35670,24
QC,Hyundai,Kona,2025,Used,69,26955,27983,28998,31980,37935,30950,32461,39
QC,Hyundai,Kona,2026,New,857,34021,36428,39698,42249,46049,39445,20,50
QC,Hyundai,Kona,2026,Used,46,30192,32980,36679,40574,48053,37483,2162,58
QC,Hyundai,Kona,2027,New,578,30733,32280,34599,37866,40719,35223,20,19
QC,Hyundai,Kona Electric,2021,Used,11,15990,19498,20488,21236,23488,20126,78896,4
QC,Hyundai,Kona Electric,2023,Used,22,22520,23995,25736,26894,27766,25383,75665,14
QC,Hyundai,Kona Electric,2026,New,301,38312,39134,43999,47198,48149,43245,20,18
QC,Hyundai,Palisade,2020,Used,19,23795,25172,26992,28064,29979,26763,112093,25
QC,Hyundai,Palisade,2021,Used,13,24732,26987,28950,29999,32255,28501,111837,25
QC,Hyundai,Palisade,2023,Used,43,35995,38495,39995,41995,42995,39615,55552,25
QC,Hyundai,Palisade,2024,Used,22,42094,43995,44996,47992,49425,45393,48728,34
QC,Hyundai,Palisade,2025,Used,24,44923,45670,47741,52616,53611,48696,28974,29
QC,Hyundai,Palisade,2026,New,375,64842,65389,66148,66438,68220,66020,10,27
QC,Hyundai,Palisade,2026,Used,22,55194,60120,63672,67641,71604,63523,10552,39
QC,Hyundai,Palisade,2027,New,36,62064,64492,67184,70266,72266,67062,10,8
QC,Hyundai,Santa,2026,New,31,46628,47348,51168,57146,60470,52263,10,59
QC,Hyundai,Santa Cruz,2022,Used,16,25499,28666,30245,31995,32995,29948,65290,33
QC,Hyundai,Santa Cruz,2023,Used,19,29967,29992,31695,33492,34195,32510,60952,24
QC,Hyundai,Santa Cruz,2024,Used,23,30094,31992,34999,36995,37798,34388,45964,33
QC,Hyundai,Santa Fe,2013,Used,10,6535,6906,7499,7995,8279,7625,185946,24
QC,Hyundai,Santa Fe,2014,Used,13,7193,8995,9799,10495,11991,9630,153738,37
QC,Hyundai,Santa Fe,2015,Used,20,7983,8994,9742,10940,13170,10166,144760,32
QC,Hyundai,Santa Fe,2016,Used,19,8798,10986,11999,13131,14137,11758,145221,24
QC,Hyundai,Santa Fe,2017,Used,56,9997,11496,12997,14488,14997,13023,134808,26
QC,Hyundai,Santa Fe,2018,Used,39,10759,13245,14992,16982,18097,14860,106773,43
QC,Hyundai,Santa Fe,2019,Used,54,14995,16495,17969,19436,20809,17918,108216,24
QC,Hyundai,Santa Fe,2020,Used,52,16720,18490,19995,22491,22995,20200,102175,34
QC,Hyundai,Santa Fe,2021,Used,22,17910,20245,22492,25248,27044,22536,105768,32
QC,Hyundai,Santa Fe,2022,Used,31,22495,23995,24995,27386,28995,25474,90735,23
QC,Hyundai,Santa Fe,2023,Used,59,25396,26995,28995,30995,32995,29342,61962,30
QC,Hyundai,Santa Fe,2024,Used,35,38610,39589,41990,42895,45096,41313,39783,30
QC,Hyundai,Santa Fe,2025,Used,43,41029,42872,44495,45995,52759,45335,29916,43
QC,Hyundai,Santa Fe,2026,New,416,47068,50249,51783,59570,60569,53903,14,30
QC,Hyundai,Santa Fe,2026,Used,10,42795,47461,53482,59349,59379,52380,16591,19
QC,Hyundai,Santa Fe,2027,New,32,48833,52798,53038,59324,61405,54939,20,8
QC,Hyundai,Sonata,2015,Used,10,7945,8774,9997,10850,11184,9902,138322,18
QC,Hyundai,Sonata,2018,Used,11,8881,10742,12950,14978,14999,12687,124420,25
QC,Hyundai,Sonata,2022,Used,11,19999,21110,24590,25744,25995,23441,73278,33
QC,Hyundai,Sonata,2023,Used,11,20990,21746,23798,25745,26900,24196,61581,51
QC,Hyundai,Sonata,2026,New,106,38506,38776,39433,39678,40595,39545,20,39
QC,Hyundai,Tucson,2016,Used,33,7996,8999,11942,13495,14459,11438,140310,24
QC,Hyundai,Tucson,2017,Used,56,10936,11940,13388,14119,14938,13111,136050,24
QC,Hyundai,Tucson,2018,Used,40,11960,12787,13992,14990,16516,13918,127523,12
QC,Hyundai,Tucson,2019,Used,65,13271,14992,15993,16999,18997,16128,106072,27
QC,Hyundai,Tucson,2020,Used,50,14938,16798,18240,19978,20995,18042,100792,39
QC,Hyundai,Tucson,2021,Used,58,17551,18961,19996,21995,22996,20491,87303,22
QC,Hyundai,Tucson,2022,Used,103,19549,20995,23981,25924,28993,23854,80000,20
QC,Hyundai,Tucson,2023,Used,87,20930,24994,26904,28974,30995,26538,58823,25
QC,Hyundai,Tucson,2024,Used,87,26427,28478,29990,31903,34685,30344,48150,27
QC,Hyundai,Tucson,2025,New,17,40756,46478,49499,50548,52736,48277,10,59
QC,Hyundai,Tucson,2025,Used,119,30888,32245,36995,43446,48995,38436,22857,31
QC,Hyundai,Tucson,2026,New,2699,38798,41998,46748,49182,51266,45479,16,51
QC,Hyundai,Tucson,2026,Used,78,35251,38228,41248,46185,48117,41841,4896,58
QC,Hyundai,Veloster,2019,Used,10,12694,15621,17145,18743,19295,16675,99360,25
QC,Hyundai,Venue,2020,Used,24,13964,14645,15995,16960,17906,15969,82894,41
QC,Hyundai,Venue,2021,Used,17,14296,14998,16495,17395,17695,16408,71297,16
QC,Hyundai,Venue,2022,Used,31,15000,16844,17950,18991,19995,17730,57967,12
QC,Hyundai,Venue,2023,Used,41,17478,18495,19290,20704,21690,19516,46500,22
QC,Hyundai,Venue,2024,Used,28,18194,19370,20242,21618,22704,20446,50778,30
QC,Hyundai,Venue,2025,Used,31,20598,21122,21994,23245,23888,22289,40401,25
QC,Hyundai,Venue,2026,New,340,25099,26447,28008,30048,30177,28019,20,22
QC,Hyundai,Venue,2026,Used,10,24337,25023,26522,26929,27567,25952,1470,59
QC,Ineos,Grenadier,2026,Used,10,117195,117945,119434,121864,123020,119529,10,20
QC,Ineos,Station Wagon,2026,New,10,105944,109830,119118,120144,126706,116070,10,23
QC,Infiniti,QX50,2019,Used,15,15787,17420,18486,19488,19997,18264,108155,42
QC,Infiniti,QX50,2021,Used,15,17996,19402,21990,22900,26597,21887,71392,33
QC,Infiniti,QX50,2023,Used,11,26998,28994,31795,32515,34995,31185,66004,31
QC,Infiniti,QX50,2025,Used,35,42600,46996,51950,61215,62040,52613,4395,42
QC,Infiniti,QX55,2022,Used,11,26995,27246,27695,28995,29990,28653,85500,35
QC,Infiniti,QX60,2019,Used,10,15985,18124,19495,19997,22527,19290,118952,34
QC,Infiniti,QX60,2023,Used,19,37895,40583,44980,48200,50748,44375,51151,26
QC,Infiniti,QX60,2024,Used,26,40690,41995,44245,46749,50636,44678,37554,18
QC,Infiniti,QX60,2026,New,30,70290,72728,73290,73740,76381,73967,10,51
QC,Infiniti,QX60,2027,New,20,71290,74290,74290,82740,86940,78045,10,30
QC,Infiniti,QX65,2027,New,34,72540,73290,73290,80040,84240,76628,10,26
QC,Infiniti,QX80,2026,New,12,121590,121590,122725,131590,132670,124527,10,56
QC,Infiniti,QX80,2027,New,23,122590,122590,132590,134990,134990,129016,10,22
QC,Jaguar,F-PACE,2026,New,10,81346,82547,88262,93032,94522,87625,22,55
QC,Jeep,Cherokee,2014,Used,17,6988,7995,8990,9994,11069,8988,166521,38
QC,Jeep,Cherokee,2015,Used,24,7282,8802,9998,11236,11996,9862,151990,38
QC,Jeep,Cherokee,2016,Used,29,7371,9949,11987,13995,15092,11416,154657,29
QC,Jeep,Cherokee,2017,Used,23,8596,9897,12795,14995,18596,13029,146047,24
QC,Jeep,Cherokee,2018,Used,23,11989,12944,14494,15742,17766,14580,135000,26
QC,Jeep,Cherokee,2019,Used,55,13677,15747,17995,19972,21997,17991,113252,36
QC,Jeep,Cherokee,2020,Used,35,16877,18735,20000,21962,23597,20370,106904,39
QC,Jeep,Cherokee,2021,Used,49,19783,22489,24478,25988,26989,24038,79365,36
QC,Jeep,Cherokee,2022,Used,58,22961,26491,27991,29998,32143,28036,74277,32
QC,Jeep,Cherokee,2023,Used,22,28554,29995,32436,34265,37245,32617,33156,58
QC,Jeep,Cherokee,2026,New,994,47885,47885,49379,57762,58538,52520,10,53
QC,Jeep,Cherokee,2026,Used,38,43348,46885,48232,54458,57201,49978,2091,49
QC,Jeep,Cherokee,2027,New,19,48885,49380,49380,54880,55979,51949,,14
QC,Jeep,Compass,2018,Used,34,11292,13120,14985,16932,18270,14831,104516,35
QC,Jeep,Compass,2019,Used,14,12249,14818,16490,18540,19698,16423,91378,33
QC,Jeep,Compass,2021,Used,22,18719,19121,19995,22483,22998,20756,76160,48
QC,Jeep,Compass,2022,Used,48,19953,21370,23986,26503,30295,24304,58333,57
QC,Jeep,Compass,2023,Used,19,25278,25990,27295,27995,30589,27054,38392,59
QC,Jeep,Compass,2024,Used,28,23841,25746,27076,31242,35898,29398,35447,56
QC,Jeep,Compass,2025,New,33,35244,36449,38540,42330,43750,39259,2,59
QC,Jeep,Compass,2025,Used,43,28095,29991,31989,35145,39452,33039,12000,55
QC,Jeep,Compass,2026,New,306,36995,39190,42085,45772,48185,42543,10,58
QC,Jeep,Compass,2026,Used,27,33295,34754,35990,38698,39932,36748,5668,59
QC,Jeep,Gladiator,2021,Used,23,36075,37240,39989,41995,44154,39561,75151,39
QC,Jeep,Gladiator,2022,Used,24,35265,37976,39959,43620,44993,40772,60819,20
QC,Jeep,Gladiator,2023,Used,32,42525,43992,46345,49762,54995,47875,48303,53
QC,Jeep,Gladiator,2026,New,182,60002,61740,65235,74884,79936,67826,0,59
QC,Jeep,Gladiator,2026,Used,11,57565,59190,60380,70207,75990,64645,1035,52
QC,Jeep,Gladiator,2027,New,10,60776,61464,62010,70875,74538,66256,,9
QC,Jeep,Grand Cherokee,2015,Used,13,10184,11999,12495,12991,16199,12718,161345,36
QC,Jeep,Grand Cherokee,2016,Used,11,11995,14972,15990,18398,19495,16090,159635,24
QC,Jeep,Grand Cherokee,2017,Used,17,12464,13995,16295,17995,20070,16425,156950,25
QC,Jeep,Grand Cherokee,2018,Used,22,16534,17996,19245,21620,22878,20596,133260,20
QC,Jeep,Grand Cherokee,2019,Used,22,18995,20000,21998,25369,26886,22550,124650,38
QC,Jeep,Grand Cherokee,2020,Used,26,19642,24423,25495,30732,33490,28418,120342,50
QC,Jeep,Grand Cherokee,2021,Used,63,22672,24992,27991,30245,34603,28196,100610,27
QC,Jeep,Grand Cherokee,2022,Used,49,29895,32997,35795,38995,43197,36618,69265,47
QC,Jeep,Grand Cherokee,2023,Used,66,33394,37238,40991,46745,49992,41897,67004,50
QC,Jeep,Grand Cherokee,2024,Used,26,37560,38245,40753,43977,50264,42396,54250,40
QC,Jeep,Grand Cherokee,2025,New,17,56907,60600,65561,67255,73172,64909,0,62
QC,Jeep,Grand Cherokee,2025,Used,22,49995,52279,55941,61741,66684,57581,7062,52
QC,Jeep,Grand Cherokee,2026,New,373,65180,67180,69680,72665,76850,70819,10,55
QC,Jeep,Grand Cherokee,2026,Used,12,63995,66238,74682,83686,85211,74677,2275,53
QC,Jeep,Grand Cherokee,2027,New,14,71475,71475,76322,78031,87892,77164,,18
QC,Jeep,Grand Cherokee L,2021,Used,16,28442,32439,36973,38564,42938,36419,80840,36
QC,Jeep,Grand Cherokee L,2022,Used,15,30788,35198,37999,40497,43690,37983,82408,25
QC,Jeep,Grand Cherokee L,2023,Used,14,32984,36053,42988,49993,52690,43701,70414,50
QC,Jeep,Grand Cherokee L,2024,Used,20,37978,38962,40388,43753,47993,42683,70141,57
QC,Jeep,Grand Cherokee L,2025,New,14,60000,60819,61752,70230,70702,64301,10,62
QC,Jeep,Grand Cherokee L,2025,Used,13,50395,59895,63995,68995,80546,65248,17000,52
QC,Jeep,Grand Cherokee L,2026,New,83,69668,70875,73475,77449,80080,74296,10,58
QC,Jeep,Grand Cherokee L,2027,New,20,73916,75775,77680,89568,96330,81717,158,20
QC,Jeep,Grand Wagoneer,2026,New,23,96855,98530,104075,107168,119507,105005,10,51
QC,Jeep,Wagoneer,2022,Used,11,41995,43995,45478,49999,54895,47284,110079,39
QC,Jeep,Wagoneer,2025,New,23,70509,73674,78669,82112,86429,78489,13,58
QC,Jeep,Wrangler,2016,Used,16,15997,17340,18692,21618,23850,19552,131846,30
QC,Jeep,Wrangler,2017,Used,14,15233,17804,19482,19999,22664,19103,126960,25
QC,Jeep,Wrangler,2018,Used,23,18087,19495,22988,27472,29997,23637,119883,35
QC,Jeep,Wrangler,2019,Used,26,22398,23095,26248,28934,31250,26768,113500,26
QC,Jeep,Wrangler,2020,Used,23,23595,26448,30995,31995,35791,30058,81400,35
QC,Jeep,Wrangler,2021,Used,98,27489,29996,31996,33995,36642,32283,80316,33
QC,Jeep,Wrangler,2022,Used,96,31042,33895,35822,38499,40292,36147,69600,28
QC,Jeep,Wrangler,2023,Used,127,34995,36995,39895,42495,45935,40597,50190,33
QC,Jeep,Wrangler,2024,Used,112,35992,40134,45148,49814,57895,46491,33932,56
QC,Jeep,Wrangler,2025,New,27,55395,62942,64995,72068,75512,66069,10,58
QC,Jeep,Wrangler,2025,Used,58,47035,51121,57855,59995,65142,56492,7042,54
QC,Jeep,Wrangler,2026,New,539,55161,62374,67230,75418,94135,70876,10,56
QC,Jeep,Wrangler,2026,Used,44,54390,59975,64830,72002,77183,66254,5850,52
QC,Jeep,Wrangler,2027,New,47,59640,68468,73070,75175,85417,72114,25,8
QC,Kia,Carnival,2022,Used,22,29193,32258,33733,37741,38996,33820,78876,26
QC,Kia,Carnival,2023,Used,27,29764,31855,35969,37929,39675,35108,67106,33
QC,Kia,Carnival,2024,Used,52,31290,34495,36192,41119,42558,37233,57096,33
QC,Kia,Carnival,2025,Used,29,39986,40884,43991,47988,52835,45437,36123,34
QC,Kia,Carnival,2026,New,472,51130,53026,55529,59044,61494,55594,10,59
QC,Kia,Carnival,2027,New,141,51480,52029,54429,57429,59644,54795,10,10
QC,Kia,EV4,2026,New,90,40040,46282,52790,54178,54495,49650,10,62
QC,Kia,EV5,2027,New,51,48790,50012,52530,60296,61495,54114,10,18
QC,Kia,EV6,2023,Used,12,33004,35198,38488,40449,49175,41002,40848,23
QC,Kia,EV6,2024,Used,27,33551,34692,37495,42296,44315,38347,52469,22
QC,Kia,EV9,2026,New,280,64497,67461,73244,78454,82620,73550,10,58
QC,Kia,EV9,2026,Used,13,60327,61990,72745,77445,78572,70369,12300,38
QC,Kia,Forte,2015,Used,13,4959,5894,7888,8999,9850,7477,155000,19
QC,Kia,Forte,2016,Used,10,7932,7961,8496,9711,10194,8959,125423,17
QC,Kia,Forte,2017,Used,14,8305,9624,10491,10997,11993,10274,115698,20
QC,Kia,Forte,2018,Used,19,8247,9448,10888,13422,14520,11242,145242,24
QC,Kia,Forte,2019,Used,39,11926,12693,13498,14998,15995,13866,101154,24
QC,Kia,Forte,2020,Used,33,11109,12995,14895,15849,16894,14241,99994,12
QC,Kia,Forte,2021,Used,36,13238,13997,15488,16476,17797,15356,92918,19
QC,Kia,Forte,2022,Used,38,15490,17492,17990,18968,20146,17837,60652,22
QC,Kia,Forte,2023,Used,79,16989,18339,19950,20975,21950,19448,53387,30
QC,Kia,Forte,2024,Used,40,19678,20770,21495,21995,23520,21500,37494,13
QC,Kia,K4,2025,New,59,26968,29662,29787,31180,31384,30062,10,62
QC,Kia,K4,2025,Used,66,22124,23288,24144,25497,29144,24775,15980,53
QC,Kia,K4,2026,New,622,27179,27753,30955,34193,37380,31484,10,26
QC,Kia,Niro,2019,Used,14,12646,14228,15887,17757,18590,15771,112134,16
QC,Kia,Niro,2020,Used,15,16315,17732,18997,19996,20904,19058,118803,23
QC,Kia,Niro,2022,Used,10,20962,21914,23247,25746,27340,24051,87686,32
QC,Kia,Niro,2023,Used,12,26095,27662,28690,29245,29995,28433,53104,9
QC,Kia,Niro,2024,Used,14,28290,29595,30995,32562,32993,31110,45605,14
QC,Kia,Niro,2025,New,11,34895,35690,41595,42330,43842,39923,15,62
QC,Kia,Niro,2025,Used,15,29617,31495,33795,36144,44188,35363,20601,59
QC,Kia,Niro,2026,New,323,34086,38784,41911,46319,50885,42529,10,51
QC,Kia,Niro EV,2023,Used,13,27094,27980,28995,29880,30478,28683,46834,16
QC,Kia,Niro EV,2026,New,671,39982,42136,44968,50885,50980,46013,10,51
QC,Kia,Rio,2013,Used,12,2645,4370,4992,6520,7765,5228,166882,11
QC,Kia,Rio,2015,Used,11,5950,6997,7988,8852,8995,7618,138625,16
QC,Kia,Rio,2016,Used,13,7194,8900,9999,10495,11083,9516,115000,11
QC,Kia,Rio,2023,Used,10,16794,17120,17992,18916,19394,18211,69866,29
QC,Kia,Rio5,2018,Used,13,9995,11995,12995,13995,14414,12717,88350,24
QC,Kia,Rondo,2014,Used,10,5272,6071,6842,8491,8619,7012,151598,21
QC,Kia,Sedona,2020,Used,13,15286,16987,18998,21289,21881,18812,134200,25
QC,Kia,Seltos,2021,Used,80,16580,17394,18998,19999,21110,18884,81410,17
QC,Kia,Seltos,2022,Used,56,17146,19770,20995,22986,23978,21045,68085,22
QC,Kia,Seltos,2023,Used,120,18991,20990,22995,24815,26016,22893,55221,22
QC,Kia,Seltos,2024,Used,116,22497,23189,24995,27946,29700,25781,45152,23
QC,Kia,Seltos,2025,Used,46,25942,26995,27992,31374,34452,29128,28841,16
QC,Kia,Seltos,2026,New,26,30566,31966,38462,40669,42832,37075,10,62
QC,Kia,Seltos,2026,Used,25,28048,30995,31887,33295,36413,31999,13200,32
QC,Kia,Seltos,2027,New,508,31429,31819,33679,36779,41780,34991,10,4
QC,Kia,Sorento,2014,Used,12,6479,6873,7642,10244,10994,8368,133964,26
QC,Kia,Sorento,2016,Used,26,7900,9245,11046,12886,13734,11139,142470,29
QC,Kia,Sorento,2017,Used,34,9200,10971,12722,14990,15560,12633,138814,30
QC,Kia,Sorento,2018,Used,31,11985,13694,15490,17495,18589,15420,120744,38
QC,Kia,Sorento,2019,Used,56,12288,13953,15694,17996,19476,15949,129008,24
QC,Kia,Sorento,2020,Used,47,14995,17983,18698,21497,23495,19278,107281,18
QC,Kia,Sorento,2021,Used,49,21973,24160,25845,28999,30142,26037,88897,18
QC,Kia,Sorento,2022,Used,65,24655,26997,28840,30977,33748,29006,76099,23
QC,Kia,Sorento,2023,Used,69,26071,28542,30795,33904,36995,31267,67006,23
QC,Kia,Sorento,2024,Used,31,32595,34474,39289,41187,42995,37928,34824,27
QC,Kia,Sorento,2025,Used,88,36473,40215,43995,48270,51784,44415,22316,38
QC,Kia,Sorento,2026,New,528,46652,48136,49623,52353,59287,51410,10,51
QC,Kia,Sorento,2026,Used,13,46275,48844,49763,55995,59322,52196,7600,59
QC,Kia,Soul,2016,Used,25,6317,6999,8995,10488,11995,8987,125377,19
QC,Kia,Soul,2018,Used,17,7235,10975,11795,13990,14755,11631,106000,36
QC,Kia,Soul,2019,Used,12,9198,11358,11986,13218,13988,12138,109544,13
QC,Kia,Soul,2020,Used,33,13483,13498,14992,17495,18715,15412,82864,26
QC,Kia,Soul,2021,Used,18,14957,15466,16982,18974,25915,18178,91490,32
QC,Kia,Soul,2022,Used,45,17962,17996,19595,20995,22295,19852,63086,30
QC,Kia,Soul,2023,Used,29,17495,18695,21295,22900,23993,20836,58598,24
QC,Kia,Sportage,2017,Used,56,9247,10930,12216,13487,14995,12268,126786,21
QC,Kia,Sportage,2018,Used,53,10996,11998,12995,14999,16444,13506,125045,36
QC,Kia,Sportage,2019,Used,31,12995,14495,15995,16998,17495,15574,103637,26
QC,Kia,Sportage,2020,Used,67,14992,16144,17981,19495,20197,17808,88000,24
QC,Kia,Sportage,2021,Used,32,14025,16570,18786,19574,22065,18444,93052,22
QC,Kia,Sportage,2022,Used,42,18488,19985,21937,22970,25265,21649,76444,30
QC,Kia,Sportage,2023,Used,179,22994,24488,27490,30280,33755,27615,62580,23
QC,Kia,Sportage,2024,Used,106,24392,26984,30195,32216,34761,30063,41983,27
QC,Kia,Sportage,2025,Used,60,27595,29415,32245,38170,41714,33762,29646,23
QC,Kia,Sportage,2026,New,1437,37629,41429,44030,45394,48644,43527,10,51
QC,Kia,Sportage,2026,Used,67,34234,34995,37594,40495,44995,38176,12385,51
QC,Kia,Sportage,2027,New,587,44180,44879,47180,50430,51519,47481,10,10
QC,Kia,Telluride,2020,Used,15,18395,21695,24991,26974,27993,24599,138262,25
QC,Kia,Telluride,2022,Used,20,31977,34177,35736,37596,41047,35947,89468,38
QC,Kia,Telluride,2023,Used,49,37888,39695,41495,43301,45586,41697,70812,58
QC,Kia,Telluride,2024,Used,22,41004,41920,43458,45595,47064,44273,49703,32
QC,Land Rover,Defender,2023,Used,19,55120,59248,62900,75448,82995,67221,48302,35
QC,Land Rover,Defender,2024,Used,16,62242,66675,72442,79150,79948,72372,43000,35
QC,Land Rover,Defender,2025,Used,16,64988,65495,67897,84424,91400,74083,16694,52
QC,Land Rover,Defender,2026,New,132,96463,98608,109280,120448,138030,114457,65,40
QC,Land Rover,Defender,2026,Used,12,75145,79120,90442,100363,110684,91938,6248,52
QC,Land Rover,Range Rover,2026,New,47,155309,171238,182935,199812,213305,187027,50,39
QC,Land Rover,Range Rover Evoque,2026,New,25,70055,70955,72485,75312,77991,73406,90,53
QC,Land Rover,Range Rover Evoque,2026,Used,14,50445,53467,55900,65221,69095,58791,7448,58
QC,Land Rover,Range Rover Sport,2022,Used,12,48399,54278,65900,72897,85575,67030,59330,42
QC,Land Rover,Range Rover Sport,2026,New,107,112412,118356,129860,143602,160066,133879,50,52
QC,Land Rover,Range Rover Velar,2026,New,95,83308,85092,90964,95480,101040,91561,80,55
QC,Lexus,IS,2026,New,20,59810,62386,64485,69834,72898,65774,15,51
QC,Lexus,NX,2022,Used,23,39355,40914,43195,45948,48003,43908,59625,31
QC,Lexus,NX,2023,Used,13,37345,40525,45334,46424,47253,43198,61043,47
QC,Lexus,NX,2024,Used,32,44999,46742,48160,49882,51101,48129,52246,47
QC,Lexus,NX,2025,Used,17,45675,47639,52212,53995,56135,50814,27589,40
QC,Lexus,NX,2026,New,276,58035,59961,61502,66142,71635,63633,15,22
QC,Lexus,NX,2026,Used,38,57328,57884,60153,65568,73382,62528,2250,58
QC,Lexus,RX,2023,Used,18,47963,49229,52700,58618,60595,54007,62524,48
QC,Lexus,RX,2024,Used,42,50995,52774,54720,56316,62580,55907,36060,28
QC,Lexus,RX,2025,Used,10,55474,58495,65628,74753,81924,68159,10111,56
QC,Lexus,RX,2026,New,141,66250,67307,77335,81835,84917,76629,15,22
QC,Lexus,RX,2026,Used,24,64537,65403,68438,76215,83210,71979,4046,58
QC,Lexus,RZ,2026,New,51,69295,69945,72521,78522,79277,73825,15,54
QC,Lexus,RZ,2026,Used,17,65919,69968,71871,72521,77842,71327,1800,58
QC,Lexus,TX,2026,New,46,74913,77489,80540,87142,92565,82801,15,54
QC,Lexus,UX,2026,New,79,49228,50576,52814,56127,58703,53465,15,26
QC,Lincoln,Aviator,2026,New,114,74884,78321,84042,89093,95910,84319,10,58
QC,Lincoln,Aviator,2027,New,16,81000,81000,81000,96632,97445,86568,10,58
QC,Lincoln,Corsair,2022,Used,11,29995,30370,32425,33498,35495,33553,61504,42
QC,Lincoln,Corsair,2023,Used,10,36897,37248,38692,39745,42520,38982,53990,24
QC,Lincoln,Corsair,2025,New,10,58035,61122,63790,65748,67630,63361,18,62
QC,Lincoln,Corsair,2025,Used,21,49988,52955,55488,59460,63520,56954,4576,62
QC,Lincoln,Corsair,2026,New,14,61507,64688,67795,68482,71082,66467,10,62
QC,Lincoln,Nautilus,2023,Used,16,36020,38495,40990,41392,59126,43266,44317,50
QC,Lincoln,Nautilus,2026,New,194,60850,65188,69924,73313,77846,69563,10,39
QC,Lincoln,Nautilus,2026,Used,17,61945,65210,69990,73610,77451,69320,115,52
QC,Lincoln,Navigator,2026,New,15,115430,126404,131527,139920,145790,133214,20,62
QC,Lincoln,Navigator,2027,New,36,139494,141927,142924,146704,166170,147094,10,26
QC,MINI,3 Door,2026,New,44,43087,45616,50664,57788,58190,51326,90,50
QC,MINI,3 Door,2027,New,16,41422,41721,42572,43734,45221,43070,90,8
QC,MINI,5 Door,2026,New,30,42744,43854,45754,48934,51118,46418,90,50
QC,MINI,5 Door,2027,New,13,41172,41172,42151,43321,50771,43594,90,15
QC,MINI,Convertible,2026,New,32,50886,52745,54854,60136,64572,56434,90,50
QC,MINI,Cooper,2025,Used,15,33845,36900,40949,44400,49285,41390,10973,28
QC,MINI,Cooper,2026,New,21,38290,40740,48009,55759,56009,47669,90,28
QC,MINI,Cooper,2026,Used,19,44197,48084,51009,52834,53759,50135,90,28
QC,MINI,Cooper,2027,New,55,52209,53009,54459,57459,61109,55447,90,19
QC,MINI,Countryman,2024,Used,12,29719,31969,34724,36211,41372,34807,44316,50
QC,MINI,Countryman,2025,Used,28,38304,39487,42948,45520,47914,43712,15020,48
QC,MINI,Countryman,2026,New,11,51240,52992,58093,69851,69851,60727,90,46
QC,MINI,Countryman,2027,New,161,51990,54421,56072,59171,65572,57327,90,46
QC,Maserati,Grecale,2026,New,21,111553,112543,113912,117388,121533,116923,90,26
QC,Mazda,3 Sport,2024,Used,12,23685,24870,25740,29244,30350,26737,39520,16
QC,Mazda,3 Sport,2026,New,75,29013,29085,31180,35881,39948,32896,10,16
QC,Mazda,CX-3,2016,Used,20,9895,10997,12492,13344,14039,12220,146808,22
QC,Mazda,CX-3,2017,Used,16,10742,11870,12992,13718,15940,13032,148214,30
QC,Mazda,CX-3,2018,Used,16,12448,13944,14988,16877,18845,15297,134074,32
QC,Mazda,CX-3,2019,Used,46,13493,14807,16486,17857,19242,16321,122692,22
QC,Mazda,CX-3,2021,Used,16,18084,19718,20732,22245,23995,20891,71846,20
QC,Mazda,CX-3,2022,Used,10,19055,20687,21670,22168,23745,21383,60600,35
QC,Mazda,CX-30,2020,Used,12,17915,19741,21411,23614,24944,21536,71776,14
QC,Mazda,CX-30,2021,Used,34,18294,19995,21985,23990,24844,21884,75471,10
QC,Mazda,CX-30,2022,Used,32,21901,22984,24441,25995,26948,24465,68977,22
QC,Mazda,CX-30,2023,Used,68,23240,24478,25013,27995,29709,26057,51884,22
QC,Mazda,CX-30,2024,Used,95,25334,26247,27995,28995,31912,28014,34152,22
QC,Mazda,CX-30,2025,Used,59,27995,29495,30995,31495,35180,30992,7444,40
QC,Mazda,CX-30,2026,New,689,32095,34495,35585,41063,43945,37145,10,42
QC,Mazda,CX-30,2026,Used,41,31995,34795,36995,41340,43212,37796,30,52
QC,Mazda,CX-5,2014,Used,10,7894,8597,9249,9994,11124,9414,204500,20
QC,Mazda,CX-5,2016,Used,35,9679,11488,12987,14197,15977,12934,153611,17
QC,Mazda,CX-5,2017,Used,28,13486,14445,16479,17995,19170,16298,152610,18
QC,Mazda,CX-5,2018,Used,31,15990,17490,17999,19995,20429,18451,108128,12
QC,Mazda,CX-5,2019,Used,49,17392,17995,19882,21295,22195,19825,118827,21
QC,Mazda,CX-5,2020,Used,32,17045,18924,20990,22770,23998,20763,112104,29
QC,Mazda,CX-5,2021,Used,79,20989,21996,23907,24995,26577,23760,89562,31
QC,Mazda,CX-5,2022,Used,81,23499,24999,26995,27998,29450,26580,76000,26
QC,Mazda,CX-5,2023,Used,150,25389,26499,27998,29995,31990,28454,63240,24
QC,Mazda,CX-5,2024,Used,91,26995,28245,29844,31740,33990,30120,45400,22
QC,Mazda,CX-5,2025,New,19,39129,42040,44535,47045,48727,44171,10,62
QC,Mazda,CX-5,2025,Used,90,29267,30489,32498,35371,39815,33590,24418,34
QC,Mazda,CX-5,2026,New,1572,38790,39813,42313,46940,49440,43519,10,22
QC,Mazda,CX-5,2026,Used,49,38390,38790,41745,44840,48395,42195,20,52
QC,Mazda,CX-50,2023,Used,44,26418,28858,30995,33058,34349,30839,74599,31
QC,Mazda,CX-50,2024,Used,78,32995,34957,36595,37991,39981,36438,41285,30
QC,Mazda,CX-50,2025,Used,28,35990,36954,39995,41996,42983,39561,23292,48
QC,Mazda,CX-70,2025,Used,42,35982,38233,48488,53876,56846,47211,20693,26
QC,Mazda,CX-70,2026,New,508,54931,58256,61871,64606,69790,61795,10,34
QC,Mazda,CX-70,2026,Used,27,59993,61947,64195,67496,70895,64788,500,58
QC,Mazda,CX-9,2020,Used,10,21995,23606,24497,26495,28043,24891,114286,22
QC,Mazda,CX-9,2021,Used,13,23594,23995,25495,26795,28995,25854,97321,36
QC,Mazda,CX-9,2022,Used,30,24805,26028,28945,30995,32129,28782,79012,23
QC,Mazda,CX-9,2023,Used,21,28999,30448,31795,32995,33495,31761,76700,24
QC,Mazda,CX-90,2024,Used,64,33643,35964,38447,43184,44935,39222,61702,26
QC,Mazda,CX-90,2025,New,14,53793,55546,62576,66713,67718,61370,10,60
QC,Mazda,CX-90,2025,Used,45,36993,38110,49999,53998,57034,47721,23331,42
QC,Mazda,CX-90,2026,New,688,53395,57995,61327,65141,70640,61452,10,52
QC,Mazda,CX-90,2026,Used,20,57504,58729,61762,65527,67121,62078,30,58
QC,Mazda,MX-30,2022,Used,29,14950,15990,16995,17997,18995,16980,40303,24
QC,Mazda,MX-30,2023,Used,23,16995,17246,17998,20742,28419,19979,32000,43
QC,Mazda,MX-5,2026,New,66,40185,42692,44565,46106,48692,44360,10,52
QC,Mazda,MX-5,2026,Used,10,37366,39093,42708,43466,44154,41547,50,29
QC,Mazda,Mazda3,2016,Used,15,8194,8884,10990,12492,12910,10725,141874,21
QC,Mazda,Mazda3,2017,Used,14,9320,11240,12540,13746,15452,12383,132176,24
QC,Mazda,Mazda3,2018,Used,24,11134,12421,14486,14990,15732,13701,126208,12
QC,Mazda,Mazda3,2019,Used,32,14317,15498,16996,17995,19953,16956,108046,38
QC,Mazda,Mazda3,2020,Used,19,16796,18240,19888,20933,21198,19389,81864,36
QC,Mazda,Mazda3,2021,Used,22,16068,17672,19884,21866,22893,19791,91029,22
QC,Mazda,Mazda3,2022,Used,27,18694,19957,20995,23142,25962,21584,62660,18
QC,Mazda,Mazda3,2023,Used,40,21219,22371,24195,26116,28545,24435,55712,33
QC,Mazda,Mazda3,2024,Used,37,21997,22998,25795,27999,30868,26080,42127,29
QC,Mazda,Mazda3,2025,New,33,30849,31513,34745,37295,39540,34690,10,62
QC,Mazda,Mazda3,2025,Used,49,24192,25998,28295,31995,35396,29004,9630,56
QC,Mazda,Mazda3,2026,New,491,27763,28490,30795,35590,39395,32490,10,51
QC,Mazda,Mazda3,2026,Used,11,28757,34715,39062,41545,42800,37556,1000,62
QC,Mercedes-Benz,A-Class,2019,Used,12,18097,19373,20472,22526,22998,20620,91500,38
QC,Mercedes-Benz,A-Class,2022,Used,23,27097,28886,29975,31146,32974,29848,49000,29
QC,Mercedes-Benz,AMG GT,2026,New,11,175218,195620,211300,219500,232611,211191,90,51
QC,Mercedes-Benz,C-Class,2018,Used,14,19499,20615,23016,32146,38775,26370,90868,24
QC,Mercedes-Benz,C-Class,2023,Used,19,43605,44995,49895,58942,60574,51928,37617,29
QC,Mercedes-Benz,C-Class,2024,Used,11,36999,39372,43995,57497,68995,51144,29900,59
QC,Mercedes-Benz,C-Class,2026,New,129,71152,72485,77000,79000,84661,77939,90,51
QC,Mercedes-Benz,C-Class,2026,Used,51,70500,72331,76695,80571,82625,77270,5855,51
QC,Mercedes-Benz,CLA-Class,2023,Used,13,27196,28300,33888,47999,55719,39419,64179,30
QC,Mercedes-Benz,CLA-Class,2025,Used,18,35080,45147,54414,56731,57992,50300,11202,61
QC,Mercedes-Benz,CLA-Class,2026,New,78,54879,57050,59038,76265,85103,65208,90,58
QC,Mercedes-Benz,CLA-Class,2026,Used,79,52907,56637,57968,60158,72227,59617,6178,34
QC,Mercedes-Benz,CLE-Class,2026,New,32,81996,84219,89368,92339,109943,91852,90,51
QC,Mercedes-Benz,CLE-Class,2027,New,31,90500,92850,97330,117109,121250,103406,90,5
QC,Mercedes-Benz,E-Class,2023,Used,12,57385,64722,69670,71745,88391,69590,29649,42
QC,Mercedes-Benz,E-Class,2025,Used,10,68795,69218,78747,81995,90211,79153,14085,56
QC,Mercedes-Benz,E-Class,2026,New,65,90796,96475,105218,113644,141222,109640,90,51
QC,Mercedes-Benz,E-Class,2026,Used,19,83253,90233,102362,118557,131210,104029,2900,43
QC,Mercedes-Benz,E-Class,2027,New,14,91538,104430,107300,129798,140542,114477,90,6
QC,Mercedes-Benz,ESprinter,2025,New,14,90334,98716,116694,116694,117197,107585,90,28
QC,Mercedes-Benz,GLA-Class,2018,Used,17,14988,15888,17995,21998,41857,24352,112000,24
QC,Mercedes-Benz,GLA-Class,2019,Used,12,16050,18094,19330,20118,21833,19324,90476,32
QC,Mercedes-Benz,GLA-Class,2021,Used,13,26834,26990,29795,30995,36616,30388,68855,27
QC,Mercedes-Benz,GLA-Class,2022,Used,10,31799,32122,32997,34745,36495,34735,49378,39
QC,Mercedes-Benz,GLA-Class,2023,Used,21,30998,34495,35844,37495,38888,36408,43737,33
QC,Mercedes-Benz,GLA-Class,2026,New,268,59890,61817,63246,64496,66206,63416,90,51
QC,Mercedes-Benz,GLA-Class,2026,Used,96,58572,61323,63306,64370,66294,62389,5280,38
QC,Mercedes-Benz,GLB-Class,2021,Used,11,25495,27446,29299,29815,29995,29183,69995,59
QC,Mercedes-Benz,GLB-Class,2022,Used,15,27727,30483,31995,33448,35913,32629,57000,39
QC,Mercedes-Benz,GLB-Class,2024,Used,11,30999,31254,33499,36995,41444,36216,64094,59
QC,Mercedes-Benz,GLB-Class,2026,New,193,64147,66035,67480,68250,68835,66881,90,51
QC,Mercedes-Benz,GLB-Class,2026,Used,90,61188,63731,67067,68250,69544,65913,1526,51
QC,Mercedes-Benz,GLC-Class,2019,Used,20,20946,21971,28144,31996,34295,28367,101073,38
QC,Mercedes-Benz,GLC-Class,2020,Used,16,26595,27871,30737,36112,40486,32840,83514,40
QC,Mercedes-Benz,GLC-Class,2021,Used,11,29994,30597,39420,42945,47995,39968,67937,24
QC,Mercedes-Benz,GLC-Class,2022,Used,57,31504,34995,38989,45995,48877,40549,64000,35
QC,Mercedes-Benz,GLC-Class,2023,Used,50,44995,45995,47496,49754,54875,48537,55812,46
QC,Mercedes-Benz,GLC-Class,2024,Used,29,46709,50795,52887,55995,67215,54657,32100,33
QC,Mercedes-Benz,GLC-Class,2025,Used,14,55894,57720,60998,107390,109995,76879,19868,58
QC,Mercedes-Benz,GLC-Class,2026,New,267,72494,75300,78250,83668,87604,80461,90,51
QC,Mercedes-Benz,GLC-Class,2026,Used,117,69940,74095,77500,80222,85450,77581,5156,54
QC,Mercedes-Benz,GLC-Class,2027,New,201,73172,76450,79772,82550,86072,79716,90,17
QC,Mercedes-Benz,GLE-Class,2022,Used,20,49994,53998,59194,70995,93845,66523,62000,56
QC,Mercedes-Benz,GLE-Class,2023,Used,15,57873,64736,83808,94329,108310,81660,52831,34
QC,Mercedes-Benz,GLE-Class,2024,Used,21,69565,69995,77888,94900,104995,85550,35376,33
QC,Mercedes-Benz,GLE-Class,2025,Used,24,81573,86800,91995,99813,120495,96127,16855,59
QC,Mercedes-Benz,GLE-Class,2026,New,384,103550,107250,112546,133710,147651,119592,90,51
QC,Mercedes-Benz,GLE-Class,2026,Used,72,92257,101847,109516,122922,140028,112434,3552,51
QC,Mercedes-Benz,GLS-Class,2026,New,36,135156,140623,146028,162372,239918,167019,90,55
QC,Mercedes-Benz,Sprinter,2025,New,11,78260,81325,88083,95530,106725,88815,90,61
QC,Mercedes-Benz,Sprinter,2025,Used,36,54138,56985,69808,79248,92995,71053,4950,58
QC,Mercedes-Benz,Sprinter,2026,New,339,79227,82118,85908,93123,102871,88467,90,51
QC,Mercedes-Benz,Sprinter,2026,Used,56,75569,78902,83909,86658,98871,84538,301,51
QC,Mitsubishi,Eclipse Cross,2018,Used,21,13995,14497,16241,16995,17995,16064,93980,51
QC,Mitsubishi,Eclipse Cross,2019,Used,15,13991,14342,15888,18488,19219,16506,124636,22
QC,Mitsubishi,Eclipse Cross,2020,Used,22,15095,16696,17744,19724,20482,17829,97201,32
QC,Mitsubishi,Eclipse Cross,2022,Used,35,19986,20621,21886,23984,24785,22123,77747,32
QC,Mitsubishi,Eclipse Cross,2023,Used,37,19420,20992,22890,24800,26196,23160,59429,35
QC,Mitsubishi,Eclipse Cross,2024,Used,31,22995,24462,25886,28246,29099,26724,39880,43
QC,Mitsubishi,Eclipse Cross,2026,New,665,32538,33423,36338,39573,40973,36524,10,52
QC,Mitsubishi,Eclipse Cross,2026,Used,17,30768,34995,36659,40109,40409,36335,12,58
QC,Mitsubishi,Mirage,2022,Used,14,13658,13916,14488,14995,16045,14621,65708,12
QC,Mitsubishi,Mirage,2024,Used,15,17389,17992,18990,19430,19911,18749,30824,21
QC,Mitsubishi,Outlander,2016,Used,22,8094,9546,11488,13743,15614,11601,156474,23
QC,Mitsubishi,Outlander,2017,Used,20,8359,11516,12745,14472,16295,13027,140762,24
QC,Mitsubishi,Outlander,2018,Used,44,10614,13734,15995,18082,20330,15722,122475,36
QC,Mitsubishi,Outlander,2019,Used,27,12592,14692,15995,17398,19696,16107,125210,23
QC,Mitsubishi,Outlander,2020,Used,44,16165,17797,19940,20995,22404,19366,98000,24
QC,Mitsubishi,Outlander,2022,Used,48,22495,23799,24742,26990,27982,25054,87382,21
QC,Mitsubishi,Outlander,2023,Used,81,25998,28490,30995,34990,37490,31564,72928,22
QC,Mitsubishi,Outlander,2024,Used,142,28986,31070,33956,36489,38995,33868,40632,18
QC,Mitsubishi,Outlander,2025,New,14,45748,47197,48097,50804,53850,49408,50,57
QC,Mitsubishi,Outlander,2025,Used,59,31492,34744,40795,42992,45489,39331,25018,29
QC,Mitsubishi,Outlander,2026,New,1355,41860,45844,50699,56048,60874,51210,10,51
QC,Mitsubishi,Outlander,2026,Used,30,38713,42651,49071,52002,56498,47999,2500,56
QC,Mitsubishi,RVR,2016,Used,12,9995,10286,11478,11995,12894,11266,142156,37
QC,Mitsubishi,RVR,2017,Used,13,10958,10995,11998,14295,15380,12816,126611,10
QC,Mitsubishi,RVR,2018,Used,10,8795,10370,12240,12920,14144,11713,149448,46
QC,Mitsubishi,RVR,2019,Used,22,12525,14766,15494,16991,18884,15748,96757,20
QC,Mitsubishi,RVR,2020,Used,22,14165,16495,17988,19992,19995,18017,82317,36
QC,Mitsubishi,RVR,2021,Used,25,15992,16998,18297,19995,21675,18679,85084,33
QC,Mitsubishi,RVR,2022,Used,28,16698,17995,20938,21616,23091,20165,73848,46
QC,Mitsubishi,RVR,2023,Used,64,19556,20967,21992,23214,24831,22073,41844,23
QC,Mitsubishi,RVR,2024,Used,85,21434,22495,23980,24800,26521,23886,53459,49
QC,Mitsubishi,RVR,2025,Used,11,23985,25386,26989,29246,33497,27729,11803,56
QC,Mitsubishi,RVR,2026,New,227,29163,30055,31797,34533,37073,32505,10,54
QC,Nissan,Altima,2024,Used,18,25028,26718,28988,29972,30231,28364,23478,23
QC,Nissan,Ariya,2023,Used,18,28835,32706,35996,38590,39945,36767,53452,27
QC,Nissan,Ariya,2024,Used,22,33995,35505,40220,42993,45844,40734,30254,22
QC,Nissan,Ariya,2025,Used,11,39990,42948,44889,47242,52995,46943,15149,60
QC,Nissan,Ariya,2026,New,106,43752,50656,54998,56708,59698,53770,10,26
QC,Nissan,Armada,2026,New,35,93005,94222,98948,104654,105948,99312,10,58
QC,Nissan,Frontier,2022,Used,21,33494,36993,39288,40950,43989,38850,69735,23
QC,Nissan,Frontier,2023,Used,11,39900,40742,43443,44992,45786,42735,48100,24
QC,Nissan,Frontier,2026,New,16,59233,61723,62258,62478,62876,61729,10,17
QC,Nissan,Juke,2016,Used,10,8744,9366,11142,11783,12579,10631,114112,32
QC,Nissan,Kicks,2018,Used,12,10139,11791,12742,12996,13630,12126,130864,44
QC,Nissan,Kicks,2019,Used,51,12500,13222,13998,15196,15998,14073,92460,24
QC,Nissan,Kicks,2020,Used,42,12309,13995,14996,15994,17475,14938,90292,22
QC,Nissan,Kicks,2021,Used,59,15369,15995,16995,18172,19095,17074,63935,24
QC,Nissan,Kicks,2022,Used,29,15985,16105,17490,18495,18999,17396,67703,25
QC,Nissan,Kicks,2023,Used,75,17984,18995,20487,21995,22202,20332,39683,29
QC,Nissan,Kicks,2024,Used,465,20490,21495,22695,23995,24989,22648,24390,31
QC,Nissan,Kicks,2025,New,23,26195,28306,29589,31224,34335,30191,10,61
QC,Nissan,Kicks,2025,Used,104,23033,24074,25798,26996,27995,25679,14872,26
QC,Nissan,Kicks,2026,New,1864,29371,30878,31790,33648,34892,32158,10,60
QC,Nissan,Kicks,2026,Used,105,29797,31148,31695,32819,34798,32063,15,58
QC,Nissan,LEAF,2023,Used,28,20567,21785,23410,23995,25037,23039,54075,59
QC,Nissan,LEAF,2024,Used,26,24952,25620,26745,27495,27495,26429,26196,62
QC,Nissan,LEAF,2026,New,214,38627,42082,47904,50298,53150,46554,10,18
QC,Nissan,Micra,2015,Used,21,4990,5495,6995,7888,8069,6733,131434,24
QC,Nissan,Micra,2017,Used,26,7995,8760,8996,11370,11995,9797,84104,22
QC,Nissan,Micra,2018,Used,12,9979,10731,11492,12982,12994,11531,73179,12
QC,Nissan,Micra,2019,Used,43,11734,12620,12999,13988,14991,13165,87809,15
QC,Nissan,Murano,2015,Used,10,8990,10819,11244,11966,13195,11400,131538,12
QC,Nissan,Murano,2016,Used,10,8793,11144,12900,13920,15695,12505,121258,24
QC,Nissan,Murano,2018,Used,14,12837,13118,15741,18194,18877,16248,124927,45
QC,Nissan,Murano,2019,Used,17,16595,17448,18695,18988,18995,17887,110000,33
QC,Nissan,Murano,2021,Used,18,21985,21995,22994,25296,26596,23861,73676,59
QC,Nissan,Murano,2023,Used,12,27505,27772,29912,32457,32975,29837,60783,59
QC,Nissan,Murano,2025,Used,17,41475,43495,47152,47995,53995,47075,9957,59
QC,Nissan,Pathfinder,2017,Used,10,11669,11991,13995,16294,17300,14195,139902,30
QC,Nissan,Pathfinder,2018,Used,12,12992,13746,13996,17120,17579,14615,119362,24
QC,Nissan,Pathfinder,2019,Used,13,15995,16495,17126,18995,20756,17710,115480,18
QC,Nissan,Pathfinder,2020,Used,12,19089,20366,21835,22979,25599,21807,102729,48
QC,Nissan,Pathfinder,2022,Used,24,27646,30369,32992,34901,35334,32407,81870,24
QC,Nissan,Pathfinder,2023,Used,34,30801,34239,37490,39982,41955,36297,61093,24
QC,Nissan,Pathfinder,2024,Used,68,37515,38995,41995,44956,47536,42397,42536,37
QC,Nissan,Pathfinder,2026,New,44,59548,63048,63998,64531,65013,63307,10,16
QC,Nissan,Qashqai,2017,Used,24,10647,11827,13220,14495,14931,12946,109768,24
QC,Nissan,Qashqai,2018,Used,51,10299,11742,12990,14492,15477,12936,118235,25
QC,Nissan,Qashqai,2019,Used,58,12989,13996,15392,15989,17607,15178,95191,30
QC,Nissan,Qashqai,2020,Used,38,14995,15571,15995,17493,18567,16445,82912,31
QC,Nissan,Qashqai,2021,Used,73,16453,16987,17995,19289,19995,18219,73249,22
QC,Nissan,Qashqai,2022,Used,47,18955,19314,20904,22991,23995,21029,48777,33
QC,Nissan,Qashqai,2023,Used,195,19498,20944,22495,23995,24995,22405,34281,40
QC,Nissan,Rogue,2014,Used,11,5495,5745,7980,10210,10495,7805,146125,24
QC,Nissan,Rogue,2015,Used,21,6795,7950,8989,9995,11888,8932,141625,22
QC,Nissan,Rogue,2016,Used,26,5988,8115,9995,12141,12972,10957,152697,24
QC,Nissan,Rogue,2017,Used,33,9792,9995,12444,13495,14231,11967,132467,23
QC,Nissan,Rogue,2018,Used,38,10682,11690,13995,15648,16420,13662,109971,34
QC,Nissan,Rogue,2019,Used,52,12493,13495,14940,15987,17534,14778,113702,28
QC,Nissan,Rogue,2020,Used,54,13282,15489,16321,18374,19824,16644,103744,38
QC,Nissan,Rogue,2021,Used,105,18069,18995,19995,21495,22945,20235,86818,23
QC,Nissan,Rogue,2022,Used,58,19993,20986,22989,24863,26130,22899,63982,58
QC,Nissan,Rogue,2023,Used,654,23989,25480,26495,27995,28995,26545,35147,54
QC,Nissan,Rogue,2024,Used,223,23997,24995,26993,28920,31995,27422,34347,51
QC,Nissan,Rogue,2025,Used,63,27554,28942,32987,35994,37925,32847,16000,59
QC,Nissan,Rogue,2026,New,1646,36679,37278,39819,44478,50645,41952,10,51
QC,Nissan,Rogue,2026,Used,98,33995,37090,38889,41258,49438,40006,50,61
QC,Nissan,Sentra,2017,Used,21,6495,7978,8995,10494,11987,9236,133500,31
QC,Nissan,Sentra,2018,Used,20,8987,10369,11997,13606,14095,11930,102172,36
QC,Nissan,Sentra,2020,Used,16,12245,14146,15395,16248,18496,15204,72317,34
QC,Nissan,Sentra,2021,Used,51,15300,15993,16995,17995,18995,17075,70367,24
QC,Nissan,Sentra,2022,Used,49,16495,16995,18289,19140,19992,18279,59379,19
QC,Nissan,Sentra,2023,Used,37,17836,18995,19995,20995,22370,20065,33399,51
QC,Nissan,Sentra,2024,Used,139,19480,20833,21995,22985,23995,21808,27990,32
QC,Nissan,Sentra,2025,New,22,27472,28066,29399,30286,30792,29121,10,62
QC,Nissan,Sentra,2025,Used,32,21903,22794,23995,24995,27895,24390,10000,49
QC,Nissan,Sentra,2026,New,515,29468,29882,30718,31868,33033,31022,10,61
QC,Nissan,Sentra,2026,Used,20,27096,28375,30026,31620,32915,29875,15,58
QC,Nissan,Versa,2015,Used,10,5968,6914,7422,8560,8953,7525,149021,34
QC,Nissan,Versa,2017,Used,11,6499,6992,6999,9474,9995,8073,128000,38
QC,Nissan,Versa,2018,Used,10,9598,9991,10462,10966,12172,10642,98580,26
QC,Nissan,Versa,2019,Used,14,10758,12102,13495,14595,15358,13226,88868,27
QC,Nissan,Versa,2021,Used,26,13736,14496,15592,16720,16982,15411,66462,34
QC,Nissan,Versa,2022,Used,10,15370,15809,16988,17577,18088,16761,56907,48
QC,Nissan,Versa,2023,Used,10,16630,16994,17396,17920,20323,18456,54200,58
QC,Nissan,Versa,2024,Used,15,16314,17745,18495,19295,21933,18797,49212,59
QC,Nissan,Versa,2025,Used,20,21995,21995,22970,22995,22995,22613,4405,38
QC,Polestar,Polestar 2,2024,Used,63,33500,33500,33500,34999,39598,34850,18613,24
QC,Polestar,Polestar 2,2025,Used,25,41197,46999,48999,49999,51999,48755,13704,0
QC,Polestar,Polestar 4,2026,New,22,75013,81200,82800,86000,86400,82353,15,36
QC,Porsche,Cayenne,2026,New,14,131467,132920,135002,143009,152769,139081,150,36
QC,Porsche,Macan,2018,Used,10,22234,24166,28242,31995,32270,27846,126535,24
QC,Porsche,Macan,2023,Used,17,48748,53964,57888,66995,80105,61190,56919,28
QC,Porsche,Macan,2024,Used,14,63892,67870,80335,88061,92306,79742,30161,32
QC,Porsche,Macan,2026,New,15,90773,91316,91573,92526,111682,98649,59,36
QC,Ram,1500,2014,Used,15,9995,11445,13990,16982,19570,14131,174409,22
QC,Ram,1500,2015,Used,13,8196,9989,14995,24999,33254,17609,192000,36
QC,Ram,1500,2016,Used,19,13859,14994,17995,20795,24880,18354,145000,24
QC,Ram,1500,2017,Used,51,14950,16844,19999,23995,25995,20113,145101,40
QC,Ram,1500,2018,Used,36,18992,20745,22998,26211,29995,24032,132120,25
QC,Ram,1500,2019,Used,63,23195,25997,29995,33392,36993,29776,123000,33
QC,Ram,1500,2020,Used,54,27026,29768,33472,39495,42995,34142,102218,38
QC,Ram,1500,2021,Used,39,27573,30948,37950,41934,43979,35757,88410,39
QC,Ram,1500,2022,Used,108,31997,37596,41690,48995,52890,43551,84912,34
QC,Ram,1500,2023,Used,60,32991,39994,47618,52996,58010,46750,61385,43
QC,Ram,1500,2024,Used,12,48996,51995,54247,57392,59124,54692,47710,42
QC,Ram,1500,2025,New,19,70516,70815,73210,86535,96568,80904,10,58
QC,Ram,1500,2025,Used,75,53395,56860,59997,68246,84091,65125,20158,58
QC,Ram,1500,2026,New,1965,67380,73980,83225,89215,98000,84132,10,55
QC,Ram,1500,2026,Used,55,65950,72910,82760,92862,97670,83602,1426,58
QC,Ram,1500,2027,New,341,70435,74315,83780,85960,98575,83724,21,13
QC,Ram,1500 Classic,2019,Used,39,21395,23994,25000,28685,30199,26478,114680,24
QC,Ram,1500 Classic,2020,Used,19,24934,26488,28989,30692,31398,28538,107457,27
QC,Ram,1500 Classic,2021,Used,49,26492,28975,30985,33995,35996,31392,93837,24
QC,Ram,1500 Classic,2022,Used,56,29499,32745,35622,38995,41395,35741,76230,22
QC,Ram,1500 Classic,2023,Used,74,32008,33978,34995,38998,42867,36594,70050,23
QC,Ram,2500,2018,Used,11,27888,33364,36000,38700,40995,36545,137310,24
QC,Ram,2500,2019,Used,11,36991,37491,44995,45755,49495,43313,166918,36
QC,Ram,2500,2020,Used,23,34502,39498,44441,47993,53410,43824,142046,22
QC,Ram,2500,2021,Used,10,45489,46595,48998,57624,60991,51976,138264,28
QC,Ram,2500,2022,Used,47,47596,51488,55798,62872,66997,56325,84191,43
QC,Ram,2500,2023,Used,40,54899,59999,66492,70498,77086,66589,81696,58
QC,Ram,2500,2024,Used,50,58985,64770,68694,75997,85296,70777,41309,58
QC,Ram,2500,2025,Used,16,67434,79870,86995,88988,92495,82539,20269,46
QC,Ram,2500,2026,New,672,87117,92935,98958,110418,119454,101573,10,58
QC,Ram,2500,2026,Used,20,78820,82624,95995,107965,121056,97176,7455,45
QC,Ram,2500,2027,New,170,97190,99105,106102,108095,127242,106839,10,8
QC,Ram,3500,2022,Used,17,55389,57490,60995,63795,69597,61709,72051,39
QC,Ram,3500,2024,Used,16,55495,59371,63442,73710,78998,66010,51165,59
QC,Ram,3500,2026,New,142,91314,96850,107328,118122,127389,107156,10,58
QC,Ram,3500,2027,New,21,106010,108400,111315,134915,137650,116955,10,18
QC,Ram,ProMaster,2023,Used,16,34898,36374,38486,40468,41997,38147,61047,33
QC,Ram,ProMaster,2025,New,23,57995,59200,65777,68598,76788,66145,10,59
QC,Ram,ProMaster,2025,Used,79,45854,46995,50990,58995,65103,55946,2225,47
QC,Ram,ProMaster,2026,New,136,69760,72990,82498,83895,85106,79282,10,58
QC,Ram,ProMaster,2027,New,30,66665,71210,73572,78415,82079,74199,15,31
QC,Subaru,Ascent,2019,Used,19,17570,18995,19994,21746,22995,20077,122288,24
QC,Subaru,Ascent,2022,Used,16,26238,26868,28982,32245,34495,29645,81437,59
QC,Subaru,Ascent,2023,Used,31,28998,30995,33795,36740,38995,33872,63000,36
QC,Subaru,Ascent,2024,Used,18,31695,36136,36993,40862,43067,38179,61002,58
QC,Subaru,Crosstrek,2017,Used,12,12990,13373,14990,15349,15767,14507,135908,23
QC,Subaru,Crosstrek,2019,Used,24,13636,14868,16752,19120,20348,16934,137786,24
QC,Subaru,Crosstrek,2020,Used,17,16675,19295,20995,21995,25591,21645,111421,19
QC,Subaru,Crosstrek,2021,Used,38,18842,20339,22618,23995,26004,22601,93806,20
QC,Subaru,Crosstrek,2022,Used,12,23519,23848,25245,25996,27705,25979,74824,34
QC,Subaru,Crosstrek,2023,Used,31,22893,24995,25995,27518,28945,25969,66034,19
QC,Subaru,Crosstrek,2024,Used,147,25692,26994,27997,29991,31494,28441,49407,10
QC,Subaru,Crosstrek,2025,Used,23,29195,32845,32995,36880,38352,33371,11391,25
QC,Subaru,Crosstrek,2026,New,338,33457,35990,37957,41210,43408,38645,10,20
QC,Subaru,Crosstrek,2026,Used,28,32990,32990,37490,40919,42990,37571,22,22
QC,Subaru,Forester,2017,Used,13,11995,12995,15888,17488,19518,15342,145680,24
QC,Subaru,Forester,2018,Used,16,14967,16718,17936,19246,20495,17795,109259,23
QC,Subaru,Forester,2019,Used,20,13692,16354,18238,20120,21017,17930,128290,24
QC,Subaru,Forester,2020,Used,15,14697,19496,20495,23914,24415,20650,119459,29
QC,Subaru,Forester,2021,Used,19,23767,24519,26283,26995,28374,25892,73254,20
QC,Subaru,Forester,2022,Used,14,21394,23821,25494,32373,33435,27079,101392,45
QC,Subaru,Forester,2023,Used,24,25197,28744,29745,32188,32994,29356,54830,22
QC,Subaru,Forester,2024,Used,24,28494,28972,33804,35946,37728,33125,50036,26
QC,Subaru,Forester,2025,Used,44,33644,34995,38647,42556,44027,39104,21876,20
QC,Subaru,Forester,2026,New,215,40358,42178,46356,51090,51368,46142,10,27
QC,Subaru,Forester,2026,Used,24,36590,41590,43566,44090,46090,42481,25,54
QC,Subaru,Impreza,2014,Used,10,5709,6962,7995,8570,9495,7679,155396,38
QC,Subaru,Impreza,2016,Used,11,7555,9745,10888,11644,14995,10924,130721,37
QC,Subaru,Impreza,2017,Used,17,8061,8937,12500,13995,15096,11651,133000,25
QC,Subaru,Impreza,2018,Used,14,9458,11371,13438,14590,16275,13105,135130,23
QC,Subaru,Impreza,2019,Used,19,13795,14397,15995,17296,18337,15824,106547,29
QC,Subaru,Impreza,2020,Used,15,15861,16236,17950,19478,19955,17966,95600,24
QC,Subaru,Impreza,2022,Used,20,17575,17995,19122,20757,21645,19131,85582,32
QC,Subaru,Impreza,2023,Used,12,22635,23348,23735,24995,25037,23993,49178,31
QC,Subaru,Impreza,2024,Used,38,23785,24988,26474,26995,28647,26138,33524,25
QC,Subaru,Impreza,2025,Used,11,28028,29304,30190,31097,32495,30272,9917,59
QC,Subaru,Impreza,2026,New,14,33936,34297,35950,36404,36419,35138,10,47
QC,Subaru,Outback,2017,Used,11,12250,12878,14988,17188,18995,14959,149000,39
QC,Subaru,Outback,2018,Used,23,13995,15197,16995,19994,20479,17363,120246,24
QC,Subaru,Outback,2019,Used,17,13695,18494,19769,20998,22755,18836,108254,15
QC,Subaru,Outback,2020,Used,29,19481,20200,22595,24993,26198,22431,122676,25
QC,Subaru,Outback,2021,Used,15,24039,25024,25995,26992,26997,25886,94000,33
QC,Subaru,Outback,2022,Used,37,23815,25795,27995,29995,32781,28089,83004,29
QC,Subaru,Outback,2023,Used,31,23995,26742,28995,30445,32749,28856,86241,37
QC,Subaru,Outback,2024,Used,68,27684,29945,33994,35995,37324,33224,61811,25
QC,Subaru,Outback,2025,Used,16,34992,36518,39243,43958,44794,39999,31766,40
QC,Subaru,Outback,2026,New,217,47475,50590,51376,53590,54057,51281,10,28
QC,Subaru,Outback,2026,Used,14,43290,43290,50590,51500,53235,48166,1005,39
QC,Subaru,Trailseeker,2026,New,14,57470,58097,60744,63390,63679,60539,10,28
QC,Subaru,WRX,2017,Used,10,12629,14871,18745,19995,29575,19040,112086,24
QC,Subaru,WRX,2018,Used,12,15995,16740,19792,22446,27485,20520,119050,45
QC,Subaru,WRX,2020,Used,14,20235,22592,24974,35066,39745,30562,92962,24
QC,Subaru,WRX,2022,Used,14,24931,26790,27992,29367,29995,27804,65520,26
QC,Subaru,WRX,2023,Used,26,26996,28182,28997,29995,31994,29365,52333,26
QC,Subaru,WRX,2024,Used,41,29861,30995,33342,35997,37250,33767,28276,26
QC,Subaru,WRX,2026,New,21,40790,45790,46257,51057,52607,47157,10,29
QC,Tesla,Model 3,2022,Used,17,27795,28997,34888,35290,40517,33717,73959,24
QC,Tesla,Model 3,2023,Used,17,28810,29995,30960,34888,38585,32553,52745,16
QC,Tesla,Model Y,2023,Used,15,33184,34492,37997,43192,44510,38643,85777,9
QC,Tesla,Model Y,2024,Used,10,38889,39218,41496,50969,52950,44513,44818,10
QC,Toyota,4Runner,2025,Used,16,63754,65721,68988,73243,74479,68955,20822,21
QC,Toyota,C-HR,2018,Used,11,13990,16245,17988,19446,19995,17512,98495,19
QC,Toyota,C-HR,2019,Used,13,16651,17495,17995,19498,20714,18515,96925,18
QC,Toyota,C-HR,2020,Used,10,18632,19870,21880,22730,24039,21298,97616,12
QC,Toyota,C-HR,2021,Used,20,21955,22985,23661,23995,24860,23513,66136,24
QC,Toyota,C-HR,2026,New,11,40945,46862,48201,50192,51662,47264,10,10
QC,Toyota,Camry,2018,Used,11,19495,21620,23988,24646,24995,23643,89117,33
QC,Toyota,Camry,2019,Used,10,17293,19373,22745,23868,26144,21895,68144,22
QC,Toyota,Camry,2020,Used,19,19398,23995,25995,28616,30055,25474,71290,36
QC,Toyota,Camry,2023,Used,19,27073,28390,29995,32892,33799,30543,69170,31
QC,Toyota,Camry,2024,Used,10,28326,29118,31497,32747,32954,30900,51508,25
QC,Toyota,Camry,2025,Used,14,35150,37513,38942,42612,44898,39639,26756,59
QC,Toyota,Camry,2026,New,19,40401,40818,43081,48751,49597,44657,10,10
QC,Toyota,Corolla,2014,Used,23,8995,9742,10995,12389,13556,11056,174000,16
QC,Toyota,Corolla,2015,Used,13,9579,9995,12598,13300,14079,11859,142612,15
QC,Toyota,Corolla,2016,Used,25,11837,12988,13995,14950,15457,13727,128851,30
QC,Toyota,Corolla,2017,Used,32,14616,15145,15937,16772,17952,15964,102602,10
QC,Toyota,Corolla,2018,Used,42,15490,15906,16861,17672,18994,16840,99601,14
QC,Toyota,Corolla,2019,Used,33,14995,16498,17495,18900,19880,17526,94085,16
QC,Toyota,Corolla,2020,Used,38,17931,19420,20316,21370,22825,20303,85723,16
QC,Toyota,Corolla,2021,Used,72,18495,19570,21488,22990,23994,21359,73308,22
QC,Toyota,Corolla,2022,Used,75,19893,20989,21995,22995,24142,22000,66164,22
QC,Toyota,Corolla,2023,Used,90,21995,22987,23988,25372,28179,24624,54327,28
QC,Toyota,Corolla,2024,Used,72,23489,24768,25944,26995,28984,25919,38128,24
QC,Toyota,Corolla,2025,Used,42,25908,27121,29492,32180,34399,29967,21056,35
QC,Toyota,Corolla,2026,New,239,27801,28060,28981,30883,33126,30020,10,24
QC,Toyota,Corolla,2026,Used,16,28653,29000,29692,29980,33311,30265,1884,30
QC,Toyota,Corolla Cross,2022,Used,21,24794,25893,26995,28995,30869,27380,64716,19
QC,Toyota,Corolla Cross,2023,Used,16,27997,29928,29996,30895,33493,30536,43934,14
QC,Toyota,Corolla Cross,2024,Used,25,29467,29874,31993,33995,37766,32662,34500,22
QC,Toyota,Corolla Cross,2025,Used,10,31374,32481,33645,35740,37139,34051,30378,56
QC,Toyota,Corolla Cross,2026,New,33,31779,32610,34080,34855,35244,34014,10,10
QC,Toyota,Corolla Hatchback,2026,New,24,27829,29727,30633,32937,34116,30870,10,40
QC,Toyota,Corolla Hatchback,2027,New,12,29446,29446,30484,31344,32050,30389,10,19
QC,Toyota,Crown,2026,New,31,60935,61506,63331,63582,64486,62804,10,39
QC,Toyota,GR Corolla,2026,New,17,52708,53971,60398,61293,62576,58418,10,18
QC,Toyota,Grand Highlander,2024,Used,12,49195,50998,54995,56490,58799,54735,62048,22
QC,Toyota,Highlander,2017,Used,10,20898,24109,24988,26745,30145,25392,143994,24
QC,Toyota,Highlander,2018,Used,15,22195,23804,26995,30945,30995,27267,143500,18
QC,Toyota,Highlander,2020,Used,11,24495,30395,33489,35466,39913,32883,129750,12
QC,Toyota,Highlander,2021,Used,17,33989,35939,37995,39950,41773,37818,87256,18
QC,Toyota,Highlander,2022,Used,20,33895,38564,40745,42982,44543,39979,74529,30
QC,Toyota,Highlander,2023,Used,20,39692,40788,42146,44201,45939,42179,68080,56
QC,Toyota,Highlander,2024,Used,18,43345,44448,46222,49721,53600,48019,45501,50
QC,Toyota,Prius,2020,Used,13,19996,21495,22245,23995,25889,22575,92849,10
QC,Toyota,Prius,2021,Used,13,22081,22495,22995,23932,27310,23664,94154,19
QC,Toyota,Prius,2024,Used,22,31072,33942,34700,35818,36995,34616,40094,23
QC,Toyota,Prius,2025,Used,22,33989,34896,37247,39496,41799,37832,19911,59
QC,Toyota,Prius,2026,New,15,42098,43192,47000,47492,49862,45897,14,51
QC,Toyota,Prius,2027,New,44,41357,43390,44009,44944,49156,44867,10,5
QC,Toyota,RAV4,2013,Used,10,11350,12596,13991,13995,14696,13398,160312,14
QC,Toyota,RAV4,2015,Used,22,13034,13784,14888,16359,17775,15244,159343,22
QC,Toyota,RAV4,2016,Used,29,12748,15688,17488,18995,21122,17136,145514,21
QC,Toyota,RAV4,2017,Used,52,15906,17290,18970,20334,22944,19025,145631,30
QC,Toyota,RAV4,2018,Used,57,17995,18988,19988,21995,23611,20530,128788,23
QC,Toyota,RAV4,2019,Used,74,21896,24496,26991,29366,30996,26810,105404,22
QC,Toyota,RAV4,2020,Used,51,24995,25995,27995,30992,32995,28621,94786,23
QC,Toyota,RAV4,2021,Used,119,25995,27694,31893,34996,38913,31895,88895,22
QC,Toyota,RAV4,2022,Used,106,27995,30109,32995,36926,38936,33281,77304,24
QC,Toyota,RAV4,2023,Used,191,32888,35210,38883,42499,44995,38826,60453,31
QC,Toyota,RAV4,2024,Used,159,33394,34917,37995,43498,46995,39280,47153,30
QC,Toyota,RAV4,2025,Used,99,35735,37612,40899,44942,50991,42136,26218,42
QC,Toyota,RAV4,2026,New,50,40495,47258,53832,58622,60436,52463,10,10
QC,Toyota,Sienna,2017,Used,10,17361,20374,24121,27609,28999,23783,146438,30
QC,Toyota,Sienna,2025,Used,15,51685,53495,57422,62469,64588,57681,24699,16
QC,Toyota,Sienna,2026,New,12,53376,54110,56000,60610,65922,58348,9,3
QC,Toyota,Tacoma,2019,Used,14,34995,35118,36492,40721,44643,38578,126240,36
QC,Toyota,Tacoma,2020,Used,11,36795,38948,39900,42444,43960,40402,96277,18
QC,Toyota,Tacoma,2021,Used,14,34506,37320,41689,43745,44486,40370,87958,26
QC,Toyota,Tacoma,2022,Used,16,38948,39995,41744,42961,43442,41360,85061,24
QC,Toyota,Tacoma,2023,Used,30,39881,42371,45995,47998,51138,45809,58158,24
QC,Toyota,Tacoma,2024,Used,30,46969,47495,48995,51739,54899,50344,37188,20
QC,Toyota,Tacoma,2025,Used,19,48886,51493,55495,59742,68415,57441,17825,19
QC,Toyota,Tacoma,2026,New,162,54005,54904,59448,67695,70179,62207,10,25
QC,Toyota,Tundra,2022,Used,24,42082,44987,46992,50119,51996,47627,72754,26
QC,Toyota,Tundra,2023,Used,38,46194,48482,54246,59205,63326,53818,58258,28
QC,Toyota,Tundra,2024,Used,34,49276,51049,55995,59370,64578,56478,45558,33
QC,Toyota,Tundra,2025,Used,13,55509,58800,66995,71587,72995,64640,26242,21
QC,Toyota,Tundra,2026,New,239,65524,68866,78970,83219,90862,77826,10,51
QC,Toyota,Tundra,2026,Used,23,63115,66490,80440,85543,90060,77931,8000,42
QC,Toyota,Venza,2021,Used,14,28071,29145,30247,32666,37080,31312,101446,20
QC,Toyota,Venza,2024,Used,13,35096,38245,41495,42488,44781,40397,48182,37
QC,Toyota,Yaris,2018,Used,15,13693,15094,16950,16995,18392,15840,92498,16
QC,Toyota,Yaris,2020,Used,11,12988,16995,18990,20992,20997,18268,86436,32
QC,Toyota,bZ,2026,New,177,48230,55002,58693,61930,63224,57230,10,25
QC,Toyota,bZ,2026,Used,14,37596,54472,58759,61204,61920,54895,1146,42
QC,Toyota,bZ4X,2023,Used,14,26508,27118,28196,29674,30688,28594,61252,22
QC,Volkswagen,Atlas,2018,Used,20,14994,16932,18519,20113,22045,19296,134620,56
QC,Volkswagen,Atlas,2019,Used,15,16594,17995,21889,23736,25596,20958,128656,23
QC,Volkswagen,Atlas,2021,Used,35,21991,23995,25995,28846,29893,26383,109365,24
QC,Volkswagen,Atlas,2022,Used,28,24997,26955,29472,31024,32176,29168,100079,42
QC,Volkswagen,Atlas,2023,Used,23,30597,33442,34893,36278,37498,34661,72615,42
QC,Volkswagen,Atlas,2024,Used,57,35231,37995,41887,42995,46995,41000,52948,25
QC,Volkswagen,Atlas,2025,New,10,53945,54362,58332,62295,64722,58787,90,60
QC,Volkswagen,Atlas,2025,Used,38,42995,45840,49995,53931,59644,50236,16925,59
QC,Volkswagen,Atlas,2026,New,200,61796,62470,64444,65226,66045,63889,25,58
QC,Volkswagen,Atlas,2026,Used,21,60620,61995,63545,65120,66195,63046,2598,42
QC,Volkswagen,Atlas Cross Sport,2020,Used,15,20372,21486,22995,23998,26145,23261,106712,22
QC,Volkswagen,Atlas Cross Sport,2021,Used,22,20534,21867,25742,26997,29995,25132,99474,36
QC,Volkswagen,Atlas Cross Sport,2022,Used,18,24874,27868,31242,32371,34340,30230,82430,30
QC,Volkswagen,Atlas Cross Sport,2023,Used,10,29495,31992,33940,35372,38094,33513,77365,31
QC,Volkswagen,Atlas Cross Sport,2024,Used,38,33879,36453,39595,42334,43173,39246,55000,50
QC,Volkswagen,Atlas Cross Sport,2025,Used,15,43094,45860,49997,52455,56148,49681,9930,59
QC,Volkswagen,Atlas Cross Sport,2026,New,316,60445,61370,63445,64070,64770,63016,25,58
QC,Volkswagen,Atlas Cross Sport,2026,Used,14,58290,59894,63098,64114,64995,62003,826,62
QC,Volkswagen,Beetle,2018,Used,11,18423,19995,20499,21991,21999,20406,96300,42
QC,Volkswagen,GLI,2027,New,15,37689,38868,39618,39668,40202,39208,15,1
QC,Volkswagen,Golf,2015,Used,16,5904,8121,9245,11103,11742,9215,151248,35
QC,Volkswagen,Golf,2016,Used,17,7152,7995,9780,11977,12195,9723,158000,24
QC,Volkswagen,Golf,2017,Used,21,7999,8991,11477,12995,14995,11274,156500,26
QC,Volkswagen,Golf,2018,Used,26,9744,12119,14492,15993,16995,14051,131948,20
QC,Volkswagen,Golf,2019,Used,34,12355,14121,16124,18864,20557,16224,122507,24
QC,Volkswagen,Golf,2021,Used,17,17493,17629,18995,20980,21393,19319,90904,16
QC,Volkswagen,Golf GTI,2019,Used,11,17000,18245,19888,20986,20998,19461,122241,22
QC,Volkswagen,Golf GTI,2023,Used,10,28889,29120,30242,31729,34295,30988,54100,34
QC,Volkswagen,Golf GTI,2024,Used,17,32292,33988,34995,35500,38795,35299,24370,20
QC,Volkswagen,Golf GTI,2026,New,63,40695,41286,44210,45220,45910,43440,50,36
QC,Volkswagen,Golf R,2024,Used,17,39671,41577,43995,46497,47888,44025,36702,10
QC,Volkswagen,Golf R,2025,Used,29,48886,48995,51995,52995,54989,51734,10051,31
QC,Volkswagen,Golf R,2026,New,57,55395,55918,57518,59568,60310,57683,25,18
QC,Volkswagen,Golf R,2026,Used,10,54886,55322,56458,57747,59184,56717,3453,48
QC,Volkswagen,ID.4,2021,Used,11,24989,25238,27495,28942,30995,29696,72200,25
QC,Volkswagen,ID.4,2023,Used,24,28995,31242,33133,33890,35328,33723,58307,20
QC,Volkswagen,ID.4,2024,New,11,57969,58169,58669,60169,60265,59374,52,27
QC,Volkswagen,ID.4,2024,Used,18,34995,36182,39395,41748,46291,39715,43208,22
QC,Volkswagen,Jetta,2015,Used,11,3995,6942,6999,7742,9995,7119,160751,37
QC,Volkswagen,Jetta,2016,Used,10,4990,6168,6995,7666,10138,7293,190306,35
QC,Volkswagen,Jetta,2017,Used,20,7000,8869,11122,11995,13589,10554,137494,20
QC,Volkswagen,Jetta,2019,Used,42,12815,13591,14995,16358,17906,14900,104512,18
QC,Volkswagen,Jetta,2020,Used,17,14793,17495,17969,18975,20816,17973,102312,17
QC,Volkswagen,Jetta,2021,Used,22,15091,17280,19844,21740,21995,19474,76882,24
QC,Volkswagen,Jetta,2022,Used,33,18187,20691,21990,23449,24995,21831,48290,31
QC,Volkswagen,Jetta,2023,Used,40,19846,20928,21792,23440,25495,22036,53384,31
QC,Volkswagen,Jetta,2024,Used,36,21642,22487,24209,26604,29880,24895,52260,42
QC,Volkswagen,Jetta,2025,New,17,30345,31020,32440,35315,36968,33028,10,62
QC,Volkswagen,Jetta,2025,Used,50,23994,25495,26692,29860,31529,27452,6892,56
QC,Volkswagen,Jetta,2026,New,358,29645,30396,31070,32543,34670,31887,50,51
QC,Volkswagen,Jetta,2026,Used,26,27895,29920,32192,35376,35745,32100,1015,47
QC,Volkswagen,Jetta,2027,New,98,31945,32720,33667,34813,37995,34080,90,1
QC,Volkswagen,Taos,2022,Used,96,18998,19890,21488,22988,23992,21391,63232,24
QC,Volkswagen,Taos,2023,Used,58,19994,21740,23019,24148,26148,23407,55003,34
QC,Volkswagen,Taos,2024,Used,96,22713,23937,25995,29909,31497,26797,45934,34
QC,Volkswagen,Taos,2025,New,15,36415,40820,41270,42410,43427,40786,52,42
QC,Volkswagen,Taos,2025,Used,71,26461,28465,30995,34648,37995,31837,21000,59
QC,Volkswagen,Taos,2026,New,499,35481,40170,41193,42200,42944,40574,25,62
QC,Volkswagen,Taos,2026,Used,68,33819,35982,38956,40958,42170,38434,2600,42
QC,Volkswagen,Taos,2027,New,66,34870,35643,38856,40944,41866,38285,54,2
QC,Volkswagen,Tiguan,2014,Used,10,5950,7491,7994,8866,9099,7934,146082,15
QC,Volkswagen,Tiguan,2015,Used,15,7968,8930,9799,10495,12190,9763,132215,24
QC,Volkswagen,Tiguan,2016,Used,15,8193,8990,9990,11490,12295,10323,133778,24
QC,Volkswagen,Tiguan,2017,Used,24,8263,10505,12245,12995,14993,11947,129802,30
QC,Volkswagen,Tiguan,2018,Used,51,9995,12321,14495,15995,18240,14227,136315,24
QC,Volkswagen,Tiguan,2019,Used,43,12987,14945,16992,19196,21276,17069,107889,25
QC,Volkswagen,Tiguan,2020,Used,39,14716,16242,17752,18993,21437,17782,107000,26
QC,Volkswagen,Tiguan,2021,Used,56,16742,18990,20240,21994,24340,20530,94374,26
QC,Volkswagen,Tiguan,2022,Used,121,20497,22000,23985,25995,27995,24341,78927,32
QC,Volkswagen,Tiguan,2023,Used,67,23460,24690,25995,28222,30987,26366,66735,37
QC,Volkswagen,Tiguan,2024,Used,135,25489,25998,29495,30996,33495,29138,57441,54
QC,Volkswagen,Tiguan,2025,New,10,38795,39632,40622,42876,44620,41322,30,62
QC,Volkswagen,Tiguan,2025,Used,27,32705,34492,35990,38720,42116,36804,9026,54
QC,Volkswagen,Tiguan,2026,New,1325,40568,43070,46593,48438,51138,45803,25,42
QC,Volkswagen,Tiguan,2026,Used,66,40406,41990,44545,48382,52641,45432,3745,58
QC,Volvo,EX30,2026,New,42,50580,51580,51640,52174,53070,51884,90,11
QC,Volvo,EX40,2026,New,14,69945,70546,72184,74480,78297,73210,10,51
QC,Volvo,V60 Cross Country,2026,New,19,66490,66761,68085,69602,70702,68305,10,51
QC,Volvo,XC40,2019,Used,10,17792,19339,20492,21995,23295,20730,110880,35
QC,Volvo,XC40,2020,Used,16,21472,24120,26495,28400,30892,26306,77563,51
QC,Volvo,XC40,2021,Used,11,21997,25392,28998,30488,31899,27585,77211,38
QC,Volvo,XC40,2022,Used,24,26945,29846,31395,33118,34345,30998,69660,20
QC,Volvo,XC40,2023,Used,25,30312,31995,33795,34995,36583,33803,65901,33
QC,Volvo,XC40,2024,Used,14,38013,39972,41242,45734,63000,45497,23381,51
QC,Volvo,XC40,2026,New,250,56319,57375,58570,60725,61549,58561,10,51
QC,Volvo,XC40,2026,Used,51,53205,56635,58254,59402,60744,57759,5600,42
QC,Volvo,XC60,2019,Used,11,19980,21745,24999,26948,28995,24574,105266,24
QC,Volvo,XC60,2020,Used,12,21647,23730,26495,29995,36295,27458,111986,34
QC,Volvo,XC60,2021,Used,11,27995,28667,28995,30919,33995,29893,92693,38
QC,Volvo,XC60,2022,Used,70,30537,34717,36716,39683,40995,36521,69330,42
QC,Volvo,XC60,2023,Used,50,34979,37916,41894,44958,49708,42019,61388,42
QC,Volvo,XC60,2024,Used,32,42040,43956,45638,48593,51110,46385,42886,27
QC,Volvo,XC60,2026,New,115,63123,68065,75045,88685,96193,78257,10,51
QC,Volvo,XC60,2026,Used,49,63174,64695,68925,75766,90829,72640,7027,51
QC,Volvo,XC60,2027,New,163,67294,70180,72780,75275,78298,72779,10,18
QC,Volvo,XC90,2022,Used,23,34589,38289,39978,44379,48711,41290,75000,40
QC,Volvo,XC90,2023,Used,10,41828,43243,48443,52849,55835,48450,64288,42
QC,Volvo,XC90,2024,Used,57,52601,53895,56486,61180,63397,57000,45632,42
QC,Volvo,XC90,2025,Used,26,64564,69213,72997,73900,74445,71269,28650,51
QC,Volvo,XC90,2026,New,92,86320,89334,94632,98532,100176,93547,10,51
QC,Volvo,XC90,2026,Used,37,68240,83980,91985,96939,100616,88335,6780,51
QC,Volvo,XC90,2027,New,79,86975,88500,90609,93852,97141,91323,10,32
SK,Acura,ADX,2026,New,22,53880,54880,55528,56849,59880,57238,30,29
SK,Acura,MDX,2026,New,20,75385,79782,84901,87194,97901,84835,22,14
SK,Audi,Q3,2026,New,22,57013,62423,65272,86265,86265,70968,69,58
SK,Audi,Q5,2025,New,11,65262,65262,66162,69026,70462,67434,141,58
SK,Audi,Q5,2025,Used,15,51169,51990,54990,58140,65066,56736,14675,58
SK,Audi,Q5,2026,New,28,67430,68746,72395,75372,76392,71893,24,58
SK,BMW,X1,2026,New,28,61354,63590,67324,68752,73500,67000,90,44
SK,BMW,X2,2026,New,14,64604,68058,69128,72099,77350,70238,90,58
SK,BMW,X3,2026,New,17,71645,74474,77545,80524,85492,78070,90,25
SK,Buick,Enclave,2026,New,86,66438,68008,71463,79302,80570,72819,8,55
SK,Buick,Enclave,2027,New,15,69471,70241,71909,76385,81399,73416,8,23
SK,Buick,Encore GX,2026,New,96,35532,36936,38420,41031,42169,38824,7,52
SK,Buick,Envision,2023,Used,15,29207,32409,36820,38900,40900,34405,46895,36
SK,Buick,Envision,2024,Used,10,36881,37182,37948,38669,38928,37948,39906,36
SK,Buick,Envision,2026,New,434,48467,49761,51754,54436,55136,51977,6,42
SK,Buick,Envista,2026,New,94,32251,33318,34833,35691,36290,34552,4,42
SK,Cadillac,XT5,2026,New,18,65184,68804,70546,73462,75411,70427,6,18
SK,Chevrolet,Blazer,2026,New,64,48140,49833,56023,59580,60904,54985,5,22
SK,Chevrolet,Bolt,2027,New,28,35888,38156,42126,43868,46510,41269,6,23
SK,Chevrolet,Colorado,2026,New,54,53482,56985,59354,63078,67853,59957,12,15
SK,Chevrolet,Corvette,2027,New,11,92789,93204,107654,142834,165422,119401,90,24
SK,Chevrolet,Equinox,2019,Used,11,12995,14612,17900,20400,21658,17628,140130,38
SK,Chevrolet,Equinox,2022,Used,16,20448,22323,23978,26772,29448,23915,72446,33
SK,Chevrolet,Equinox,2024,Used,20,25886,26777,27652,29622,32938,28688,51520,26
SK,Chevrolet,Equinox,2026,New,26,38618,42377,45566,47137,48176,44464,18,54
SK,Chevrolet,Equinox,2026,Used,21,36930,37945,38976,39599,40694,38854,28217,24
SK,Chevrolet,Equinox,2027,New,170,39798,41654,44626,48703,50336,44741,11,22
SK,Chevrolet,Malibu,2024,Used,12,22646,23649,24492,25995,28067,24951,44958,48
SK,Chevrolet,Silverado,2026,New,37,66287,69766,74379,96172,106182,81586,9,24
SK,Chevrolet,Silverado 1500,2017,Used,12,21539,24029,25950,28316,29684,25351,175952,38
SK,Chevrolet,Silverado 1500,2018,Used,17,21294,22726,27499,33870,37347,29680,165000,12
SK,Chevrolet,Silverado 1500,2020,Used,18,30292,35665,39491,43747,45296,39056,154303,40
SK,Chevrolet,Silverado 1500,2021,Used,25,23794,31777,36987,39998,45581,36176,143002,34
SK,Chevrolet,Silverado 1500,2022,Used,33,39735,41997,46998,49997,55477,48266,110578,29
SK,Chevrolet,Silverado 1500,2023,Used,37,37998,41900,51272,56975,61229,50116,82500,27
SK,Chevrolet,Silverado 1500,2024,Used,90,46389,49911,55232,60900,64058,54798,60150,43
SK,Chevrolet,Silverado 1500,2025,Used,30,46893,50380,59754,65911,69909,58514,32494,48
SK,Chevrolet,Silverado 1500,2026,New,461,61874,66675,72554,78851,85888,73281,16,25
SK,Chevrolet,Silverado 1500,2026,Used,27,52863,54266,57428,58273,65822,58100,4,31
SK,Chevrolet,Silverado 1500 LTD,2022,Used,10,39886,41095,45858,46759,47546,44385,108369,24
SK,Chevrolet,Silverado 2500HD,2026,New,54,81720,86850,99114,107181,112572,98027,90,14
SK,Chevrolet,Silverado 3500HD,2026,New,34,96274,97686,104278,111758,115314,104387,16,18
SK,Chevrolet,Suburban,2026,New,50,96895,105415,111516,116788,117922,109989,8,24
SK,Chevrolet,Tahoe,2026,New,63,88324,98506,105218,110580,116135,104137,8,43
SK,Chevrolet,TrailBlazer,2024,Used,16,26199,27184,28418,29042,31165,28612,63502,30
SK,Chevrolet,TrailBlazer,2026,New,65,34636,36256,38661,40043,41072,38141,10,17
SK,Chevrolet,Traverse,2019,Used,10,15640,22242,24392,24997,25848,22674,155442,50
SK,Chevrolet,Traverse,2026,New,41,59533,63689,68953,70623,71988,67055,16,58
SK,Chevrolet,Traverse,2027,New,86,58048,61742,65440,68756,72916,64873,6,11
SK,Chevrolet,Trax,2025,Used,10,25503,26180,26928,26997,27950,26551,27068,45
SK,Chevrolet,Trax,2026,New,203,29039,30017,31233,32565,33565,31244,10,42
SK,Chrysler,Grand Caravan,2026,New,18,47670,48225,49464,49994,50676,49231,11,59
SK,Chrysler,Grand Caravan,2027,New,22,50195,50315,50692,50861,51080,50650,10,59
SK,Chrysler,Pacifica,2025,Used,13,44959,47995,49825,50800,54989,50061,7989,21
SK,Chrysler,Pacifica,2026,New,25,57027,58780,62875,63180,64976,61576,5,62
SK,Chrysler,Pacifica,2027,New,62,55230,58814,61928,63346,69456,62283,18,58
SK,Dodge,Charger,2026,New,43,65044,70684,77665,85862,88935,77594,25,59
SK,Dodge,Durango,2021,Used,13,25520,29424,33398,35483,38997,32683,118217,39
SK,Dodge,Durango,2022,Used,12,29458,30729,34900,37994,41413,35307,101518,38
SK,Dodge,Durango,2023,Used,12,36298,41343,45026,46984,56899,49570,62466,36
SK,Dodge,Durango,2025,Used,14,49878,50512,56948,61175,64400,59855,21081,38
SK,Dodge,Durango,2026,New,174,58576,63778,66120,68874,73645,66212,16,59
SK,Dodge,Durango,2026,Used,12,55484,56380,61655,65498,73305,62407,1128,58
SK,Dodge,Hornet,2024,Used,36,33969,35884,39995,41924,43960,39442,13071,54
SK,Ford,Bronco,2022,Used,12,37195,39490,42342,46826,48519,42789,65896,36
SK,Ford,Bronco,2023,Used,10,44660,55995,56658,59241,63195,55813,33200,43
SK,Ford,Bronco,2024,Used,13,48923,49650,49893,55795,63177,55484,35414,17
SK,Ford,Bronco,2025,New,17,53197,58505,70915,79225,93799,73095,44,47
SK,Ford,Bronco,2025,Used,10,48945,53628,56997,66980,68802,59160,12254,42
SK,Ford,Bronco,2026,New,123,56599,60670,66853,75428,88493,71389,16,43
SK,Ford,Bronco Sport,2021,Used,11,17995,20376,23995,25996,26900,23401,105679,23
SK,Ford,Bronco Sport,2022,Used,17,21536,25561,26750,29651,30707,27024,89014,30
SK,Ford,Bronco Sport,2023,Used,25,26558,28491,31395,33700,36075,31422,58297,43
SK,Ford,Bronco Sport,2024,Used,44,27996,29624,31303,34480,35966,32287,39824,47
SK,Ford,Bronco Sport,2025,New,14,38691,40570,45539,48242,51614,45134,15,58
SK,Ford,Bronco Sport,2025,Used,33,31700,33495,38446,45349,49150,39729,12314,43
SK,Ford,Bronco Sport,2026,New,524,37129,39054,42309,46665,51044,43401,11,43
SK,Ford,Edge,2019,Used,14,14948,18121,20818,23706,24630,20635,113250,36
SK,Ford,Edge,2020,Used,12,18235,20500,23076,26307,26986,22915,137623,34
SK,Ford,Edge,2021,Used,12,21199,24425,25948,28400,31781,26296,92722,24
SK,Ford,Edge,2022,Used,24,24277,25993,27248,29123,29895,27389,109205,42
SK,Ford,Edge,2024,Used,25,29997,30995,31998,35862,37538,33290,71211,43
SK,Ford,Escape,2017,Used,19,9499,10450,13490,15998,17094,13460,157023,37
SK,Ford,Escape,2018,Used,17,11595,12995,14900,15995,19065,14945,150810,37
SK,Ford,Escape,2020,Used,18,13692,15724,20398,22367,23205,19053,113354,15
SK,Ford,Escape,2021,Used,11,13999,16448,20720,23748,25499,20273,108213,24
SK,Ford,Escape,2022,Used,19,19798,22464,24799,26160,30196,24412,92953,28
SK,Ford,Escape,2023,Used,10,24435,28221,29444,30971,33017,29003,79370,24
SK,Ford,Escape,2024,Used,21,28707,29900,30927,32890,43617,32461,57051,27
SK,Ford,Escape,2025,New,10,38194,40232,46879,50442,53445,45920,20,59
SK,Ford,Escape,2025,Used,15,32598,33478,33999,34899,37557,34624,44976,24
SK,Ford,Expedition,2024,Used,12,57849,62947,66498,69849,72695,66951,97460,38
SK,Ford,Expedition,2026,New,19,91232,103465,109012,114583,120218,108402,20,59
SK,Ford,Expedition,2027,New,27,103105,109645,114140,116690,119149,112208,12,33
SK,Ford,Explorer,2017,Used,11,11995,15495,16495,17700,18990,16660,194771,31
SK,Ford,Explorer,2018,Used,12,16960,17871,22846,24995,24995,21863,161576,38
SK,Ford,Explorer,2020,Used,20,20999,23746,26249,28886,30545,25993,136900,34
SK,Ford,Explorer,2021,Used,20,29513,31941,32997,36256,40809,34317,104774,43
SK,Ford,Explorer,2022,Used,21,24400,29399,33900,38761,43923,33813,115000,38
SK,Ford,Explorer,2023,Used,24,32644,37592,40950,43247,44626,39696,82800,39
SK,Ford,Explorer,2025,Used,21,43748,46900,52979,56995,59999,51969,30427,42
SK,Ford,Explorer,2026,New,225,54446,58895,61380,66845,69478,62151,11,43
SK,Ford,Explorer,2027,New,47,61455,65140,69215,73454,77476,69214,12,29
SK,Ford,F-150,2018,Used,26,17995,23849,26748,30772,35622,27445,182373,28
SK,Ford,F-150,2019,Used,26,21988,27421,36986,38946,44989,34400,128879,24
SK,Ford,F-150,2020,Used,21,26998,28995,35579,39999,44900,35571,140108,27
SK,Ford,F-150,2021,Used,31,26997,35002,39999,43950,51998,40776,142468,37
SK,Ford,F-150,2022,Used,43,33996,40384,45980,53136,57526,46733,100562,22
SK,Ford,F-150,2023,Used,85,36760,46999,54199,59995,65295,53822,82635,38
SK,Ford,F-150,2024,Used,70,47959,51247,57870,66998,79099,62025,43703,24
SK,Ford,F-150,2025,Used,37,53999,57800,69995,75249,82995,71113,25416,43
SK,Ford,F-150,2026,New,880,67222,71986,80824,88975,100141,83029,15,36
SK,Ford,F-150,2026,Used,16,67416,69960,85430,89925,104415,85494,6362,60
SK,Ford,F-250,2026,New,30,75306,84158,95253,107411,116116,96421,12,43
SK,Ford,F-350,2026,New,90,85143,96029,105700,118471,126687,105557,14,42
SK,Ford,Maverick,2026,New,107,41919,44248,46483,49334,51691,46638,15,39
SK,Ford,Mustang,2026,New,47,46176,48600,61724,69948,83496,70326,12,52
SK,Ford,Ranger,2021,Used,10,32799,34209,34991,35745,37021,34773,94180,32
SK,Ford,Ranger,2025,New,11,54600,58184,58904,61634,78970,62724,80,59
SK,Ford,Ranger,2026,New,106,51346,53960,57906,64316,85025,62047,10,43
SK,Ford,Super Duty,2026,New,12,92035,101937,108522,110642,114568,105571,19,38
SK,Ford,Super Duty F-250 SRW,2026,New,13,89956,92487,94079,107187,119057,99290,8,35
SK,Ford,Super Duty F-350 SRW,2026,New,49,85735,95391,103089,115173,119915,104325,18,34
SK,Ford,Transit,2026,New,31,72099,75096,80824,91988,94255,82985,22,47
SK,GMC,Acadia,2023,Used,13,33278,35918,37990,43990,45718,39305,58613,37
SK,GMC,Acadia,2024,Used,13,45738,46859,48990,58685,59436,51217,53631,51
SK,GMC,Acadia,2026,New,42,61536,63720,67560,70463,76559,67685,15,57
SK,GMC,Acadia,2027,New,19,62200,64872,69804,77900,80834,70811,5,16
SK,GMC,Canyon,2026,New,66,57706,59735,62866,67544,71669,63634,10,27
SK,GMC,Savana,2026,New,13,52930,55399,56675,60408,63711,57972,5,56
SK,GMC,Sierra,2026,New,89,65558,70288,78598,95758,107195,82777,7,24
SK,GMC,Sierra 1500,2019,Used,10,23466,32388,36346,38674,44119,35185,129871,33
SK,GMC,Sierra 1500,2020,Used,10,36309,41570,47445,48650,50986,45953,106733,55
SK,GMC,Sierra 1500,2021,Used,31,32820,39467,44997,49330,52990,43644,117567,43
SK,GMC,Sierra 1500,2022,Used,25,37057,43987,49930,52995,57428,48252,94904,24
SK,GMC,Sierra 1500,2023,Used,23,44899,45132,54900,57834,59418,52339,83968,38
SK,GMC,Sierra 1500,2024,Used,76,45962,51780,58860,63924,70448,58139,57995,54
SK,GMC,Sierra 1500,2025,Used,23,59996,61798,66900,73948,80700,68544,41390,43
SK,GMC,Sierra 1500,2026,New,422,66678,71198,79033,89017,98772,80807,7,43
SK,GMC,Sierra 1500,2026,Used,10,59874,62155,70042,80315,91107,73588,10004,22
SK,GMC,Sierra 1500 Limited,2022,Used,10,42688,46174,49363,52608,54900,48876,102604,42
SK,GMC,Sierra 2500,2026,New,14,95413,99862,105284,111242,122940,106992,10,62
SK,GMC,Sierra 2500HD,2024,Used,11,46900,71140,84900,90995,95900,75160,70140,36
SK,GMC,Sierra 2500HD,2026,New,58,87777,102180,108364,119561,121943,108217,10,47
SK,GMC,Sierra 3500HD,2026,New,51,101930,108014,113291,121421,123916,111998,10,42
SK,GMC,Terrain,2023,Used,14,26542,27394,28747,31995,32696,29514,61042,32
SK,GMC,Terrain,2024,Used,30,27382,28961,30550,32916,34640,30670,48184,40
SK,GMC,Terrain,2026,New,24,40371,41826,47090,49472,52511,46531,15,53
SK,GMC,Terrain,2027,New,170,43153,47606,50500,52538,54276,49762,5,21
SK,GMC,Yukon,2023,Used,23,60776,68716,75790,79710,86185,73579,90452,50
SK,GMC,Yukon,2026,New,110,104076,108646,118008,125475,133910,118359,10,42
SK,Genesis,GV70,2026,Used,13,73100,73500,73500,73600,82000,74968,22,39
SK,Honda,Accord,2026,New,11,43392,46573,51047,51678,52309,49186,10,56
SK,Honda,CR-V,2024,Used,27,36434,37531,39195,43969,46030,40533,59471,25
SK,Honda,CR-V,2025,Used,12,39930,41384,43448,45232,45983,43465,44122,40
SK,Honda,CR-V,2026,New,202,43475,46044,49486,51300,55874,49168,12,42
SK,Honda,Civic,2025,Used,10,28964,31992,32166,32704,34156,32016,35196,34
SK,Honda,Civic,2026,New,65,32675,37063,38249,42170,43513,38264,12,8
SK,Honda,HR-V,2027,New,40,36400,40819,42419,43747,45170,41540,12,41
SK,Honda,Odyssey,2026,New,15,58427,64585,66314,66460,66524,64337,11,54
SK,Honda,Pilot,2026,New,18,65558,68822,69640,70929,71152,68895,10,38
SK,Honda,Ridgeline,2026,New,20,56580,59153,61223,62578,63868,60546,11,35
SK,Hyundai,Elantra,2025,Used,15,24927,25644,25995,27464,31583,27767,48251,25
SK,Hyundai,Elantra,2026,New,72,29158,30416,31999,35464,37143,33278,11,46
SK,Hyundai,Kona,2025,Used,26,28422,29859,30994,32958,39402,32211,33151,36
SK,Hyundai,Kona,2026,New,51,33672,34223,37224,41622,43298,38165,12,54
SK,Hyundai,Kona,2027,New,29,36099,37049,38198,39322,39587,38140,10,9
SK,Hyundai,Palisade,2023,Used,11,35538,37582,41990,44910,46998,41013,68474,15
SK,Hyundai,Palisade,2026,New,53,64699,65422,67422,68999,70546,67125,12,28
SK,Hyundai,Santa Cruz,2025,Used,16,38896,39444,39997,40980,43508,40584,37955,52
SK,Hyundai,Santa Fe,2017,Used,11,14499,15249,16636,18948,19900,16847,133971,15
SK,Hyundai,Santa Fe,2020,Used,10,13845,19266,21049,21997,24274,20082,133623,34
SK,Hyundai,Santa Fe,2023,Used,11,25995,26338,30763,33900,35908,30629,91530,38
SK,Hyundai,Santa Fe,2024,Used,11,42498,42881,42998,43748,45990,43795,39284,28
SK,Hyundai,Santa Fe,2025,Used,15,41289,43982,44998,49950,52727,47009,33627,58
SK,Hyundai,Santa Fe,2026,New,62,49708,52722,59649,61998,63048,57234,12,36
SK,Hyundai,Sonata,2026,New,12,41029,41115,41543,42248,42338,41363,10,47
SK,Hyundai,Tucson,2017,Used,10,13665,14735,16699,16968,17814,16118,148282,34
SK,Hyundai,Tucson,2019,Used,10,15595,16072,17496,18774,19391,17457,116209,8
SK,Hyundai,Tucson,2023,Used,11,26299,27991,28996,30722,31750,29267,71051,42
SK,Hyundai,Tucson,2025,Used,12,33065,33914,34344,38706,45715,37574,36430,38
SK,Hyundai,Tucson,2026,New,191,40422,41999,47848,51526,52848,46938,12,46
SK,Hyundai,Tucson,2026,Used,32,39904,40943,44008,45663,52741,44440,2362,58
SK,Hyundai,Venue,2025,Used,14,22960,22996,23094,23895,25330,23831,44678,26
SK,Hyundai,Venue,2026,New,34,24399,26586,28323,29223,31365,27930,12,43
SK,Infiniti,QX50,2025,Used,13,41176,48930,51896,51896,51896,48899,59,55
SK,Infiniti,QX60,2026,New,12,72727,72770,75026,77358,80727,75800,15,56
SK,Infiniti,QX65,2027,New,15,75630,75785,76277,82535,82830,78432,15,39
SK,Jeep,Cherokee,2019,Used,15,10796,14448,18900,20968,23371,17607,142388,26
SK,Jeep,Cherokee,2022,Used,10,22798,25624,29199,31998,34995,28787,82244,30
SK,Jeep,Cherokee,2026,New,288,47266,48180,51948,56472,59244,52315,20,58
SK,Jeep,Cherokee,2026,Used,10,44899,47332,50427,52898,54559,50486,1246,59
SK,Jeep,Compass,2018,Used,11,14987,15492,16900,19997,21700,18119,125506,37
SK,Jeep,Compass,2024,Used,33,28990,29900,30875,32998,35153,31469,35583,43
SK,Jeep,Compass,2025,Used,17,29321,29990,33900,37140,42506,34787,5609,59
SK,Jeep,Compass,2026,New,156,35090,39995,43308,47070,51402,43287,17,59
SK,Jeep,Compass,2026,Used,20,34140,34215,35965,42348,48781,38957,1052,59
SK,Jeep,Gladiator,2026,New,48,59078,60954,67030,78905,81451,69124,20,62
SK,Jeep,Grand Cherokee,2018,Used,13,17479,19286,21495,28900,29933,23636,143140,41
SK,Jeep,Grand Cherokee,2019,Used,10,17236,19671,23495,27297,32394,25641,159757,36
SK,Jeep,Grand Cherokee,2020,Used,17,20594,27138,30839,33991,35794,29429,102631,42
SK,Jeep,Grand Cherokee,2021,Used,32,26020,29900,32942,35262,38810,32343,108655,38
SK,Jeep,Grand Cherokee,2022,Used,16,26920,29297,34299,40956,47450,36548,108488,55
SK,Jeep,Grand Cherokee,2023,Used,46,36012,39224,42993,49991,59948,46061,55088,56
SK,Jeep,Grand Cherokee,2024,Used,19,37831,39448,41995,49683,56918,45066,59845,54
SK,Jeep,Grand Cherokee,2025,New,24,53316,56172,58348,62165,71278,60485,10,62
SK,Jeep,Grand Cherokee,2025,Used,18,48890,53971,64471,68650,73006,61962,3628,58
SK,Jeep,Grand Cherokee,2026,New,203,64677,67718,70811,73811,76090,71150,20,59
SK,Jeep,Grand Cherokee,2027,New,10,71328,71604,72050,72092,78305,73101,0,8
SK,Jeep,Grand Cherokee L,2022,Used,13,29120,33999,38726,40476,45795,38062,93501,59
SK,Jeep,Grand Cherokee L,2023,Used,15,33077,38638,40995,47948,50663,42446,74876,47
SK,Jeep,Grand Cherokee L,2024,Used,13,42036,44774,46379,48998,53324,48305,40386,51
SK,Jeep,Grand Cherokee L,2026,New,81,69096,70455,74585,77075,79075,74341,21,58
SK,Jeep,Grand Cherokee L,2027,New,11,73975,74550,80085,80580,90385,79882,,20
SK,Jeep,Grand Wagoneer,2026,New,45,96171,97585,99685,104285,117432,103197,20,59
SK,Jeep,Grand Wagoneer L,2026,New,20,97190,98935,101510,109141,110822,103355,0,61
SK,Jeep,Wagoneer,2023,Used,14,50898,57565,64997,70444,72550,64185,77905,32
SK,Jeep,Wrangler,2018,Used,10,25710,27482,29588,29997,32030,28932,98261,20
SK,Jeep,Wrangler,2021,Used,11,33900,35693,37595,39494,41900,37522,80457,39
SK,Jeep,Wrangler,2023,Used,17,33594,35199,40398,44945,46017,41832,44484,33
SK,Jeep,Wrangler,2024,Used,26,43496,46303,48966,51965,53429,49366,24388,34
SK,Jeep,Wrangler,2025,Used,14,51230,52718,53904,56798,68098,56116,1400,58
SK,Jeep,Wrangler,2026,New,117,47599,61501,66949,78770,91196,69857,14,59
SK,Kia,K4,2026,New,11,26330,27828,29095,31955,34130,30174,21,24
SK,Kia,Niro EV,2026,New,11,50980,50980,50980,50980,50980,50977,17,23
SK,Kia,Seltos,2027,New,17,32030,34725,34975,38495,39964,35892,26,16
SK,Kia,Sorento,2019,Used,10,10895,15563,16544,19981,22098,17037,127381,37
SK,Kia,Sorento,2026,New,27,48168,49172,51180,54454,58538,52292,17,51
SK,Kia,Sportage,2023,Used,10,21799,25052,27356,29490,34972,26738,84501,56
SK,Kia,Sportage,2026,New,58,36930,39990,43570,47021,48611,43564,18,47
SK,Kia,Sportage,2027,New,20,44155,46175,46175,47679,52450,47410,36,10
SK,Land Rover,Range Rover Sport,2026,New,10,113564,116076,120217,143091,158744,130099,17,33
SK,Lexus,NX,2026,New,15,59562,62294,63604,70626,74893,66618,15,43
SK,Lexus,RX,2026,New,25,65954,68258,75357,80892,83364,75404,15,43
SK,Lexus,TX,2026,New,11,74284,75732,76762,77037,85265,77790,0,43
SK,Lincoln,Aviator,2026,New,18,81739,84800,88664,89871,92391,87663,10,62
SK,Lincoln,Nautilus,2026,New,37,59789,60612,64795,68404,79796,66834,15,37
SK,Lincoln,Navigator,2026,New,10,125602,127031,130618,131319,143942,131787,4,62
SK,Mazda,CX-30,2026,New,30,37380,37771,43326,45972,46050,42058,12,54
SK,Mazda,CX-5,2025,Used,12,32991,34258,35222,36911,38706,35934,55049,16
SK,Mazda,CX-5,2026,New,228,40911,43764,44356,49356,51806,45944,0,39
SK,Mazda,CX-70,2025,Used,10,37516,38299,40968,41917,43090,40293,62727,39
SK,Mazda,CX-70,2026,New,30,54914,59220,63378,64465,67951,62475,6,54
SK,Mazda,CX-90,2026,New,41,59664,60164,63864,67580,68920,63656,10,54
SK,Mazda,Mazda3,2026,New,42,30578,35099,37843,41628,43998,37922,10,54
SK,Mercedes-Benz,GLA-Class,2026,New,17,63227,64030,65926,66926,69406,66528,90,54
SK,Mercedes-Benz,GLB-Class,2026,New,11,68830,69178,70226,70478,71226,69964,16,54
SK,Mercedes-Benz,GLC-Class,2026,New,57,76426,78976,80576,84276,92159,82955,12,61
SK,Mercedes-Benz,GLE-Class,2026,New,38,104319,104819,111911,121028,148211,118747,10,61
SK,Mitsubishi,Eclipse Cross,2026,New,63,32283,35423,35973,40873,41413,37236,25,51
SK,Mitsubishi,Outlander,2026,New,116,41723,46523,49673,51036,53873,49006,25,58
SK,Mitsubishi,RVR,2024,Used,13,24132,26706,27219,29900,29982,27262,55083,31
SK,Mitsubishi,RVR,2026,New,36,27523,29486,31573,33973,34823,31918,20,58
SK,Nissan,Kicks,2024,Used,14,21916,23621,24649,25963,25998,24324,43362,18
SK,Nissan,Kicks,2025,New,10,24892,25371,28067,33469,34302,28909,16,51
SK,Nissan,Kicks,2025,Used,18,22660,24246,28050,32853,34995,28405,13536,46
SK,Nissan,Kicks,2026,New,100,31394,32507,33647,34993,36514,33740,15,53
SK,Nissan,Kicks,2026,Used,22,28995,31492,33685,36289,40093,33938,2170,33
SK,Nissan,Pathfinder,2024,Used,18,38153,39921,41288,43173,45978,41722,52633,43
SK,Nissan,Rogue,2018,Used,10,11385,13574,15194,16967,18598,15626,156373,28
SK,Nissan,Rogue,2023,Used,27,25995,27332,29498,30248,31649,28976,40102,51
SK,Nissan,Rogue,2024,Used,26,26101,27970,28698,30974,33716,29428,46056,38
SK,Nissan,Rogue,2025,Used,23,29659,30654,31888,33608,43169,33662,44505,51
SK,Nissan,Rogue,2026,New,147,34934,37278,42414,46773,49078,42378,15,53
SK,Nissan,Rogue,2026,Used,28,32995,33995,38995,43423,44995,39087,2163,53
SK,Nissan,Sentra,2026,New,30,29058,30867,32404,35198,35832,32744,15,56
SK,Porsche,Cayenne,2026,New,13,132947,134188,142780,149956,155615,142932,90,40
SK,Porsche,Macan,2026,New,23,90254,92065,93330,116968,120940,102015,90,40
SK,Ram,1500,2017,Used,17,16337,18438,23998,27900,30571,23735,179974,43
SK,Ram,1500,2018,Used,12,19081,20582,25948,29471,32786,25652,174757,22
SK,Ram,1500,2019,Used,25,25138,26499,31299,34999,39607,31987,156232,38
SK,Ram,1500,2020,Used,19,25776,32168,37495,42172,43108,36288,134715,53
SK,Ram,1500,2021,Used,20,27595,32724,35095,40745,44888,36370,140960,35
SK,Ram,1500,2022,Used,66,36492,40386,44996,48997,57495,45488,94326,38
SK,Ram,1500,2023,Used,35,39355,43295,55935,58495,62795,54690,64366,36
SK,Ram,1500,2024,Used,22,45150,52248,56576,63130,66166,56464,51984,34
SK,Ram,1500,2025,Used,48,51858,58997,65497,73542,78295,66437,19854,52
SK,Ram,1500,2026,New,643,66579,73720,82900,90282,103319,84101,10,59
SK,Ram,1500,2026,Used,29,69137,76900,82190,91407,95460,82967,1120,58
SK,Ram,1500,2027,New,147,73630,76545,89680,97145,115927,89717,0,13
SK,Ram,1500 Classic,2019,Used,16,19492,23243,26492,28498,34940,26415,153991,24
SK,Ram,1500 Classic,2021,Used,11,26900,27492,33492,34400,35995,31540,127731,24
SK,Ram,1500 Classic,2022,Used,15,29766,33514,37225,40218,41925,36784,78624,30
SK,Ram,1500 Classic,2023,Used,29,32406,33998,38398,40407,44238,38325,76446,43
SK,Ram,2500,2023,Used,15,66757,68995,75495,81882,84138,75772,61751,43
SK,Ram,2500,2024,Used,20,66660,69745,77944,84410,86900,76441,47188,34
SK,Ram,2500,2026,New,146,81110,90590,103560,112330,118455,101696,16,59
SK,Ram,2500,2027,New,33,97075,104341,105890,107895,119625,107925,8,20
SK,Ram,3500,2024,Used,13,58820,60122,70900,79819,83850,71171,45390,34
SK,Ram,3500,2026,New,99,88516,94908,99840,115235,121219,103678,8,62
SK,Ram,3500,2027,New,29,105990,107085,111350,123790,131872,115514,0,25
SK,Subaru,Crosstrek,2024,Used,10,29995,31471,33495,35895,36153,33624,33478,36
SK,Subaru,Crosstrek,2026,New,77,38076,38415,39915,42915,44312,40321,10,36
SK,Subaru,Forester,2026,New,68,41716,42018,46518,46676,51515,45622,10,42
SK,Toyota,Corolla,2026,New,11,29490,29620,31274,31662,31739,30674,33,21
SK,Toyota,RAV4,2021,Used,14,30240,31201,33492,34994,37017,33474,98036,28
SK,Toyota,RAV4,2023,Used,17,34995,35995,39995,43900,47699,40648,60150,36
SK,Toyota,RAV4,2024,Used,20,35876,37289,39845,46138,47735,41473,72168,32
SK,Toyota,RAV4,2025,Used,38,38902,39978,44128,48408,49863,44298,39392,23
SK,Toyota,Tacoma,2024,Used,11,52958,55600,57798,65948,72900,61000,31328,12
SK,Toyota,Tacoma,2026,New,16,48895,54421,68192,83657,89029,68819,8,40
SK,Toyota,Tundra,2024,Used,10,52933,60126,64796,72971,74100,65026,40990,42
SK,Toyota,Tundra,2026,New,66,64460,70308,78392,86759,94594,79259,10,43
SK,Volkswagen,Atlas,2026,New,68,62498,64960,67006,67540,68472,65852,11,62
SK,Volkswagen,Atlas Cross Sport,2026,New,34,61740,62440,64322,65965,67232,64256,14,62
SK,Volkswagen,Golf R,2026,New,12,58622,58622,59490,60840,63090,59926,12,62
SK,Volkswagen,Jetta,2026,New,20,33428,35140,36472,36597,39472,36214,90,62
SK,Volkswagen,Taos,2025,New,39,29999,29999,29999,29999,29999,30149,11,37
SK,Volkswagen,Taos,2025,Used,15,27997,28586,29999,32747,34595,31202,22241,55
SK,Volkswagen,Taos,2026,New,62,38097,43100,43100,43772,45050,42872,12,62
SK,Volkswagen,Taos,2026,Used,10,34430,34688,35014,39126,42071,36936,14085,56
SK,Volkswagen,Tiguan,2024,Used,14,28144,28767,29560,32072,36792,31154,60524,60
SK,Volkswagen,Tiguan,2026,New,57,42837,43022,46522,49690,51022,47156,90,39
SK,Volvo,XC40,2026,New,16,57786,61717,62206,64157,65178,62030,22,50
SK,Volvo,XC60,2027,New,15,66582,72666,73666,76191,77566,73388,6,15
YT,Chevrolet,Silverado 1500,2026,New,29,60816,62102,68218,70512,74417,67693,5,22
YT,Ford,Bronco Sport,2026,New,17,38922,39865,45998,47369,48859,44486,14,50
YT,Ford,F-150,2026,New,12,69395,69791,71133,72245,79625,74820,14,51
YT,GMC,Sierra 1500,2026,New,15,62877,69898,71921,87488,92570,76704,5,36
YT,Nissan,Kicks,2026,New,14,31785,33495,34495,34995,36495,34281,5,56
YT,Nissan,Rogue,2026,New,12,37995,37995,40995,45495,45945,41074,5,29
